# MagicaVoxel @ Ephtracy

# group
o 

# material
mtllib 58482.mtl
usemtl palette

# normals
vn -1 0 0
vn 1 0 0
vn 0 0 1
vn 0 0 -1
vn 0 -1 0
vn 0 1 0

# texcoords
vt 0.00195312 0.5
vt 0.169922 0.5
vt 0.337891 0.5
vt 0.505859 0.5
vt 0.673828 0.5
vt 0.677734 0.5
vt 0.876953 0.5
vt 0.958984 0.5
vt 0.962891 0.5
vt 0.966797 0.5
vt 0.970703 0.5
vt 0.974609 0.5
vt 0.978516 0.5
vt 0.982422 0.5
vt 0.986328 0.5
vt 0.990234 0.5
vt 0.994141 0.5

# verts
v -12.2 14.3 1
v -12.2 14.3 0.6
v -12.2 14.3 2.38419e-07
v -12.2 14.3 -0.4
v -12.2 14.4 1.1
v -12.2 14.4 1
v -12.2 14.4 0.9
v -12.2 14.4 0.7
v -12.2 14.4 0.6
v -12.2 14.4 0.4
v -12.2 14.4 0.2
v -12.2 14.4 2.38419e-07
v -12.2 14.4 -0.0999997
v -12.2 14.4 -0.3
v -12.2 14.4 -0.4
v -12.2 14.4 -0.5
v -12.2 14.5 1.2
v -12.2 14.5 1.1
v -12.2 14.5 1
v -12.2 14.5 0.9
v -12.2 14.5 0.7
v -12.2 14.5 0.6
v -12.2 14.5 2.38419e-07
v -12.2 14.5 -0.0999997
v -12.2 14.5 -0.3
v -12.2 14.5 -0.4
v -12.2 14.5 -0.5
v -12.2 14.5 -0.6
v -12.2 14.6 1.1
v -12.2 14.6 1
v -12.2 14.6 0.6
v -12.2 14.6 0.5
v -12.2 14.6 0.1
v -12.2 14.6 2.38419e-07
v -12.2 14.6 -0.4
v -12.2 14.6 -0.5
v -12.2 14.8 1.1
v -12.2 14.8 1
v -12.2 14.8 0.6
v -12.2 14.8 0.5
v -12.2 14.8 0.1
v -12.2 14.8 2.38419e-07
v -12.2 14.8 -0.4
v -12.2 14.8 -0.5
v -12.2 14.9 1.2
v -12.2 14.9 1.1
v -12.2 14.9 1
v -12.2 14.9 0.9
v -12.2 14.9 0.7
v -12.2 14.9 0.6
v -12.2 14.9 0.4
v -12.2 14.9 0.2
v -12.2 14.9 2.38419e-07
v -12.2 14.9 -0.0999997
v -12.2 14.9 -0.3
v -12.2 14.9 -0.4
v -12.2 14.9 -0.5
v -12.2 14.9 -0.6
v -12.2 15 1.1
v -12.2 15 1
v -12.2 15 0.9
v -12.2 15 0.7
v -12.2 15 0.4
v -12.2 15 0.2
v -12.2 15 -0.0999997
v -12.2 15 -0.3
v -12.2 15 -0.4
v -12.2 15 -0.5
v -12.2 15.1 1
v -12.2 15.1 0.7
v -12.2 15.1 0.5
v -12.2 15.1 0.4
v -12.2 15.1 0.2
v -12.2 15.1 0.1
v -12.2 15.1 -0.0999997
v -12.2 15.1 -0.4
v -12.2 15.2 0.6
v -12.2 15.2 0.5
v -12.2 15.2 0.1
v -12.2 15.2 2.38419e-07
v -12.2 15.4 0.6
v -12.2 15.4 0.5
v -12.2 15.4 0.1
v -12.2 15.4 2.38419e-07
v -12.2 15.5 0.7
v -12.2 15.5 0.6
v -12.2 15.5 0.5
v -12.2 15.5 0.4
v -12.2 15.5 0.2
v -12.2 15.5 0.1
v -12.2 15.5 2.38419e-07
v -12.2 15.5 -0.0999997
v -12.2 15.6 0.6
v -12.2 15.6 0.5
v -12.2 15.6 0.4
v -12.2 15.6 0.2
v -12.2 15.6 0.1
v -12.2 15.6 2.38419e-07
v -12.2 15.7 0.5
v -12.2 15.7 0.1
v -12.1 14.2 2.38419e-07
v -12.1 14.2 -0.4
v -12.1 14.3 1.1
v -12.1 14.3 1
v -12.1 14.3 0.6
v -12.1 14.3 2.38419e-07
v -12.1 14.3 -0.4
v -12.1 14.3 -0.5
v -12.1 14.4 1.2
v -12.1 14.4 1.1
v -12.1 14.4 1
v -12.1 14.4 0.9
v -12.1 14.4 0.7
v -12.1 14.4 0.6
v -12.1 14.4 0.4
v -12.1 14.4 0.2
v -12.1 14.4 2.38419e-07
v -12.1 14.4 -0.0999997
v -12.1 14.4 -0.3
v -12.1 14.4 -0.4
v -12.1 14.4 -0.5
v -12.1 14.4 -0.6
v -12.1 14.5 1.3
v -12.1 14.5 1.2
v -12.1 14.5 1.1
v -12.1 14.5 1
v -12.1 14.5 0.9
v -12.1 14.5 0.7
v -12.1 14.5 0.6
v -12.1 14.5 0.4
v -12.1 14.5 0.2
v -12.1 14.5 2.38419e-07
v -12.1 14.5 -0.0999997
v -12.1 14.5 -0.3
v -12.1 14.5 -0.4
v -12.1 14.5 -0.5
v -12.1 14.5 -0.6
v -12.1 14.5 -0.7
v -12.1 14.6 1.1
v -12.1 14.6 1
v -12.1 14.6 0.6
v -12.1 14.6 0.5
v -12.1 14.6 0.1
v -12.1 14.6 2.38419e-07
v -12.1 14.6 -0.4
v -12.1 14.6 -0.5
v -12.1 14.8 1.1
v -12.1 14.8 1
v -12.1 14.8 0.6
v -12.1 14.8 0.5
v -12.1 14.8 0.1
v -12.1 14.8 2.38419e-07
v -12.1 14.8 -0.4
v -12.1 14.8 -0.5
v -12.1 14.9 1.3
v -12.1 14.9 1.2
v -12.1 14.9 1.1
v -12.1 14.9 1
v -12.1 14.9 0.9
v -12.1 14.9 0.7
v -12.1 14.9 0.6
v -12.1 14.9 2.38419e-07
v -12.1 14.9 -0.0999997
v -12.1 14.9 -0.3
v -12.1 14.9 -0.4
v -12.1 14.9 -0.5
v -12.1 14.9 -0.6
v -12.1 14.9 -0.7
v -12.1 15 1.2
v -12.1 15 1.1
v -12.1 15 1
v -12.1 15 0.9
v -12.1 15 0.7
v -12.1 15 0.4
v -12.1 15 0.2
v -12.1 15 -0.0999997
v -12.1 15 -0.3
v -12.1 15 -0.4
v -12.1 15 -0.5
v -12.1 15 -0.6
v -12.1 15.1 1.1
v -12.1 15.1 1
v -12.1 15.1 0.7
v -12.1 15.1 0.5
v -12.1 15.1 0.4
v -12.1 15.1 0.2
v -12.1 15.1 0.1
v -12.1 15.1 -0.0999997
v -12.1 15.1 -0.4
v -12.1 15.1 -0.5
v -12.1 15.2 1
v -12.1 15.2 0.8
v -12.1 15.2 0.6
v -12.1 15.2 0.5
v -12.1 15.2 0.1
v -12.1 15.2 2.38419e-07
v -12.1 15.2 -0.2
v -12.1 15.2 -0.4
v -12.1 15.4 0.6
v -12.1 15.4 0.5
v -12.1 15.4 0.1
v -12.1 15.4 2.38419e-07
v -12.1 15.5 0.8
v -12.1 15.5 0.7
v -12.1 15.5 0.6
v -12.1 15.5 0.5
v -12.1 15.5 0.4
v -12.1 15.5 0.2
v -12.1 15.5 0.1
v -12.1 15.5 2.38419e-07
v -12.1 15.5 -0.0999997
v -12.1 15.5 -0.2
v -12.1 15.6 0.7
v -12.1 15.6 0.6
v -12.1 15.6 0.5
v -12.1 15.6 0.4
v -12.1 15.6 0.2
v -12.1 15.6 0.1
v -12.1 15.6 2.38419e-07
v -12.1 15.6 -0.0999997
v -12.1 15.7 0.6
v -12.1 15.7 0.5
v -12.1 15.7 0.1
v -12.1 15.7 2.38419e-07
v -12.1 15.8 0.5
v -12.1 15.8 0.1
v -12 14.2 1
v -12 14.2 0.6
v -12 14.3 1
v -12 14.3 0.6
v -11.8 14.2 1.1
v -11.8 14.2 1
v -11.8 14.2 0.6
v -11.8 14.2 2.38419e-07
v -11.8 14.2 -0.4
v -11.8 14.2 -0.5
v -11.8 14.3 1.1
v -11.8 14.3 1
v -11.8 14.3 0.6
v -11.8 14.3 2.38419e-07
v -11.8 14.3 -0.4
v -11.8 14.3 -0.5
v -11.8 14.3 -0.6
v -11.8 14.4 -0.5
v -11.8 14.4 -0.6
v -11.6 13.7 0.9
v -11.6 13.7 -0.3
v -11.6 13.8 1
v -11.6 13.8 0.9
v -11.6 13.8 -0.3
v -11.6 13.8 -0.4
v -11.6 13.9 1.1
v -11.6 13.9 1
v -11.6 13.9 -0.4
v -11.6 13.9 -0.5
v -11.6 14.2 1.1
v -11.6 14.2 -0.5
v -11.6 14.4 1.1
v -11.6 14.4 0.5
v -11.6 14.4 0.1
v -11.6 14.4 -0.5
v -11.6 14.5 0.5
v -11.6 14.5 0.4
v -11.6 14.5 0.2
v -11.6 14.5 0.1
v -9.5 13.3 0.5
v -9.5 13.3 2.38419e-07
v -9.5 13.7 0.5
v -9.5 13.7 2.38419e-07
v -9.4 11.1 0.5
v -9.4 11.1 2.38419e-07
v -9.4 11.5 2.38419e-07
v -9.4 11.5 -0.0999997
v -9.4 11.6 0.5
v -9.4 11.6 2.38419e-07
v -9.4 11.6 -0.0999997
v -9.4 12.1 0.5
v -9.4 12.1 2.38419e-07
v -9.4 12.5 2.38419e-07
v -9.4 12.5 -0.0999997
v -9.4 12.8 0.5
v -9.4 12.8 2.38419e-07
v -9.4 12.8 -0.0999997
v -9.4 12.9 0.5
v -9.4 12.9 2.38419e-07
v -9.4 13.3 0.5
v -9.4 13.3 2.38419e-07
v -9.4 13.3 -0.0999997
v -9.4 13.7 2.38419e-07
v -9.4 13.7 -0.0999997
v -9.3 9.7 0.5
v -9.3 9.7 2.38419e-07
v -9.3 10.3 0.5
v -9.3 10.3 2.38419e-07
v -9.3 10.3 -0.0999997
v -9.3 10.5 0.5
v -9.3 10.5 2.38419e-07
v -9.3 10.5 -0.0999997
v -9.3 10.7 0.5
v -9.3 10.7 2.38419e-07
v -9.3 11.1 0.5
v -9.3 11.1 2.38419e-07
v -9.3 11.1 -0.0999997
v -9.3 11.5 0.7
v -9.3 11.5 0.5
v -9.3 11.5 2.38419e-07
v -9.3 11.5 -0.0999997
v -9.3 11.5 -0.2
v -9.3 11.6 0.7
v -9.3 11.6 0.5
v -9.3 11.6 2.38419e-07
v -9.3 11.6 -0.0999997
v -9.3 11.6 -0.2
v -9.3 12.1 0.7
v -9.3 12.1 0.5
v -9.3 12.1 2.38419e-07
v -9.3 12.1 -0.0999997
v -9.3 12.1 -0.2
v -9.3 12.5 2.38419e-07
v -9.3 12.5 -0.0999997
v -9.3 12.8 0.7
v -9.3 12.8 0.5
v -9.3 12.8 2.38419e-07
v -9.3 12.8 -0.0999997
v -9.3 12.8 -0.2
v -9.3 12.9 0.7
v -9.3 12.9 0.5
v -9.3 12.9 2.38419e-07
v -9.3 12.9 -0.0999997
v -9.3 12.9 -0.2
v -9.3 13.3 0.5
v -9.3 13.3 2.38419e-07
v -9.3 13.3 -0.0999997
v -9.3 13.7 0.7
v -9.3 13.7 0.5
v -9.3 13.7 -0.0999997
v -9.3 13.7 -0.2
v -9.3 14.3 1.2
v -9.3 14.3 1.1
v -9.3 14.3 -0.5
v -9.3 14.3 -0.6
v -9.3 14.4 1.1
v -9.3 14.4 -0.5
v -9.3 14.5 1.3
v -9.3 14.5 1.2
v -9.3 14.5 1.1
v -9.3 14.5 -0.5
v -9.3 14.5 -0.6
v -9.3 14.5 -0.7
v -9.3 14.9 1.3
v -9.3 14.9 1.2
v -9.3 14.9 1.1
v -9.3 14.9 -0.5
v -9.3 14.9 -0.6
v -9.3 14.9 -0.7
v -9.3 15 1.2
v -9.3 15 1.1
v -9.3 15 1
v -9.3 15 -0.4
v -9.3 15 -0.5
v -9.3 15 -0.6
v -9.3 15.1 1.1
v -9.3 15.1 1
v -9.3 15.1 0.7
v -9.3 15.1 -0.0999997
v -9.3 15.1 -0.4
v -9.3 15.1 -0.5
v -9.3 15.2 1
v -9.3 15.2 0.8
v -9.3 15.2 -0.2
v -9.3 15.2 -0.4
v -9.3 15.5 0.8
v -9.3 15.5 0.7
v -9.3 15.5 0.6
v -9.3 15.5 2.38419e-07
v -9.3 15.5 -0.0999997
v -9.3 15.5 -0.2
v -9.3 15.6 0.7
v -9.3 15.6 0.6
v -9.3 15.6 0.5
v -9.3 15.6 0.1
v -9.3 15.6 2.38419e-07
v -9.3 15.6 -0.0999997
v -9.3 15.7 0.6
v -9.3 15.7 0.5
v -9.3 15.7 0.1
v -9.3 15.7 2.38419e-07
v -9.3 15.8 0.5
v -9.3 15.8 0.1
v -9.2 9.5 0.5
v -9.2 9.5 -0.0999997
v -9.2 9.7 0.7
v -9.2 9.7 0.5
v -9.2 9.7 2.38419e-07
v -9.2 9.7 -0.0999997
v -9.2 9.7 -0.2
v -9.2 10.3 0.5
v -9.2 10.3 2.38419e-07
v -9.2 10.3 -0.0999997
v -9.2 10.5 0.7
v -9.2 10.5 0.5
v -9.2 10.5 2.38419e-07
v -9.2 10.5 -0.0999997
v -9.2 10.5 -0.2
v -9.2 10.7 0.7
v -9.2 10.7 0.5
v -9.2 10.7 2.38419e-07
v -9.2 10.7 -0.0999997
v -9.2 10.7 -0.2
v -9.2 11.1 0.5
v -9.2 11.1 2.38419e-07
v -9.2 11.1 -0.0999997
v -9.2 11.5 0.8
v -9.2 11.5 0.7
v -9.2 11.5 0.5
v -9.2 11.5 -0.0999997
v -9.2 11.5 -0.2
v -9.2 11.5 -0.3
v -9.2 11.6 0.8
v -9.2 11.6 0.7
v -9.2 11.6 0.5
v -9.2 11.6 -0.0999997
v -9.2 11.6 -0.2
v -9.2 11.6 -0.3
v -9.2 12.1 0.7
v -9.2 12.1 0.5
v -9.2 12.1 -0.0999997
v -9.2 12.1 -0.2
v -9.2 12.5 0.8
v -9.2 12.5 0.7
v -9.2 12.5 -0.2
v -9.2 12.5 -0.3
v -9.2 12.8 0.8
v -9.2 12.8 0.7
v -9.2 12.8 0.5
v -9.2 12.8 -0.0999997
v -9.2 12.8 -0.2
v -9.2 12.8 -0.3
v -9.2 12.9 0.7
v -9.2 12.9 0.5
v -9.2 12.9 -0.0999997
v -9.2 12.9 -0.2
v -9.2 13.1 0.8
v -9.2 13.1 0.7
v -9.2 13.1 -0.2
v -9.2 13.1 -0.3
v -9.2 13.7 0.8
v -9.2 13.7 0.7
v -9.2 13.7 -0.2
v -9.2 13.7 -0.3
v -9.2 14.2 1.2
v -9.2 14.2 1.1
v -9.2 14.2 -0.5
v -9.2 14.2 -0.6
v -9.2 14.3 1.2
v -9.2 14.3 1.1
v -9.2 14.3 -0.5
v -9.2 14.3 -0.6
v -9.1 9.5 0.7
v -9.1 9.5 0.5
v -9.1 9.5 -0.0999997
v -9.1 9.5 -0.2
v -9.1 9.7 0.7
v -9.1 9.7 0.5
v -9.1 9.7 -0.0999997
v -9.1 9.7 -0.2
v -9.1 10.3 0.8
v -9.1 10.3 0.7
v -9.1 10.3 -0.2
v -9.1 10.3 -0.3
v -9.1 10.5 0.8
v -9.1 10.5 0.7
v -9.1 10.5 0.5
v -9.1 10.5 -0.0999997
v -9.1 10.5 -0.2
v -9.1 10.5 -0.3
v -9.1 10.7 0.8
v -9.1 10.7 0.7
v -9.1 10.7 0.5
v -9.1 10.7 -0.0999997
v -9.1 10.7 -0.2
v -9.1 10.7 -0.3
v -9.1 11.5 0.8
v -9.1 11.5 0.7
v -9.1 11.5 -0.2
v -9.1 11.5 -0.3
v -9.1 11.6 0.8
v -9.1 11.6 0.7
v -9.1 11.6 -0.2
v -9.1 11.6 -0.3
v -9.1 12.5 0.8
v -9.1 12.5 0.7
v -9.1 12.5 -0.2
v -9.1 12.5 -0.3
v -9.1 12.8 0.8
v -9.1 12.8 0.7
v -9.1 12.8 -0.2
v -9.1 12.8 -0.3
v -9.1 13.1 0.8
v -9.1 13.1 0.7
v -9.1 13.1 -0.2
v -9.1 13.1 -0.3
v -9 9.5 0.8
v -9 9.5 0.7
v -9 9.5 -0.2
v -9 9.5 -0.3
v -9 10.3 0.8
v -9 10.3 0.7
v -9 10.3 -0.2
v -9 10.3 -0.3
v -9 10.5 0.8
v -9 10.5 0.7
v -9 10.5 -0.2
v -9 10.5 -0.3
v -9 10.7 0.8
v -9 10.7 0.7
v -9 10.7 -0.2
v -9 10.7 -0.3
v -8.9 9.4 0.8
v -8.9 9.4 -0.3
v -8.9 9.5 0.8
v -8.9 9.5 -0.3
v -6.6 14.3 1.2
v -6.6 14.3 1.1
v -6.6 14.3 -0.5
v -6.6 14.3 -0.6
v -6.6 14.4 1.1
v -6.6 14.4 -0.5
v -6.6 14.5 1.3
v -6.6 14.5 1.2
v -6.6 14.5 1.1
v -6.6 14.5 -0.5
v -6.6 14.5 -0.6
v -6.6 14.5 -0.7
v -6.6 14.9 1.3
v -6.6 14.9 1.2
v -6.6 14.9 1.1
v -6.6 14.9 -0.5
v -6.6 14.9 -0.6
v -6.6 14.9 -0.7
v -6.6 15 1.2
v -6.6 15 1.1
v -6.6 15 1
v -6.6 15 -0.4
v -6.6 15 -0.5
v -6.6 15 -0.6
v -6.6 15.1 1.1
v -6.6 15.1 1
v -6.6 15.1 0.7
v -6.6 15.1 -0.0999997
v -6.6 15.1 -0.4
v -6.6 15.1 -0.5
v -6.6 15.2 1
v -6.6 15.2 0.8
v -6.6 15.2 -0.2
v -6.6 15.2 -0.4
v -6.6 15.5 0.8
v -6.6 15.5 0.7
v -6.6 15.5 0.6
v -6.6 15.5 2.38419e-07
v -6.6 15.5 -0.0999997
v -6.6 15.5 -0.2
v -6.6 15.6 0.7
v -6.6 15.6 0.6
v -6.6 15.6 0.5
v -6.6 15.6 0.1
v -6.6 15.6 2.38419e-07
v -6.6 15.6 -0.0999997
v -6.6 15.7 0.6
v -6.6 15.7 0.5
v -6.6 15.7 0.1
v -6.6 15.7 2.38419e-07
v -6.6 15.8 0.5
v -6.6 15.8 0.1
v -6.5 14.2 1.2
v -6.5 14.2 1.1
v -6.5 14.2 -0.5
v -6.5 14.2 -0.6
v -6.5 14.3 1.2
v -6.5 14.3 1.1
v -6.5 14.3 -0.5
v -6.5 14.3 -0.6
v -6.2 13.6 0.3
v -6.2 13.6 0.1
v -6.2 13.7 0.4
v -6.2 13.7 0.3
v -6.2 13.7 0.1
v -6.2 13.7 2.38419e-07
v -6.2 13.8 0.4
v -6.2 13.8 0.3
v -6.2 13.8 0.1
v -6.2 13.8 2.38419e-07
v -6.2 13.9 0.3
v -6.2 13.9 0.1
v -6.1 13.6 0.4
v -6.1 13.6 0.3
v -6.1 13.6 0.1
v -6.1 13.6 2.38419e-07
v -6.1 13.7 0.4
v -6.1 13.7 0.3
v -6.1 13.7 0.1
v -6.1 13.7 2.38419e-07
v -6.1 13.8 0.4
v -6.1 13.8 0.3
v -6.1 13.8 0.1
v -6.1 13.8 2.38419e-07
v -6.1 13.9 0.4
v -6.1 13.9 0.3
v -6.1 13.9 0.1
v -6.1 13.9 2.38419e-07
v -6.1 14.5 1.4
v -6.1 14.5 1.2
v -6.1 14.5 0.4
v -6.1 14.5 0.2
v -6.1 14.5 -0.6
v -6.1 14.5 -0.8
v -6.1 14.9 1.2
v -6.1 14.9 1.1
v -6.1 14.9 0.4
v -6.1 14.9 0.2
v -6.1 14.9 -0.5
v -6.1 14.9 -0.6
v -6.1 15 1.1
v -6.1 15 1
v -6.1 15 -0.4
v -6.1 15 -0.5
v -6.1 15.1 1
v -6.1 15.1 0.7
v -6.1 15.1 -0.0999997
v -6.1 15.1 -0.4
v -6.1 15.5 0.7
v -6.1 15.5 0.6
v -6.1 15.5 2.38419e-07
v -6.1 15.5 -0.0999997
v -6.1 15.6 1.4
v -6.1 15.6 1.3
v -6.1 15.6 0.6
v -6.1 15.6 0.5
v -6.1 15.6 0.1
v -6.1 15.6 2.38419e-07
v -6.1 15.6 -0.7
v -6.1 15.6 -0.8
v -6.1 15.7 1.3
v -6.1 15.7 1.1
v -6.1 15.7 0.5
v -6.1 15.7 0.1
v -6.1 15.7 -0.5
v -6.1 15.7 -0.7
v -6.1 15.8 1.1
v -6.1 15.8 -0.5
v -6 14.1 1.1
v -6 14.1 -0.5
v -6 14.2 1.1
v -6 14.2 -0.5
v -6 14.4 1.4
v -6 14.4 1.1
v -6 14.4 -0.5
v -6 14.4 -0.8
v -6 14.5 1.4
v -6 14.5 1.1
v -6 14.5 -0.5
v -6 14.5 -0.8
v -5.9 14.3 1.4
v -5.9 14.3 1.1
v -5.9 14.3 -0.5
v -5.9 14.3 -0.8
v -5.9 14.4 1.4
v -5.9 14.4 1.1
v -5.9 14.4 -0.5
v -5.9 14.4 -0.8
v -5.8 14.2 1.4
v -5.8 14.2 1.1
v -5.8 14.2 -0.5
v -5.8 14.2 -0.8
v -5.8 14.3 1.4
v -5.8 14.3 1.1
v -5.8 14.3 -0.5
v -5.8 14.3 -0.8
v -5.7 14 1.1
v -5.7 14 -0.5
v -5.7 14.1 1.4
v -5.7 14.1 1.1
v -5.7 14.1 -0.5
v -5.7 14.1 -0.8
v -5.7 14.2 1.4
v -5.7 14.2 1.1
v -5.7 14.2 -0.5
v -5.7 14.2 -0.8
v -5.6 9.8 0.5
v -5.6 9.8 2.38419e-07
v -5.6 10.3 0.5
v -5.6 10.3 2.38419e-07
v -5.6 13.6 0.4
v -5.6 13.6 2.38419e-07
v -5.6 13.7 0.4
v -5.6 13.7 0.3
v -5.6 13.7 0.1
v -5.6 13.7 2.38419e-07
v -5.6 13.8 0.4
v -5.6 13.8 0.3
v -5.6 13.8 0.1
v -5.6 13.8 2.38419e-07
v -5.6 13.9 0.4
v -5.6 13.9 2.38419e-07
v -5.5 9.7 0.5
v -5.5 9.7 2.38419e-07
v -5.5 9.8 0.5
v -5.5 9.8 2.38419e-07
v -5.5 13.9 1.1
v -5.5 13.9 0.4
v -5.5 13.9 2.38419e-07
v -5.5 13.9 -0.5
v -5.5 14 1.4
v -5.5 14 1.1
v -5.5 14 -0.5
v -5.5 14 -0.8
v -5.5 14.1 1.4
v -5.5 14.1 1.1
v -5.5 14.1 -0.5
v -5.5 14.1 -0.8
v -5.4 9.6 0.5
v -5.4 9.6 2.38419e-07
v -5.4 9.7 0.5
v -5.4 9.7 2.38419e-07
v -5.1 13.4 0.4
v -5.1 13.4 2.38419e-07
v -5.1 13.5 0.5
v -5.1 13.5 0.4
v -5.1 13.5 2.38419e-07
v -5.1 13.5 -0.0999997
v -5.1 13.6 0.4
v -5.1 13.6 2.38419e-07
v -5.1 13.7 0.4
v -5.1 13.7 2.38419e-07
v -5.1 13.8 0.4
v -5.1 13.8 2.38419e-07
v -5.1 13.9 0.5
v -5.1 13.9 0.4
v -5.1 13.9 2.38419e-07
v -5.1 13.9 -0.0999997
v -5 9.5 0.5
v -5 9.5 2.38419e-07
v -5 9.6 0.5
v -5 9.6 2.38419e-07
v -5 10.6 0.7
v -5 10.6 -0.3
v -5 10.7 0.7
v -5 10.7 -0.3
v -5 10.8 0.7
v -5 10.8 -0.3
v -5 10.9 0.7
v -5 10.9 -0.3
v -5 11 0.8
v -5 11 -0.4
v -5 13.4 0.4
v -5 13.4 2.38419e-07
v -5 13.5 0.5
v -5 13.5 0.4
v -5 13.5 2.38419e-07
v -5 13.5 -0.0999997
v -5 13.9 0.8
v -5 13.9 0.5
v -5 13.9 -0.0999997
v -5 13.9 -0.4
v -4.9 10.3 0.5
v -4.9 10.3 2.38419e-07
v -4.9 10.4 0.5
v -4.9 10.4 2.38419e-07
v -4.8 10.9 0.8
v -4.8 10.9 0.7
v -4.8 10.9 -0.3
v -4.8 10.9 -0.4
v -4.8 11 0.8
v -4.8 11 -0.4
v -4.7 9.5 2.38419e-07
v -4.7 9.5 -0.0999997
v -4.7 10.4 0.5
v -4.7 10.4 0.4
v -4.7 10.4 2.38419e-07
v -4.7 10.6 0.5
v -4.7 10.6 0.4
v -4.7 10.6 2.38419e-07
v -4.7 10.6 -0.0999997
v -4.7 11 1.3
v -4.7 11 0.8
v -4.7 11 -0.4
v -4.7 11 -0.9
v -4.7 11.1 1.6
v -4.7 11.1 1.5
v -4.7 11.1 1.4
v -4.7 11.1 1.3
v -4.7 11.1 0.8
v -4.7 11.1 -0.4
v -4.7 11.1 -0.9
v -4.7 11.1 -1
v -4.7 11.1 -1.1
v -4.7 11.1 -1.2
v -4.7 11.2 1.7
v -4.7 11.2 1.6
v -4.7 11.2 1.5
v -4.7 11.2 1.4
v -4.7 11.2 -1
v -4.7 11.2 -1.1
v -4.7 11.2 -1.2
v -4.7 11.2 -1.3
v -4.7 11.3 1.8
v -4.7 11.3 1.7
v -4.7 11.3 -1.3
v -4.7 11.3 -1.4
v -4.7 11.4 1.9
v -4.7 11.4 1.8
v -4.7 11.4 -1.4
v -4.7 11.4 -1.5
v -4.7 11.5 2.2
v -4.7 11.5 1.9
v -4.7 11.5 -1.5
v -4.7 11.5 -1.8
v -4.7 11.6 2.3
v -4.7 11.6 2.2
v -4.7 11.6 -1.8
v -4.7 11.6 -1.9
v -4.7 11.7 0.9
v -4.7 11.7 0.8
v -4.7 11.7 -0.4
v -4.7 11.7 -0.5
v -4.7 11.8 1
v -4.7 11.8 0.9
v -4.7 11.8 -0.5
v -4.7 11.8 -0.6
v -4.7 11.9 2.4
v -4.7 11.9 2.3
v -4.7 11.9 1.2
v -4.7 11.9 1
v -4.7 11.9 -0.6
v -4.7 11.9 -0.8
v -4.7 11.9 -1.9
v -4.7 11.9 -2
v -4.7 12 2.5
v -4.7 12 2.4
v -4.7 12 1.4
v -4.7 12 1.2
v -4.7 12 1
v -4.7 12 0.8
v -4.7 12 -0.4
v -4.7 12 -0.6
v -4.7 12 -0.8
v -4.7 12 -1
v -4.7 12 -2
v -4.7 12 -2.1
v -4.7 12.1 2.6
v -4.7 12.1 2.5
v -4.7 12.1 1.6
v -4.7 12.1 1.4
v -4.7 12.1 1.2
v -4.7 12.1 1
v -4.7 12.1 -0.6
v -4.7 12.1 -0.8
v -4.7 12.1 -1
v -4.7 12.1 -1.2
v -4.7 12.1 -2.1
v -4.7 12.1 -2.2
v -4.7 12.2 2.7
v -4.7 12.2 2.6
v -4.7 12.2 1.7
v -4.7 12.2 1.6
v -4.7 12.2 1.3
v -4.7 12.2 1.2
v -4.7 12.2 -0.8
v -4.7 12.2 -0.9
v -4.7 12.2 -1.2
v -4.7 12.2 -1.3
v -4.7 12.2 -2.2
v -4.7 12.2 -2.3
v -4.7 12.3 1.9
v -4.7 12.3 1.7
v -4.7 12.3 1.5
v -4.7 12.3 1.3
v -4.7 12.3 -0.9
v -4.7 12.3 -1.1
v -4.7 12.3 -1.3
v -4.7 12.3 -1.5
v -4.7 12.4 1.9
v -4.7 12.4 1.8
v -4.7 12.4 1.7
v -4.7 12.4 1.5
v -4.7 12.4 -1.1
v -4.7 12.4 -1.3
v -4.7 12.4 -1.4
v -4.7 12.4 -1.5
v -4.7 12.5 2.8
v -4.7 12.5 2.7
v -4.7 12.5 1.9
v -4.7 12.5 1.8
v -4.7 12.5 1.7
v -4.7 12.5 -1.3
v -4.7 12.5 -1.4
v -4.7 12.5 -1.5
v -4.7 12.5 -2.3
v -4.7 12.5 -2.4
v -4.7 12.6 2
v -4.7 12.6 1.9
v -4.7 12.6 1.8
v -4.7 12.6 1.7
v -4.7 12.6 -1.3
v -4.7 12.6 -1.4
v -4.7 12.6 -1.5
v -4.7 12.6 -1.6
v -4.7 12.7 2.9
v -4.7 12.7 2.8
v -4.7 12.7 2.1
v -4.7 12.7 2
v -4.7 12.7 1.8
v -4.7 12.7 1.7
v -4.7 12.7 -1.3
v -4.7 12.7 -1.4
v -4.7 12.7 -1.6
v -4.7 12.7 -1.7
v -4.7 12.7 -2.4
v -4.7 12.7 -2.5
v -4.7 12.8 1.9
v -4.7 12.8 1.8
v -4.7 12.8 -1.4
v -4.7 12.8 -1.5
v -4.7 12.9 2
v -4.7 12.9 1.9
v -4.7 12.9 -1.5
v -4.7 12.9 -1.6
v -4.7 13 2
v -4.7 13 1.9
v -4.7 13 -1.5
v -4.7 13 -1.6
v -4.7 13.1 2.2
v -4.7 13.1 2.1
v -4.7 13.1 -1.7
v -4.7 13.1 -1.8
v -4.7 13.2 2
v -4.7 13.2 1.9
v -4.7 13.2 0.9
v -4.7 13.2 0.8
v -4.7 13.2 -0.4
v -4.7 13.2 -0.5
v -4.7 13.2 -1.5
v -4.7 13.2 -1.6
v -4.7 13.3 3
v -4.7 13.3 2.9
v -4.7 13.3 2.1
v -4.7 13.3 2
v -4.7 13.3 1
v -4.7 13.3 0.9
v -4.7 13.3 -0.5
v -4.7 13.3 -0.6
v -4.7 13.3 -1.6
v -4.7 13.3 -1.7
v -4.7 13.3 -2.5
v -4.7 13.3 -2.6
v -4.7 13.4 2.1
v -4.7 13.4 2
v -4.7 13.4 1.2
v -4.7 13.4 1
v -4.7 13.4 -0.6
v -4.7 13.4 -0.8
v -4.7 13.4 -1.6
v -4.7 13.4 -1.7
v -4.7 13.5 1
v -4.7 13.5 0.8
v -4.7 13.5 -0.4
v -4.7 13.5 -0.6
v -4.7 13.6 1.1
v -4.7 13.6 1
v -4.7 13.6 0.8
v -4.7 13.6 -0.4
v -4.7 13.6 -0.6
v -4.7 13.6 -0.7
v -4.7 13.7 3
v -4.7 13.7 2.9
v -4.7 13.7 1.1
v -4.7 13.7 1
v -4.7 13.7 -0.6
v -4.7 13.7 -0.7
v -4.7 13.7 -2.5
v -4.7 13.7 -2.6
v -4.7 13.8 2.2
v -4.7 13.8 2
v -4.7 13.8 1.2
v -4.7 13.8 1.1
v -4.7 13.8 1
v -4.7 13.8 -0.6
v -4.7 13.8 -0.7
v -4.7 13.8 -0.8
v -4.7 13.8 -1.6
v -4.7 13.8 -1.8
v -4.7 13.9 2.1
v -4.7 13.9 1.9
v -4.7 13.9 1.1
v -4.7 13.9 1
v -4.7 13.9 0.8
v -4.7 13.9 -0.4
v -4.7 13.9 -0.5
v -4.7 13.9 -0.6
v -4.7 13.9 -0.7
v -4.7 13.9 -1.5
v -4.7 13.9 -1.7
v -4.7 14 1.4
v -4.7 14 1.1
v -4.7 14 -0.5
v -4.7 14 -0.7
v -4.7 14 -0.8
v -4.7 14.1 1.4
v -4.7 14.1 -0.8
v -4.7 14.3 2.9
v -4.7 14.3 2.8
v -4.7 14.3 2.1
v -4.7 14.3 1.9
v -4.7 14.3 1.7
v -4.7 14.3 -1.3
v -4.7 14.3 -1.5
v -4.7 14.3 -1.7
v -4.7 14.3 -2.4
v -4.7 14.3 -2.5
v -4.7 14.5 2.8
v -4.7 14.5 2.7
v -4.7 14.5 -2.3
v -4.7 14.5 -2.4
v -4.7 14.6 1.7
v -4.7 14.6 1.6
v -4.7 14.6 -1.2
v -4.7 14.6 -1.3
v -4.7 14.7 1.9
v -4.7 14.7 1.7
v -4.7 14.7 1.6
v -4.7 14.7 1.4
v -4.7 14.7 -1
v -4.7 14.7 -1.2
v -4.7 14.7 -1.3
v -4.7 14.7 -1.5
v -4.7 14.8 2.7
v -4.7 14.8 2.6
v -4.7 14.8 1.7
v -4.7 14.8 1.6
v -4.7 14.8 -1.2
v -4.7 14.8 -1.3
v -4.7 14.8 -2.2
v -4.7 14.8 -2.3
v -4.7 14.9 2.6
v -4.7 14.9 2.5
v -4.7 14.9 1.6
v -4.7 14.9 1.5
v -4.7 14.9 -0.9
v -4.7 14.9 -1
v -4.7 14.9 -1.1
v -4.7 14.9 -1.2
v -4.7 14.9 -2.1
v -4.7 14.9 -2.2
v -4.7 15 2.5
v -4.7 15 2.4
v -4.7 15 -0.8
v -4.7 15 -0.9
v -4.7 15 -1
v -4.7 15 -2
v -4.7 15 -2.1
v -4.7 15.1 2.4
v -4.7 15.1 2.3
v -4.7 15.1 1.5
v -4.7 15.1 1.4
v -4.7 15.1 -0.8
v -4.7 15.1 -0.9
v -4.7 15.1 -1
v -4.7 15.1 -1.1
v -4.7 15.1 -1.9
v -4.7 15.1 -2
v -4.7 15.4 2.3
v -4.7 15.4 2.2
v -4.7 15.4 -1.8
v -4.7 15.4 -1.9
v -4.7 15.5 2.2
v -4.7 15.5 1.9
v -4.7 15.5 -1.5
v -4.7 15.5 -1.8
v -4.7 15.6 1.9
v -4.7 15.6 1.8
v -4.7 15.6 1.4
v -4.7 15.6 1.3
v -4.7 15.6 -0.7
v -4.7 15.6 -0.8
v -4.7 15.6 -1.4
v -4.7 15.6 -1.5
v -4.7 15.7 1.8
v -4.7 15.7 1.7
v -4.7 15.7 1.3
v -4.7 15.7 1.1
v -4.7 15.7 -0.5
v -4.7 15.7 -0.7
v -4.7 15.7 -1.3
v -4.7 15.7 -1.4
v -4.7 15.8 1.7
v -4.7 15.8 1.6
v -4.7 15.8 1.1
v -4.7 15.8 -0.5
v -4.7 15.8 -1.2
v -4.7 15.8 -1.3
v -4.7 15.9 1.6
v -4.7 15.9 1.3
v -4.7 15.9 -0.9
v -4.7 15.9 -1.2
v -4.7 16 1.3
v -4.7 16 1.1
v -4.7 16 -0.7
v -4.7 16 -0.9
v -4.7 16.1 1.1
v -4.7 16.1 0.5
v -4.7 16.1 -0.0999997
v -4.7 16.1 -0.7
v -4.7 16.2 0.5
v -4.7 16.2 -0.0999997
v -0.9 10.3 0.6
v -0.9 10.3 0.5
v -0.9 10.3 -0.0999997
v -0.9 10.3 -0.2
v -0.9 10.8 0.6
v -0.9 10.8 0.5
v -0.9 10.8 -0.0999997
v -0.9 10.8 -0.2
v -0.8 9.9 0.6
v -0.8 9.9 0.5
v -0.8 9.9 -0.0999997
v -0.8 9.9 -0.2
v -0.8 10.3 0.6
v -0.8 10.3 0.5
v -0.8 10.3 -0.0999997
v -0.8 10.3 -0.2
v -0.8 10.8 0.6
v -0.8 10.8 -0.2
v -0.8 10.9 0.5
v -0.8 10.9 -0.0999997
v -0.8 11 0.6
v -0.8 11 0.5
v -0.8 11 -0.0999997
v -0.8 11 -0.2
v -0.7 9.6 0.6
v -0.7 9.6 0.5
v -0.7 9.6 -0.0999997
v -0.7 9.6 -0.2
v -0.7 9.9 0.6
v -0.7 9.9 0.5
v -0.7 9.9 -0.0999997
v -0.7 9.9 -0.2
v -0.5 9.5 0.6
v -0.5 9.5 -0.0999997
v -0.5 9.6 0.6
v -0.5 9.6 -0.0999997
v -0.5 15.4 0.4
v -0.5 15.4 2.38419e-07
v -0.5 15.5 0.4
v -0.5 15.5 2.38419e-07
v -0.4 9.4 0.6
v -0.4 9.4 -0.0999997
v -0.4 9.5 0.6
v -0.4 9.5 -0.0999997
v -0.4 15.5 0.4
v -0.4 15.5 2.38419e-07
v -0.4 15.6 0.4
v -0.4 15.6 2.38419e-07
v -0.3 9.3 0.6
v -0.3 9.3 -0.0999997
v -0.3 9.4 0.6
v -0.3 9.4 -0.0999997
v -0.3 15.6 0.4
v -0.3 15.6 2.38419e-07
v -0.3 15.7 0.4
v -0.3 15.7 2.38419e-07
v -0.2 9.2 0.6
v -0.2 9.2 -0.0999997
v -0.2 9.3 0.6
v -0.2 9.3 -0.0999997
v -0.2 15.7 0.4
v -0.2 15.7 2.38419e-07
v -0.2 15.8 0.4
v -0.2 15.8 2.38419e-07
v -0.1 9.1 0.6
v -0.1 9.1 -0.0999997
v -0.1 9.2 0.6
v -0.1 9.2 -0.0999997
v -0.1 15.8 0.4
v -0.1 15.8 2.38419e-07
v -0.1 15.9 0.4
v -0.1 15.9 2.38419e-07
v 0 9 0.6
v 0 9 -0.0999997
v 0 9.1 0.6
v 0 9.1 -0.0999997
v 0 15.9 0.4
v 0 15.9 2.38419e-07
v 0 16 0.4
v 0 16 2.38419e-07
v 0.2 8.9 0.6
v 0.2 8.9 -0.0999997
v 0.2 9 0.6
v 0.2 9 -0.0999997
v 0.2 12.6 0.5
v 0.2 12.6 -0.2
v 0.2 12.7 0.5
v 0.2 12.7 -0.2
v 0.3 12 0.1
v 0.3 12 -0.0999997
v 0.3 12.1 0.1
v 0.3 12.1 -0.0999997
v 0.3 12.2 0.1
v 0.3 12.2 -0.0999997
v 0.3 12.5 0.1
v 0.3 12.5 -0.0999997
v 0.3 12.6 0.1
v 0.3 12.6 -0.0999997
v 0.4 11.3 0.4
v 0.4 11.3 0.2
v 0.4 11.4 0.4
v 0.4 11.4 0.2
v 0.4 12.2 0.1
v 0.4 12.2 -0.0999997
v 0.4 12.3 0.1
v 0.4 12.3 -0.0999997
v 0.4 12.5 0.1
v 0.4 12.5 -0.0999997
v 0.5 8.8 0.6
v 0.5 8.8 -0.0999997
v 0.5 8.9 0.6
v 0.5 8.9 -0.0999997
v 0.5 11.4 0.4
v 0.5 11.4 0.2
v 0.5 11.6 0.4
v 0.5 11.6 0.2
v 0.5 11.7 0.4
v 0.5 11.7 0.2
v 0.5 12.3 0.4
v 0.5 12.3 0.2
v 0.5 12.4 0.4
v 0.5 12.4 0.2
v 0.5 12.6 0.4
v 0.5 12.6 0.2
v 0.5 15 0.4
v 0.5 15 2.38419e-07
v 0.5 15.1 0.4
v 0.5 15.1 2.38419e-07
v 0.6 11.7 0.4
v 0.6 11.7 0.2
v 0.6 11.9 0.4
v 0.6 11.9 0.2
v 0.6 12.3 0.4
v 0.6 12.3 0.2
v 0.8 8.7 0.6
v 0.8 8.7 -0.0999997
v 0.8 8.8 0.6
v 0.8 8.8 -0.0999997
v 1.1 8.6 0.6
v 1.1 8.6 -0.0999997
v 1.1 8.7 0.6
v 1.1 8.7 -0.0999997
v 1.2 12.5 0.6
v 1.2 12.5 -0.0999997
v 1.2 12.6 -0.0999997
v 1.2 12.6 -0.5
v 1.2 12.7 0.6
v 1.2 12.7 -0.0999997
v 1.2 12.7 -0.5
v 1.3 12.2 0.6
v 1.3 12.2 -0.0999997
v 1.3 12.5 0.6
v 1.3 12.5 -0.0999997
v 1.4 12 0.6
v 1.4 12 -0.0999997
v 1.4 12.2 0.6
v 1.4 12.2 -0.0999997
v 1.5 10.9 0.6
v 1.5 10.9 -0.0999997
v 1.5 11.7 0.6
v 1.5 11.7 -0.0999997
v 1.5 12 0.6
v 1.5 12 -0.0999997
v 1.6 8.8 0.6
v 1.6 8.8 -0.0999997
v 1.6 8.9 0.6
v 1.6 8.9 -0.0999997
v 1.6 9.1 0.6
v 1.6 9.1 -0.0999997
v 1.6 9.2 0.6
v 1.6 9.2 -0.0999997
v 1.6 10.9 0.6
v 1.6 10.9 -0.0999997
v 1.7 8.5 0.6
v 1.7 8.5 -0.0999997
v 1.7 8.6 0.6
v 1.7 8.6 -0.0999997
v 2.2 12.7 -0.0999997
v 2.2 12.7 -0.2
v 2.2 12.8 -0.0999997
v 2.2 12.8 -0.2
v 2.3 12.6 -0.0999997
v 2.3 12.6 -0.2
v 2.3 12.7 -0.0999997
v 2.3 12.7 -0.2
v 2.4 12.4 -0.0999997
v 2.4 12.4 -0.2
v 2.4 12.6 -0.0999997
v 2.4 12.6 -0.2
v 2.5 12.1 -0.0999997
v 2.5 12.1 -0.2
v 2.5 12.4 -0.0999997
v 2.5 12.4 -0.2
v 2.6 11.8 -0.0999997
v 2.6 11.8 -0.2
v 2.6 12.1 -0.0999997
v 2.6 12.1 -0.2
v 2.7 11.4 -0.0999997
v 2.7 11.4 -0.2
v 2.7 11.8 -0.0999997
v 2.7 11.8 -0.2
v 2.8 10.9 -0.0999997
v 2.8 10.9 -0.2
v 2.8 11.4 -0.0999997
v 2.8 11.4 -0.2
v 2.9 10.6 -0.0999997
v 2.9 10.6 -0.2
v 2.9 10.9 -0.0999997
v 2.9 10.9 -0.2
v 3 10.3 -0.0999997
v 3 10.3 -0.2
v 3 10.6 -0.0999997
v 3 10.6 -0.2
v 3.1 9.8 -0.0999997
v 3.1 9.8 -0.2
v 3.1 10.3 -0.0999997
v 3.1 10.3 -0.2
v 3.2 9.4 -0.0999997
v 3.2 9.4 -0.2
v 3.2 9.8 -0.0999997
v 3.2 9.8 -0.2
v 3.3 8.8 -0.0999997
v 3.3 8.8 -0.2
v 3.3 9.4 -0.0999997
v 3.3 9.4 -0.2
v 3.4 8.6 -0.0999997
v 3.4 8.6 -0.2
v 3.4 8.8 -0.0999997
v 3.4 8.8 -0.2
v -11.7 14.2 1.1
v -11.7 14.2 -0.5
v -11.7 14.3 1
v -11.7 14.3 0.6
v -11.7 14.3 2.38419e-07
v -11.7 14.3 -0.4
v -11.7 14.3 -0.5
v -11.7 14.3 -0.6
v -11.7 14.4 1.2
v -11.7 14.4 1.1
v -11.7 14.4 1
v -11.7 14.4 0.6
v -11.7 14.4 0.5
v -11.7 14.4 0.1
v -11.7 14.4 2.38419e-07
v -11.7 14.4 -0.4
v -11.7 14.4 -0.5
v -11.7 14.5 1.3
v -11.7 14.5 1.2
v -11.7 14.5 1.1
v -11.7 14.5 0.5
v -11.7 14.5 0.4
v -11.7 14.5 0.2
v -11.7 14.5 0.1
v -11.7 14.5 -0.5
v -11.7 14.5 -0.6
v -11.7 14.5 -0.7
v -11.7 14.9 1.3
v -11.7 14.9 1.2
v -11.7 14.9 1.1
v -11.7 14.9 -0.5
v -11.7 14.9 -0.6
v -11.7 14.9 -0.7
v -11.7 15 1.2
v -11.7 15 1.1
v -11.7 15 1
v -11.7 15 -0.4
v -11.7 15 -0.5
v -11.7 15 -0.6
v -11.7 15.1 1.1
v -11.7 15.1 1
v -11.7 15.1 0.7
v -11.7 15.1 -0.0999997
v -11.7 15.1 -0.4
v -11.7 15.1 -0.5
v -11.7 15.2 1
v -11.7 15.2 0.8
v -11.7 15.2 -0.2
v -11.7 15.2 -0.4
v -11.7 15.5 0.8
v -11.7 15.5 0.7
v -11.7 15.5 0.6
v -11.7 15.5 2.38419e-07
v -11.7 15.5 -0.0999997
v -11.7 15.5 -0.2
v -11.7 15.6 0.7
v -11.7 15.6 0.6
v -11.7 15.6 0.5
v -11.7 15.6 0.1
v -11.7 15.6 2.38419e-07
v -11.7 15.6 -0.0999997
v -11.7 15.7 0.6
v -11.7 15.7 0.5
v -11.7 15.7 0.1
v -11.7 15.7 2.38419e-07
v -11.7 15.8 0.5
v -11.7 15.8 0.1
v -9 14.2 1.2
v -9 14.2 1.1
v -9 14.2 -0.5
v -9 14.2 -0.6
v -9 14.3 1.2
v -9 14.3 1.1
v -9 14.3 -0.5
v -9 14.3 -0.6
v -8.9 14.3 1.2
v -8.9 14.3 1.1
v -8.9 14.3 -0.5
v -8.9 14.3 -0.6
v -8.9 14.4 1.1
v -8.9 14.4 -0.5
v -8.9 14.5 1.3
v -8.9 14.5 1.2
v -8.9 14.5 1.1
v -8.9 14.5 -0.5
v -8.9 14.5 -0.6
v -8.9 14.5 -0.7
v -8.9 14.9 1.3
v -8.9 14.9 1.2
v -8.9 14.9 1.1
v -8.9 14.9 -0.5
v -8.9 14.9 -0.6
v -8.9 14.9 -0.7
v -8.9 15 1.2
v -8.9 15 1.1
v -8.9 15 1
v -8.9 15 -0.4
v -8.9 15 -0.5
v -8.9 15 -0.6
v -8.9 15.1 1.1
v -8.9 15.1 1
v -8.9 15.1 0.7
v -8.9 15.1 -0.0999997
v -8.9 15.1 -0.4
v -8.9 15.1 -0.5
v -8.9 15.2 1
v -8.9 15.2 0.8
v -8.9 15.2 -0.2
v -8.9 15.2 -0.4
v -8.9 15.5 0.8
v -8.9 15.5 0.7
v -8.9 15.5 0.6
v -8.9 15.5 2.38419e-07
v -8.9 15.5 -0.0999997
v -8.9 15.5 -0.2
v -8.9 15.6 0.7
v -8.9 15.6 0.6
v -8.9 15.6 0.5
v -8.9 15.6 0.1
v -8.9 15.6 2.38419e-07
v -8.9 15.6 -0.0999997
v -8.9 15.7 0.6
v -8.9 15.7 0.5
v -8.9 15.7 0.1
v -8.9 15.7 2.38419e-07
v -8.9 15.8 0.5
v -8.9 15.8 0.1
v -8.7 12.6 0.8
v -8.7 12.6 0.7
v -8.7 12.6 -0.2
v -8.7 12.6 -0.3
v -8.7 12.7 0.8
v -8.7 12.7 0.7
v -8.7 12.7 -0.2
v -8.7 12.7 -0.3
v -8.7 13.4 0.8
v -8.7 13.4 0.7
v -8.7 13.4 -0.2
v -8.7 13.4 -0.3
v -8.7 13.7 0.8
v -8.7 13.7 0.7
v -8.7 13.7 -0.2
v -8.7 13.7 -0.3
v -8.6 9.4 0.8
v -8.6 9.4 -0.3
v -8.6 9.6 0.8
v -8.6 9.6 -0.3
v -8.6 10.2 0.8
v -8.6 10.2 0.7
v -8.6 10.2 -0.2
v -8.6 10.2 -0.3
v -8.6 10.4 0.8
v -8.6 10.4 0.7
v -8.6 10.4 -0.2
v -8.6 10.4 -0.3
v -8.6 11.2 0.8
v -8.6 11.2 0.7
v -8.6 11.2 -0.2
v -8.6 11.2 -0.3
v -8.6 11.6 0.8
v -8.6 11.6 0.7
v -8.6 11.6 -0.2
v -8.6 11.6 -0.3
v -8.6 12 0.8
v -8.6 12 0.7
v -8.6 12 -0.2
v -8.6 12 -0.3
v -8.6 12.6 0.8
v -8.6 12.6 0.7
v -8.6 12.6 -0.2
v -8.6 12.6 -0.3
v -8.6 12.7 0.8
v -8.6 12.7 0.7
v -8.6 12.7 -0.2
v -8.6 12.7 -0.3
v -8.6 13.4 0.8
v -8.6 13.4 0.7
v -8.6 13.4 -0.2
v -8.6 13.4 -0.3
v -8.6 13.6 0.7
v -8.6 13.6 0.5
v -8.6 13.6 -0.0999997
v -8.6 13.6 -0.2
v -8.6 13.7 0.7
v -8.6 13.7 0.5
v -8.6 13.7 -0.0999997
v -8.6 13.7 -0.2
v -8.5 10 0.8
v -8.5 10 0.7
v -8.5 10 -0.2
v -8.5 10 -0.3
v -8.5 10.2 0.8
v -8.5 10.2 0.7
v -8.5 10.2 -0.2
v -8.5 10.2 -0.3
v -8.5 10.4 0.8
v -8.5 10.4 0.7
v -8.5 10.4 -0.2
v -8.5 10.4 -0.3
v -8.5 11.2 0.8
v -8.5 11.2 0.7
v -8.5 11.2 0.5
v -8.5 11.2 -0.0999997
v -8.5 11.2 -0.2
v -8.5 11.2 -0.3
v -8.5 11.6 0.8
v -8.5 11.6 0.7
v -8.5 11.6 0.5
v -8.5 11.6 -0.0999997
v -8.5 11.6 -0.2
v -8.5 11.6 -0.3
v -8.5 12 0.8
v -8.5 12 0.7
v -8.5 12 0.5
v -8.5 12 -0.0999997
v -8.5 12 -0.2
v -8.5 12 -0.3
v -8.5 12.6 0.5
v -8.5 12.6 0.4
v -8.5 12.6 0.1
v -8.5 12.6 -0.0999997
v -8.5 12.7 0.7
v -8.5 12.7 0.4
v -8.5 12.7 0.1
v -8.5 12.7 -0.2
v -8.5 13 0.7
v -8.5 13 0.5
v -8.5 13 -0.0999997
v -8.5 13 -0.2
v -8.5 13.6 0.7
v -8.5 13.6 0.5
v -8.5 13.6 0.4
v -8.5 13.6 0.1
v -8.5 13.6 -0.0999997
v -8.5 13.6 -0.2
v -8.5 13.7 0.5
v -8.5 13.7 0.4
v -8.5 13.7 0.1
v -8.5 13.7 -0.0999997
v -8.4 9.6 0.8
v -8.4 9.6 0.7
v -8.4 9.6 -0.2
v -8.4 9.6 -0.3
v -8.4 10 0.8
v -8.4 10 0.7
v -8.4 10 0.5
v -8.4 10 -0.0999997
v -8.4 10 -0.2
v -8.4 10 -0.3
v -8.4 10.4 0.7
v -8.4 10.4 0.5
v -8.4 10.4 -0.0999997
v -8.4 10.4 -0.2
v -8.4 10.8 0.7
v -8.4 10.8 0.5
v -8.4 10.8 -0.0999997
v -8.4 10.8 -0.2
v -8.4 11.2 0.7
v -8.4 11.2 0.5
v -8.4 11.2 0.4
v -8.4 11.2 0.1
v -8.4 11.2 -0.0999997
v -8.4 11.2 -0.2
v -8.4 11.6 0.7
v -8.4 11.6 0.5
v -8.4 11.6 0.4
v -8.4 11.6 0.1
v -8.4 11.6 -0.0999997
v -8.4 11.6 -0.2
v -8.4 11.8 0.5
v -8.4 11.8 0.4
v -8.4 11.8 0.1
v -8.4 11.8 -0.0999997
v -8.4 12 0.7
v -8.4 12 0.5
v -8.4 12 -0.0999997
v -8.4 12 -0.2
v -8.4 12.1 0.4
v -8.4 12.1 0.2
v -8.4 12.2 0.2
v -8.4 12.2 0.1
v -8.4 12.6 0.5
v -8.4 12.6 0.4
v -8.4 12.6 0.1
v -8.4 12.6 -0.0999997
v -8.4 12.7 0.7
v -8.4 12.7 0.4
v -8.4 12.7 0.1
v -8.4 12.7 -0.2
v -8.4 13 0.7
v -8.4 13 0.5
v -8.4 13 -0.0999997
v -8.4 13 -0.2
v -8.4 13.6 0.5
v -8.4 13.6 0.4
v -8.4 13.6 0.1
v -8.4 13.6 -0.0999997
v -8.4 13.7 0.4
v -8.4 13.7 0.1
v -8.3 9.6 0.7
v -8.3 9.6 0.4
v -8.3 9.6 0.1
v -8.3 9.6 -0.2
v -8.3 10 0.7
v -8.3 10 0.5
v -8.3 10 0.4
v -8.3 10 0.1
v -8.3 10 -0.0999997
v -8.3 10 -0.2
v -8.3 10.4 0.7
v -8.3 10.4 0.5
v -8.3 10.4 -0.0999997
v -8.3 10.4 -0.2
v -8.3 10.8 0.7
v -8.3 10.8 0.5
v -8.3 10.8 -0.0999997
v -8.3 10.8 -0.2
v -8.3 11.2 0.5
v -8.3 11.2 0.4
v -8.3 11.2 0.1
v -8.3 11.2 -0.0999997
v -8.3 11.6 0.5
v -8.3 11.6 0.4
v -8.3 11.6 0.1
v -8.3 11.6 -0.0999997
v -8.3 11.8 0.5
v -8.3 11.8 0.4
v -8.3 11.8 0.1
v -8.3 11.8 -0.0999997
v -8.3 12.1 0.4
v -8.3 12.1 0.2
v -8.3 12.2 0.2
v -8.3 12.2 0.1
v -8.2 9.6 0.4
v -8.2 9.6 0.1
v -8.2 10 0.4
v -8.2 10 0.1
v -6.9 13.7 0.9
v -6.9 13.7 -0.3
v -6.9 13.8 1
v -6.9 13.8 0.9
v -6.9 13.8 -0.3
v -6.9 13.8 -0.4
v -6.9 13.9 1
v -6.9 13.9 -0.4
v -6.8 13.9 1.1
v -6.8 13.9 -0.5
v -6.8 14.1 1.1
v -6.8 14.1 -0.5
v -6.3 14.2 1.2
v -6.3 14.2 1.1
v -6.3 14.2 -0.5
v -6.3 14.2 -0.6
v -6.3 14.3 1.2
v -6.3 14.3 1.1
v -6.3 14.3 -0.5
v -6.3 14.3 -0.6
v -6.2 14.3 1.2
v -6.2 14.3 1.1
v -6.2 14.3 -0.5
v -6.2 14.3 -0.6
v -6.2 14.4 1.1
v -6.2 14.4 -0.5
v -6.2 14.5 1.3
v -6.2 14.5 1.2
v -6.2 14.5 1.1
v -6.2 14.5 -0.5
v -6.2 14.5 -0.6
v -6.2 14.5 -0.7
v -6.2 14.9 1.3
v -6.2 14.9 1.2
v -6.2 14.9 1.1
v -6.2 14.9 -0.5
v -6.2 14.9 -0.6
v -6.2 14.9 -0.7
v -6.2 15 1.2
v -6.2 15 1.1
v -6.2 15 1
v -6.2 15 -0.4
v -6.2 15 -0.5
v -6.2 15 -0.6
v -6.2 15.1 1.1
v -6.2 15.1 1
v -6.2 15.1 0.7
v -6.2 15.1 -0.0999997
v -6.2 15.1 -0.4
v -6.2 15.1 -0.5
v -6.2 15.2 1
v -6.2 15.2 0.8
v -6.2 15.2 -0.2
v -6.2 15.2 -0.4
v -6.2 15.5 0.8
v -6.2 15.5 0.7
v -6.2 15.5 0.6
v -6.2 15.5 2.38419e-07
v -6.2 15.5 -0.0999997
v -6.2 15.5 -0.2
v -6.2 15.6 0.7
v -6.2 15.6 0.6
v -6.2 15.6 0.5
v -6.2 15.6 0.1
v -6.2 15.6 2.38419e-07
v -6.2 15.6 -0.0999997
v -6.2 15.7 0.6
v -6.2 15.7 0.5
v -6.2 15.7 0.1
v -6.2 15.7 2.38419e-07
v -6.2 15.8 0.5
v -6.2 15.8 0.1
v -6.1 14.1 1.1
v -6.1 14.1 -0.5
v -6.1 14.2 1.1
v -6.1 14.2 -0.5
v -5.9 13.6 0.4
v -5.9 13.6 0.3
v -5.9 13.6 0.1
v -5.9 13.6 2.38419e-07
v -5.9 13.7 0.4
v -5.9 13.7 0.3
v -5.9 13.7 0.1
v -5.9 13.7 2.38419e-07
v -5.9 13.8 0.4
v -5.9 13.8 0.3
v -5.9 13.8 0.1
v -5.9 13.8 2.38419e-07
v -5.9 13.9 0.4
v -5.9 13.9 0.3
v -5.9 13.9 0.1
v -5.9 13.9 2.38419e-07
v -5.8 13.6 0.3
v -5.8 13.6 0.1
v -5.8 13.7 0.4
v -5.8 13.7 0.3
v -5.8 13.7 0.1
v -5.8 13.7 2.38419e-07
v -5.8 13.8 0.4
v -5.8 13.8 0.3
v -5.8 13.8 0.1
v -5.8 13.8 2.38419e-07
v -5.8 13.9 0.3
v -5.8 13.9 0.1
v -4.7 10.6 0.7
v -4.7 10.6 0.5
v -4.7 10.6 -0.0999997
v -4.7 10.6 -0.3
v -4.7 10.7 0.7
v -4.7 10.7 0.5
v -4.7 10.7 -0.0999997
v -4.7 10.7 -0.3
v -4.7 10.8 0.7
v -4.7 10.8 0.5
v -4.7 10.8 0.4
v -4.7 10.8 2.38419e-07
v -4.7 10.8 -0.0999997
v -4.7 10.8 -0.3
v -4.7 10.9 0.8
v -4.7 10.9 0.7
v -4.7 10.9 0.5
v -4.7 10.9 -0.0999997
v -4.7 10.9 -0.3
v -4.7 10.9 -0.4
v -4.7 11 0.8
v -4.7 11 0.5
v -4.7 11 -0.0999997
v -4.7 11 -0.4
v -0.8 11 1.3
v -0.8 11 0.6
v -0.8 11 -0.2
v -0.8 11 -0.9
v -0.8 11.1 1.6
v -0.8 11.1 1.5
v -0.8 11.1 1.4
v -0.8 11.1 1.3
v -0.8 11.1 -0.9
v -0.8 11.1 -1
v -0.8 11.1 -1.1
v -0.8 11.1 -1.2
v -0.8 11.2 1.7
v -0.8 11.2 1.6
v -0.8 11.2 1.5
v -0.8 11.2 1.4
v -0.8 11.2 -1
v -0.8 11.2 -1.1
v -0.8 11.2 -1.2
v -0.8 11.2 -1.3
v -0.8 11.3 1.8
v -0.8 11.3 1.7
v -0.8 11.3 -1.3
v -0.8 11.3 -1.4
v -0.8 11.4 1.9
v -0.8 11.4 1.8
v -0.8 11.4 -1.4
v -0.8 11.4 -1.5
v -0.8 11.5 2.2
v -0.8 11.5 1.9
v -0.8 11.5 -1.5
v -0.8 11.5 -1.8
v -0.8 11.6 2.3
v -0.8 11.6 2.2
v -0.8 11.6 0.7
v -0.8 11.6 0.6
v -0.8 11.6 -0.2
v -0.8 11.6 -0.3
v -0.8 11.6 -1.8
v -0.8 11.6 -1.9
v -0.8 11.7 0.9
v -0.8 11.7 0.7
v -0.8 11.7 -0.3
v -0.8 11.7 -0.5
v -0.8 11.8 1
v -0.8 11.8 0.9
v -0.8 11.8 -0.5
v -0.8 11.8 -0.6
v -0.8 11.9 2.4
v -0.8 11.9 2.3
v -0.8 11.9 1.2
v -0.8 11.9 1
v -0.8 11.9 0.8
v -0.8 11.9 0.6
v -0.8 11.9 -0.2
v -0.8 11.9 -0.4
v -0.8 11.9 -0.6
v -0.8 11.9 -0.8
v -0.8 11.9 -1.9
v -0.8 11.9 -2
v -0.8 12 2.5
v -0.8 12 2.4
v -0.8 12 1.4
v -0.8 12 1.2
v -0.8 12 1
v -0.8 12 0.8
v -0.8 12 -0.4
v -0.8 12 -0.6
v -0.8 12 -0.8
v -0.8 12 -1
v -0.8 12 -2
v -0.8 12 -2.1
v -0.8 12.1 2.6
v -0.8 12.1 2.5
v -0.8 12.1 1.6
v -0.8 12.1 1.4
v -0.8 12.1 1.2
v -0.8 12.1 1
v -0.8 12.1 -0.6
v -0.8 12.1 -0.8
v -0.8 12.1 -1
v -0.8 12.1 -1.2
v -0.8 12.1 -2.1
v -0.8 12.1 -2.2
v -0.8 12.2 2.7
v -0.8 12.2 2.6
v -0.8 12.2 1.7
v -0.8 12.2 1.6
v -0.8 12.2 1.3
v -0.8 12.2 1.2
v -0.8 12.2 -0.8
v -0.8 12.2 -0.9
v -0.8 12.2 -1.2
v -0.8 12.2 -1.3
v -0.8 12.2 -2.2
v -0.8 12.2 -2.3
v -0.8 12.3 1.9
v -0.8 12.3 1.7
v -0.8 12.3 1.5
v -0.8 12.3 1.3
v -0.8 12.3 -0.9
v -0.8 12.3 -1.1
v -0.8 12.3 -1.3
v -0.8 12.3 -1.5
v -0.8 12.4 1.9
v -0.8 12.4 1.8
v -0.8 12.4 1.7
v -0.8 12.4 1.5
v -0.8 12.4 0.9
v -0.8 12.4 0.6
v -0.8 12.4 -0.2
v -0.8 12.4 -0.5
v -0.8 12.4 -1.1
v -0.8 12.4 -1.3
v -0.8 12.4 -1.4
v -0.8 12.4 -1.5
v -0.8 12.5 2.8
v -0.8 12.5 2.7
v -0.8 12.5 1.9
v -0.8 12.5 1.8
v -0.8 12.5 1.7
v -0.8 12.5 -1.3
v -0.8 12.5 -1.4
v -0.8 12.5 -1.5
v -0.8 12.5 -2.3
v -0.8 12.5 -2.4
v -0.8 12.6 2
v -0.8 12.6 1.9
v -0.8 12.6 1.8
v -0.8 12.6 1.7
v -0.8 12.6 0.9
v -0.8 12.6 -0.5
v -0.8 12.6 -1.3
v -0.8 12.6 -1.4
v -0.8 12.6 -1.5
v -0.8 12.6 -1.6
v -0.8 12.7 2.9
v -0.8 12.7 2.8
v -0.8 12.7 2.1
v -0.8 12.7 2
v -0.8 12.7 1.8
v -0.8 12.7 1.7
v -0.8 12.7 -1.3
v -0.8 12.7 -1.4
v -0.8 12.7 -1.6
v -0.8 12.7 -1.7
v -0.8 12.7 -2.4
v -0.8 12.7 -2.5
v -0.8 12.8 1.9
v -0.8 12.8 1.8
v -0.8 12.8 -1.4
v -0.8 12.8 -1.5
v -0.8 12.9 2
v -0.8 12.9 1.9
v -0.8 12.9 -1.5
v -0.8 12.9 -1.6
v -0.8 13 2
v -0.8 13 1.9
v -0.8 13 -1.5
v -0.8 13 -1.6
v -0.8 13.1 2.2
v -0.8 13.1 2.1
v -0.8 13.1 1
v -0.8 13.1 0.9
v -0.8 13.1 -0.5
v -0.8 13.1 -0.6
v -0.8 13.1 -1.7
v -0.8 13.1 -1.8
v -0.8 13.2 2
v -0.8 13.2 1.9
v -0.8 13.2 1.1
v -0.8 13.2 1
v -0.8 13.2 -0.6
v -0.8 13.2 -0.7
v -0.8 13.2 -1.5
v -0.8 13.2 -1.6
v -0.8 13.3 3
v -0.8 13.3 2.9
v -0.8 13.3 2.1
v -0.8 13.3 2
v -0.8 13.3 1.2
v -0.8 13.3 1.1
v -0.8 13.3 -0.7
v -0.8 13.3 -0.8
v -0.8 13.3 -1.6
v -0.8 13.3 -1.7
v -0.8 13.3 -2.5
v -0.8 13.3 -2.6
v -0.8 13.4 2.1
v -0.8 13.4 2
v -0.8 13.4 -1.6
v -0.8 13.4 -1.7
v -0.8 13.5 1.2
v -0.8 13.5 -0.8
v -0.8 13.7 3
v -0.8 13.7 2.9
v -0.8 13.7 -2.5
v -0.8 13.7 -2.6
v -0.8 13.8 2.2
v -0.8 13.8 2
v -0.8 13.8 -1.6
v -0.8 13.8 -1.8
v -0.8 13.9 2.1
v -0.8 13.9 1.9
v -0.8 13.9 -1.5
v -0.8 13.9 -1.7
v -0.8 14 1.2
v -0.8 14 1.1
v -0.8 14 -0.7
v -0.8 14 -0.8
v -0.8 14.1 1.1
v -0.8 14.1 1
v -0.8 14.1 -0.6
v -0.8 14.1 -0.7
v -0.8 14.2 1
v -0.8 14.2 0.9
v -0.8 14.2 -0.5
v -0.8 14.2 -0.6
v -0.8 14.3 2.9
v -0.8 14.3 2.8
v -0.8 14.3 2.1
v -0.8 14.3 1.9
v -0.8 14.3 1.7
v -0.8 14.3 -1.3
v -0.8 14.3 -1.5
v -0.8 14.3 -1.7
v -0.8 14.3 -2.4
v -0.8 14.3 -2.5
v -0.8 14.5 2.8
v -0.8 14.5 2.7
v -0.8 14.5 -2.3
v -0.8 14.5 -2.4
v -0.8 14.6 1.7
v -0.8 14.6 1.6
v -0.8 14.6 -1.2
v -0.8 14.6 -1.3
v -0.8 14.7 1.9
v -0.8 14.7 1.7
v -0.8 14.7 1.6
v -0.8 14.7 1.4
v -0.8 14.7 -1
v -0.8 14.7 -1.2
v -0.8 14.7 -1.3
v -0.8 14.7 -1.5
v -0.8 14.8 2.7
v -0.8 14.8 2.6
v -0.8 14.8 1.7
v -0.8 14.8 1.6
v -0.8 14.8 -1.2
v -0.8 14.8 -1.3
v -0.8 14.8 -2.2
v -0.8 14.8 -2.3
v -0.8 14.9 2.6
v -0.8 14.9 2.5
v -0.8 14.9 1.6
v -0.8 14.9 1.5
v -0.8 14.9 1.4
v -0.8 14.9 1.3
v -0.8 14.9 1.2
v -0.8 14.9 1.1
v -0.8 14.9 -0.7
v -0.8 14.9 -0.8
v -0.8 14.9 -0.9
v -0.8 14.9 -1
v -0.8 14.9 -1.1
v -0.8 14.9 -1.2
v -0.8 14.9 -2.1
v -0.8 14.9 -2.2
v -0.8 15 2.5
v -0.8 15 2.4
v -0.8 15 1.4
v -0.8 15 1.3
v -0.8 15 1.2
v -0.8 15 -0.8
v -0.8 15 -0.9
v -0.8 15 -1
v -0.8 15 -2
v -0.8 15 -2.1
v -0.8 15.1 2.4
v -0.8 15.1 2.3
v -0.8 15.1 1.5
v -0.8 15.1 1.4
v -0.8 15.1 1.3
v -0.8 15.1 1.2
v -0.8 15.1 1.1
v -0.8 15.1 0.9
v -0.8 15.1 -0.5
v -0.8 15.1 -0.7
v -0.8 15.1 -0.8
v -0.8 15.1 -0.9
v -0.8 15.1 -1
v -0.8 15.1 -1.1
v -0.8 15.1 -1.9
v -0.8 15.1 -2
v -0.8 15.2 1.2
v -0.8 15.2 1.1
v -0.8 15.2 -0.7
v -0.8 15.2 -0.8
v -0.8 15.3 1.1
v -0.8 15.3 0.9
v -0.8 15.3 -0.5
v -0.8 15.3 -0.7
v -0.8 15.4 2.3
v -0.8 15.4 2.2
v -0.8 15.4 0.9
v -0.8 15.4 -0.5
v -0.8 15.4 -1.8
v -0.8 15.4 -1.9
v -0.8 15.5 2.2
v -0.8 15.5 1.9
v -0.8 15.5 -1.5
v -0.8 15.5 -1.8
v -0.8 15.6 1.9
v -0.8 15.6 1.8
v -0.8 15.6 -1.4
v -0.8 15.6 -1.5
v -0.8 15.7 1.8
v -0.8 15.7 1.7
v -0.8 15.7 -1.3
v -0.8 15.7 -1.4
v -0.8 15.8 1.7
v -0.8 15.8 1.6
v -0.8 15.8 -1.2
v -0.8 15.8 -1.3
v -0.8 15.9 1.6
v -0.8 15.9 1.3
v -0.8 15.9 -0.9
v -0.8 15.9 -1.2
v -0.8 16 1.3
v -0.8 16 1.1
v -0.8 16 -0.7
v -0.8 16 -0.9
v -0.8 16.1 1.1
v -0.8 16.1 0.5
v -0.8 16.1 -0.0999997
v -0.8 16.1 -0.7
v -0.8 16.2 0.5
v -0.8 16.2 -0.0999997
v -0.7 12.4 0.9
v -0.7 12.4 0.6
v -0.7 12.4 -0.2
v -0.7 12.4 -0.5
v -0.7 12.5 0.9
v -0.7 12.5 0.6
v -0.7 12.5 -0.2
v -0.7 12.5 -0.5
v -0.7 13.1 1
v -0.7 13.1 0.9
v -0.7 13.1 -0.5
v -0.7 13.1 -0.6
v -0.7 13.2 1.1
v -0.7 13.2 1
v -0.7 13.2 -0.6
v -0.7 13.2 -0.7
v -0.7 13.3 1.2
v -0.7 13.3 1.1
v -0.7 13.3 -0.7
v -0.7 13.3 -0.8
v -0.7 13.5 1.2
v -0.7 13.5 1.1
v -0.7 13.5 -0.7
v -0.7 13.5 -0.8
v -0.7 13.6 1.1
v -0.7 13.6 1
v -0.7 13.6 -0.6
v -0.7 13.6 -0.7
v -0.7 13.7 1
v -0.7 13.7 0.9
v -0.7 13.7 -0.5
v -0.7 13.7 -0.6
v -0.7 14 1.2
v -0.7 14 1.1
v -0.7 14 -0.7
v -0.7 14 -0.8
v -0.7 14.1 1.1
v -0.7 14.1 1
v -0.7 14.1 -0.6
v -0.7 14.1 -0.7
v -0.7 14.2 1
v -0.7 14.2 0.9
v -0.7 14.2 -0.5
v -0.7 14.2 -0.6
v -0.6 9.5 0.5
v -0.6 9.5 -0.0999997
v -0.6 9.6 0.5
v -0.6 9.6 -0.0999997
v -0.6 10.4 0.6
v -0.6 10.4 -0.2
v -0.6 12.5 0.9
v -0.6 12.5 0.6
v -0.6 12.5 -0.2
v -0.6 12.5 -0.5
v -0.6 12.6 0.9
v -0.6 12.6 -0.5
v -0.6 15.3 0.9
v -0.6 15.3 0.5
v -0.6 15.3 -0.0999997
v -0.6 15.3 -0.5
v -0.6 15.4 0.9
v -0.6 15.4 0.5
v -0.6 15.4 -0.0999997
v -0.6 15.4 -0.5
v -0.5 9.6 -0.0999997
v -0.5 9.6 -0.2
v -0.5 10 0.6
v -0.5 10 -0.0999997
v -0.5 10.4 0.6
v -0.5 10.4 -0.2
v -0.4 9.8 0.6
v -0.4 9.8 -0.0999997
v -0.4 10 0.6
v -0.4 10 -0.0999997
v -0.3 9.6 0.6
v -0.3 9.6 -0.0999997
v -0.3 9.8 0.6
v -0.3 9.8 -0.0999997
v -0.2 9.5 0.6
v -0.2 9.5 -0.0999997
v -0.2 9.6 0.6
v -0.2 9.6 -0.0999997
v -0.2 15.2 0.9
v -0.2 15.2 0.5
v -0.2 15.2 -0.0999997
v -0.2 15.2 -0.5
v -0.2 15.3 0.9
v -0.2 15.3 0.5
v -0.2 15.3 0.4
v -0.2 15.3 2.38419e-07
v -0.2 15.3 -0.0999997
v -0.2 15.3 -0.5
v -0.2 15.4 0.5
v -0.2 15.4 0.4
v -0.2 15.4 2.38419e-07
v -0.2 15.4 -0.0999997
v -0.1 9.4 0.6
v -0.1 9.4 -0.0999997
v -0.1 9.5 0.6
v -0.1 9.5 -0.0999997
v -0.1 15.2 0.4
v -0.1 15.2 2.38419e-07
v -0.1 15.3 0.4
v -0.1 15.3 2.38419e-07
v 0 9.3 0.6
v 0 9.3 -0.0999997
v 0 9.4 0.6
v 0 9.4 -0.0999997
v 0 12.6 0.9
v 0 12.6 -0.5
v 0 12.7 0.9
v 0 12.7 -0.5
v 0 15.1 0.9
v 0 15.1 0.5
v 0 15.1 0.4
v 0 15.1 2.38419e-07
v 0 15.1 -0.0999997
v 0 15.1 -0.5
v 0 15.2 0.9
v 0 15.2 0.5
v 0 15.2 0.4
v 0 15.2 2.38419e-07
v 0 15.2 -0.0999997
v 0 15.2 -0.5
v 0 15.3 0.5
v 0 15.3 0.4
v 0 15.3 2.38419e-07
v 0 15.3 -0.0999997
v 0 15.4 0.4
v 0 15.4 2.38419e-07
v 0 15.5 0.4
v 0 15.5 2.38419e-07
v 0.1 9.2 0.6
v 0.1 9.2 -0.0999997
v 0.1 9.3 0.6
v 0.1 9.3 -0.0999997
v 0.1 15.5 0.4
v 0.1 15.5 0.3
v 0.1 15.6 0.4
v 0.1 15.6 0.3
v 0.2 15.5 0.3
v 0.2 15.5 2.38419e-07
v 0.2 15.6 0.3
v 0.2 15.6 2.38419e-07
v 0.3 15 0.9
v 0.3 15 0.5
v 0.3 15 0.4
v 0.3 15 2.38419e-07
v 0.3 15 -0.0999997
v 0.3 15 -0.5
v 0.3 15.1 0.9
v 0.3 15.1 0.5
v 0.3 15.1 0.4
v 0.3 15.1 2.38419e-07
v 0.3 15.1 -0.0999997
v 0.3 15.1 -0.5
v 0.3 15.2 0.5
v 0.3 15.2 0.4
v 0.3 15.2 2.38419e-07
v 0.3 15.2 -0.0999997
v 0.3 15.6 0.4
v 0.3 15.6 2.38419e-07
v 0.3 15.7 0.4
v 0.3 15.7 0.2
v 0.3 15.7 2.38419e-07
v 0.4 9.1 0.6
v 0.4 9.1 -0.0999997
v 0.4 9.2 0.6
v 0.4 9.2 -0.0999997
v 0.6 9 0.6
v 0.6 9 -0.0999997
v 0.6 9.1 0.6
v 0.6 9.1 -0.0999997
v 0.6 12 0.1
v 0.6 12 -0.0999997
v 0.6 12.1 0.1
v 0.6 12.1 -0.0999997
v 0.6 12.2 0.1
v 0.6 12.2 -0.0999997
v 0.6 12.4 0.1
v 0.6 12.4 -0.0999997
v 0.6 12.5 0.1
v 0.6 12.5 -0.0999997
v 0.6 12.6 0.1
v 0.6 12.6 -0.0999997
v 0.6 15 0.5
v 0.6 15 0.4
v 0.6 15 2.38419e-07
v 0.6 15 -0.0999997
v 0.6 15.1 0.5
v 0.6 15.1 0.4
v 0.6 15.1 2.38419e-07
v 0.6 15.1 -0.0999997
v 0.6 15.7 0.4
v 0.6 15.7 0.2
v 0.6 15.7 2.38419e-07
v 0.6 15.8 0.4
v 0.6 15.8 0.2
v 0.6 15.8 2.38419e-07
v 0.7 11.3 0.4
v 0.7 11.3 0.2
v 0.7 11.4 0.4
v 0.7 11.4 0.2
v 0.7 12.2 0.1
v 0.7 12.2 -0.0999997
v 0.7 12.4 0.1
v 0.7 12.4 -0.0999997
v 0.7 15 0.4
v 0.7 15 2.38419e-07
v 0.7 15.1 0.4
v 0.7 15.1 2.38419e-07
v 0.7 15.8 0.4
v 0.7 15.8 2.38419e-07
v 0.7 15.9 0.4
v 0.7 15.9 2.38419e-07
v 0.8 11.4 0.4
v 0.8 11.4 0.2
v 0.8 11.6 0.4
v 0.8 11.6 0.2
v 0.8 11.8 0.4
v 0.8 11.8 0.2
v 0.8 12.2 0.4
v 0.8 12.2 0.2
v 0.8 12.4 0.4
v 0.8 12.4 0.2
v 0.8 12.6 0.4
v 0.8 12.6 0.2
v 0.8 15.9 0.4
v 0.8 15.9 2.38419e-07
v 0.8 16 0.4
v 0.8 16 2.38419e-07
v 0.9 8.9 0.6
v 0.9 8.9 -0.0999997
v 0.9 9 0.6
v 0.9 9 -0.0999997
v 0.9 11.8 0.4
v 0.9 11.8 0.2
v 0.9 11.9 0.4
v 0.9 11.9 0.2
v 0.9 12 0.4
v 0.9 12 0.2
v 0.9 12.2 0.4
v 0.9 12.2 0.2
v 0.9 12.6 0.5
v 0.9 12.6 -0.2
v 0.9 12.7 0.5
v 0.9 12.7 -0.2
v 1 14.9 0.9
v 1 14.9 -0.5
v 1 15 0.9
v 1 15 -0.5
v 1.2 14.8 0.9
v 1.2 14.8 -0.5
v 1.2 14.9 0.9
v 1.2 14.9 -0.5
v 1.3 12.6 -0.0999997
v 1.3 12.6 -0.5
v 1.3 12.7 -0.0999997
v 1.3 12.7 -0.5
v 1.4 8.8 0.6
v 1.4 8.8 -0.0999997
v 1.4 8.9 0.6
v 1.4 8.9 -0.0999997
v 1.4 14.7 0.9
v 1.4 14.7 -0.5
v 1.4 14.8 0.9
v 1.4 14.8 -0.5
v 1.6 14.6 0.9
v 1.6 14.6 -0.5
v 1.6 14.7 0.9
v 1.6 14.7 -0.5
v 1.7 14.5 0.9
v 1.7 14.5 -0.5
v 1.7 14.6 0.9
v 1.7 14.6 -0.5
v 1.8 14.3 0.9
v 1.8 14.3 -0.5
v 1.8 14.5 0.9
v 1.8 14.5 -0.5
v 1.9 12.7 0.9
v 1.9 12.7 0.6
v 1.9 12.7 -0.0999997
v 1.9 12.7 -0.5
v 1.9 12.8 0.9
v 1.9 12.8 0.6
v 1.9 12.8 -0.0999997
v 1.9 12.8 -0.5
v 1.9 14.1 0.9
v 1.9 14.1 -0.5
v 1.9 14.3 0.9
v 1.9 14.3 -0.5
v 2 13.8 0.9
v 2 13.8 -0.5
v 2 14.1 0.9
v 2 14.1 -0.5
v 2.1 13.3 0.9
v 2.1 13.3 -0.5
v 2.1 13.8 0.9
v 2.1 13.8 -0.5
v 2.2 12.8 0.9
v 2.2 12.8 0.6
v 2.2 12.8 -0.2
v 2.2 12.8 -0.5
v 2.2 13.3 0.9
v 2.2 13.3 -0.5
v 2.5 12.7 0.6
v 2.5 12.7 -0.2
v 2.5 12.8 0.6
v 2.5 12.8 -0.2
v 2.6 12.4 0.6
v 2.6 12.4 -0.2
v 2.6 12.7 0.6
v 2.6 12.7 -0.2
v 2.7 12 0.6
v 2.7 12 -0.2
v 2.7 12.4 0.6
v 2.7 12.4 -0.2
v 2.8 11.6 0.6
v 2.8 11.6 -0.2
v 2.8 12 0.6
v 2.8 12 -0.2
v 2.9 11.3 0.6
v 2.9 11.3 -0.2
v 2.9 11.6 0.6
v 2.9 11.6 -0.2
v 3 10.9 0.6
v 3 10.9 -0.2
v 3 11.3 0.6
v 3 11.3 -0.2
v 3.1 10.4 0.6
v 3.1 10.4 -0.2
v 3.1 10.9 0.6
v 3.1 10.9 -0.2
v 3.2 10.1 0.6
v 3.2 10.1 -0.2
v 3.2 10.4 0.6
v 3.2 10.4 -0.2
v 3.3 9.7 0.6
v 3.3 9.7 -0.2
v 3.3 10.1 0.6
v 3.3 10.1 -0.2
v 3.4 8.5 0.6
v 3.4 8.5 -0.0999997
v 3.4 8.6 0.6
v 3.4 8.6 -0.0999997
v 3.4 9.1 0.6
v 3.4 9.1 -0.2
v 3.4 9.7 0.6
v 3.4 9.7 -0.2
v 3.5 8.6 0.6
v 3.5 8.6 -0.2
v 3.5 9.1 0.6
v 3.5 9.1 -0.2
v -4.7 13.3 3
v -4.7 13.7 3
v -4.4 13.3 3
v -4.4 13.7 3
v -1.1 13.3 3
v -1.1 13.7 3
v -0.8 13.3 3
v -0.8 13.7 3
v -4.7 12.7 2.9
v -4.7 13.3 2.9
v -4.7 13.7 2.9
v -4.7 14.3 2.9
v -4.4 12.7 2.9
v -4.4 13.3 2.9
v -4.4 13.7 2.9
v -4.4 14.3 2.9
v -1.1 12.7 2.9
v -1.1 13.3 2.9
v -1.1 13.7 2.9
v -1.1 14.3 2.9
v -0.8 12.7 2.9
v -0.8 13.3 2.9
v -0.8 13.7 2.9
v -0.8 14.3 2.9
v -4.7 12.5 2.8
v -4.7 12.7 2.8
v -4.7 14.3 2.8
v -4.7 14.5 2.8
v -4.4 12.5 2.8
v -4.4 12.7 2.8
v -4.4 14.3 2.8
v -4.4 14.5 2.8
v -1.1 12.5 2.8
v -1.1 12.7 2.8
v -1.1 14.3 2.8
v -1.1 14.5 2.8
v -0.8 12.5 2.8
v -0.8 12.7 2.8
v -0.8 14.3 2.8
v -0.8 14.5 2.8
v -4.7 12.2 2.7
v -4.7 12.5 2.7
v -4.7 14.5 2.7
v -4.7 14.8 2.7
v -4.4 12.2 2.7
v -4.4 12.5 2.7
v -4.4 14.5 2.7
v -4.4 14.8 2.7
v -1.1 12.2 2.7
v -1.1 12.5 2.7
v -1.1 14.5 2.7
v -1.1 14.8 2.7
v -0.8 12.2 2.7
v -0.8 12.5 2.7
v -0.8 14.5 2.7
v -0.8 14.8 2.7
v -4.7 12.1 2.6
v -4.7 12.2 2.6
v -4.7 14.8 2.6
v -4.7 14.9 2.6
v -4.4 12.1 2.6
v -4.4 12.2 2.6
v -4.4 14.8 2.6
v -4.4 14.9 2.6
v -1.1 12.1 2.6
v -1.1 12.2 2.6
v -1.1 14.8 2.6
v -1.1 14.9 2.6
v -0.8 12.1 2.6
v -0.8 12.2 2.6
v -0.8 14.8 2.6
v -0.8 14.9 2.6
v -4.7 12 2.5
v -4.7 12.1 2.5
v -4.7 14.9 2.5
v -4.7 15 2.5
v -4.4 12 2.5
v -4.4 12.1 2.5
v -4.4 14.9 2.5
v -4.4 15 2.5
v -1.1 12 2.5
v -1.1 12.1 2.5
v -1.1 14.9 2.5
v -1.1 15 2.5
v -0.8 12 2.5
v -0.8 12.1 2.5
v -0.8 14.9 2.5
v -0.8 15 2.5
v -4.7 11.9 2.4
v -4.7 12 2.4
v -4.7 15 2.4
v -4.7 15.1 2.4
v -4.4 11.9 2.4
v -4.4 12 2.4
v -4.4 15 2.4
v -4.4 15.1 2.4
v -1.1 11.9 2.4
v -1.1 12 2.4
v -1.1 15 2.4
v -1.1 15.1 2.4
v -0.8 11.9 2.4
v -0.8 12 2.4
v -0.8 15 2.4
v -0.8 15.1 2.4
v -4.7 11.6 2.3
v -4.7 11.9 2.3
v -4.7 15.1 2.3
v -4.7 15.4 2.3
v -4.4 11.6 2.3
v -4.4 11.9 2.3
v -4.4 15.1 2.3
v -4.4 15.4 2.3
v -1.1 11.6 2.3
v -1.1 11.9 2.3
v -1.1 15.1 2.3
v -1.1 15.4 2.3
v -0.8 11.6 2.3
v -0.8 11.9 2.3
v -0.8 15.1 2.3
v -0.8 15.4 2.3
v -4.7 11.5 2.2
v -4.7 11.6 2.2
v -4.7 15.4 2.2
v -4.7 15.5 2.2
v -4.4 11.5 2.2
v -4.4 11.6 2.2
v -4.4 15.4 2.2
v -4.4 15.5 2.2
v -1.1 11.5 2.2
v -1.1 11.6 2.2
v -1.1 15.4 2.2
v -1.1 15.5 2.2
v -0.8 11.5 2.2
v -0.8 11.6 2.2
v -0.8 15.4 2.2
v -0.8 15.5 2.2
v -4.7 11.4 1.9
v -4.7 11.5 1.9
v -4.7 15.5 1.9
v -4.7 15.6 1.9
v -4.4 11.4 1.9
v -4.4 11.5 1.9
v -4.4 15.5 1.9
v -4.4 15.6 1.9
v -1.1 11.4 1.9
v -1.1 11.5 1.9
v -1.1 15.5 1.9
v -1.1 15.6 1.9
v -0.8 11.4 1.9
v -0.8 11.5 1.9
v -0.8 15.5 1.9
v -0.8 15.6 1.9
v -4.7 11.3 1.8
v -4.7 11.4 1.8
v -4.7 15.6 1.8
v -4.7 15.7 1.8
v -4.4 11.3 1.8
v -4.4 11.4 1.8
v -4.4 15.6 1.8
v -4.4 15.7 1.8
v -1.1 11.3 1.8
v -1.1 11.4 1.8
v -1.1 15.6 1.8
v -1.1 15.7 1.8
v -0.8 11.3 1.8
v -0.8 11.4 1.8
v -0.8 15.6 1.8
v -0.8 15.7 1.8
v -4.7 11.2 1.7
v -4.7 11.3 1.7
v -4.7 15.7 1.7
v -4.7 15.8 1.7
v -4.4 11.2 1.7
v -4.4 11.3 1.7
v -4.4 15.7 1.7
v -4.4 15.8 1.7
v -1.1 11.2 1.7
v -1.1 11.3 1.7
v -1.1 15.7 1.7
v -1.1 15.8 1.7
v -0.8 11.2 1.7
v -0.8 11.3 1.7
v -0.8 15.7 1.7
v -0.8 15.8 1.7
v -4.7 11.1 1.6
v -4.7 11.2 1.6
v -4.7 15.8 1.6
v -4.7 15.9 1.6
v -4.4 11.1 1.6
v -4.4 11.2 1.6
v -4.4 15.8 1.6
v -4.4 15.9 1.6
v -1.1 11.1 1.6
v -1.1 11.2 1.6
v -1.1 15.8 1.6
v -1.1 15.9 1.6
v -0.8 11.1 1.6
v -0.8 11.2 1.6
v -0.8 15.8 1.6
v -0.8 15.9 1.6
v -6.1 14.5 1.4
v -6.1 15.6 1.4
v -6 14.4 1.4
v -6 14.5 1.4
v -5.9 14.3 1.4
v -5.9 14.4 1.4
v -5.8 14.2 1.4
v -5.8 14.3 1.4
v -5.7 14.1 1.4
v -5.7 14.2 1.4
v -5.5 14 1.4
v -5.5 14.1 1.4
v -5.3 15.5 1.4
v -5.3 15.6 1.4
v -5.1 15.4 1.4
v -5.1 15.5 1.4
v -5 15 1.4
v -5 15.4 1.4
v -4.9 14.1 1.4
v -4.9 15 1.4
v -4.7 11.1 1.4
v -4.7 11.2 1.4
v -4.7 14 1.4
v -4.7 14.1 1.4
v -4.7 14.7 1.4
v -4.7 15.1 1.4
v -4.7 15.6 1.4
v -4.4 11.1 1.4
v -4.4 11.2 1.4
v -1.1 11.1 1.4
v -1.1 11.2 1.4
v -0.8 11.1 1.4
v -0.8 11.2 1.4
v -12.1 14.5 1.3
v -12.1 14.9 1.3
v -12 14.5 1.3
v -12 14.9 1.3
v -11.8 14.5 1.3
v -11.8 14.9 1.3
v -11.7 14.5 1.3
v -11.7 14.9 1.3
v -9.3 14.5 1.3
v -9.3 14.9 1.3
v -9.2 14.5 1.3
v -9.2 14.9 1.3
v -9 14.5 1.3
v -9 14.9 1.3
v -8.9 14.5 1.3
v -8.9 14.9 1.3
v -6.6 14.5 1.3
v -6.6 14.9 1.3
v -6.5 14.5 1.3
v -6.5 14.9 1.3
v -6.3 14.5 1.3
v -6.3 14.9 1.3
v -6.2 14.5 1.3
v -6.2 14.9 1.3
v -6.1 15.6 1.3
v -6.1 15.7 1.3
v -5.3 15.6 1.3
v -4.8 15.6 1.3
v -4.8 15.7 1.3
v -4.7 11 1.3
v -4.7 11.1 1.3
v -4.7 15.6 1.3
v -4.7 15.7 1.3
v -4.7 15.9 1.3
v -4.7 16 1.3
v -4.4 11 1.3
v -4.4 11.1 1.3
v -4.4 15.9 1.3
v -4.4 16 1.3
v -1.1 11 1.3
v -1.1 11.1 1.3
v -1.1 15.9 1.3
v -1.1 16 1.3
v -0.8 11 1.3
v -0.8 11.1 1.3
v -0.8 15.9 1.3
v -0.8 16 1.3
v -12.2 14.5 1.2
v -12.2 14.9 1.2
v -12.1 14.4 1.2
v -12.1 14.5 1.2
v -12.1 14.9 1.2
v -12.1 15 1.2
v -12 14.4 1.2
v -12 14.5 1.2
v -12 14.9 1.2
v -12 15 1.2
v -11.8 14.4 1.2
v -11.8 14.5 1.2
v -11.8 14.9 1.2
v -11.8 15 1.2
v -11.7 14.4 1.2
v -11.7 14.5 1.2
v -11.7 14.9 1.2
v -11.7 15 1.2
v -9.3 14.3 1.2
v -9.3 14.5 1.2
v -9.3 14.9 1.2
v -9.3 15 1.2
v -9.2 14.2 1.2
v -9.2 14.3 1.2
v -9.2 14.5 1.2
v -9.2 14.9 1.2
v -9.2 15 1.2
v -9 14.2 1.2
v -9 14.3 1.2
v -9 14.5 1.2
v -9 14.9 1.2
v -9 15 1.2
v -8.9 14.3 1.2
v -8.9 14.5 1.2
v -8.9 14.9 1.2
v -8.9 15 1.2
v -6.7 14.5 1.2
v -6.7 14.9 1.2
v -6.6 14.3 1.2
v -6.6 14.5 1.2
v -6.6 14.9 1.2
v -6.6 15 1.2
v -6.5 14.2 1.2
v -6.5 14.3 1.2
v -6.5 14.5 1.2
v -6.5 14.9 1.2
v -6.5 15 1.2
v -6.3 14.2 1.2
v -6.3 14.3 1.2
v -6.3 14.5 1.2
v -6.3 14.9 1.2
v -6.3 15 1.2
v -6.2 14.3 1.2
v -6.2 14.5 1.2
v -6.2 14.9 1.2
v -6.2 15 1.2
v -6.1 14.5 1.2
v -6.1 14.9 1.2
v -0.8 13.3 1.2
v -0.8 13.5 1.2
v -0.8 14 1.2
v -0.7 13.3 1.2
v -0.7 13.5 1.2
v -0.7 14 1.2
v -12.2 14.4 1.1
v -12.2 14.5 1.1
v -12.2 14.9 1.1
v -12.2 15 1.1
v -12.1 14.3 1.1
v -12.1 14.4 1.1
v -12.1 14.5 1.1
v -12.1 14.9 1.1
v -12.1 15 1.1
v -12.1 15.1 1.1
v -12 14.3 1.1
v -12 14.4 1.1
v -12 15 1.1
v -12 15.1 1.1
v -11.8 14.2 1.1
v -11.8 14.3 1.1
v -11.8 14.4 1.1
v -11.8 15 1.1
v -11.8 15.1 1.1
v -11.7 14.2 1.1
v -11.7 14.4 1.1
v -11.7 14.5 1.1
v -11.7 14.9 1.1
v -11.7 15 1.1
v -11.7 15.1 1.1
v -11.6 13.9 1.1
v -11.6 14.2 1.1
v -11.6 14.4 1.1
v -11.5 14.1 1.1
v -11.5 14.2 1.1
v -9.6 14 1.1
v -9.6 14.1 1.1
v -9.3 14.3 1.1
v -9.3 14.4 1.1
v -9.3 14.5 1.1
v -9.3 14.9 1.1
v -9.3 15 1.1
v -9.3 15.1 1.1
v -9.2 14.2 1.1
v -9.2 14.3 1.1
v -9.2 15 1.1
v -9.2 15.1 1.1
v -9 14.2 1.1
v -9 14.3 1.1
v -9 15 1.1
v -9 15.1 1.1
v -8.9 14 1.1
v -8.9 14.1 1.1
v -8.9 14.3 1.1
v -8.9 14.4 1.1
v -8.9 14.5 1.1
v -8.9 14.9 1.1
v -8.9 15 1.1
v -8.9 15.1 1.1
v -7 14 1.1
v -7 14.1 1.1
v -6.9 14 1.1
v -6.9 14.1 1.1
v -6.8 13.9 1.1
v -6.8 14.1 1.1
v -6.7 14.4 1.1
v -6.7 14.5 1.1
v -6.7 14.9 1.1
v -6.7 15 1.1
v -6.6 14.3 1.1
v -6.6 14.4 1.1
v -6.6 14.5 1.1
v -6.6 14.9 1.1
v -6.6 15 1.1
v -6.6 15.1 1.1
v -6.5 14.2 1.1
v -6.5 14.3 1.1
v -6.5 15 1.1
v -6.5 15.1 1.1
v -6.3 14.2 1.1
v -6.3 14.3 1.1
v -6.3 15 1.1
v -6.3 15.1 1.1
v -6.2 14.3 1.1
v -6.2 14.4 1.1
v -6.2 14.5 1.1
v -6.2 14.9 1.1
v -6.2 15 1.1
v -6.2 15.1 1.1
v -6.1 14.1 1.1
v -6.1 14.2 1.1
v -6.1 14.4 1.1
v -6.1 14.5 1.1
v -6.1 14.9 1.1
v -6.1 15 1.1
v -6.1 15.7 1.1
v -6.1 15.8 1.1
v -6 14.1 1.1
v -6 14.2 1.1
v -6 14.4 1.1
v -6 14.5 1.1
v -5.9 14.3 1.1
v -5.9 14.4 1.1
v -5.8 14.2 1.1
v -5.8 14.3 1.1
v -5.7 14 1.1
v -5.7 14.1 1.1
v -5.7 14.2 1.1
v -5.5 13.9 1.1
v -5.5 14 1.1
v -5.5 14.1 1.1
v -4.8 15.7 1.1
v -4.8 15.8 1.1
v -4.7 13.9 1.1
v -4.7 14 1.1
v -4.7 15.7 1.1
v -4.7 15.8 1.1
v -4.7 16 1.1
v -4.7 16.1 1.1
v -4.4 16 1.1
v -4.4 16.1 1.1
v -1.1 16 1.1
v -1.1 16.1 1.1
v -0.8 13.2 1.1
v -0.8 13.3 1.1
v -0.8 14 1.1
v -0.8 14.1 1.1
v -0.8 16 1.1
v -0.8 16.1 1.1
v -0.7 13.2 1.1
v -0.7 13.3 1.1
v -0.7 14 1.1
v -0.7 14.1 1.1
v -12.2 14.3 1
v -12.2 14.4 1
v -12.2 15 1
v -12.2 15.1 1
v -12.1 14.3 1
v -12.1 14.4 1
v -12.1 15 1
v -12.1 15.1 1
v -12.1 15.2 1
v -12 14.2 1
v -12 14.3 1
v -12 15.1 1
v -12 15.2 1
v -11.8 14.2 1
v -11.8 14.3 1
v -11.8 15.1 1
v -11.8 15.2 1
v -11.7 15 1
v -11.7 15.1 1
v -11.7 15.2 1
v -11.6 13.8 1
v -11.6 13.9 1
v -9.3 15 1
v -9.3 15.1 1
v -9.3 15.2 1
v -9.2 15.1 1
v -9.2 15.2 1
v -9 15.1 1
v -9 15.2 1
v -8.9 15 1
v -8.9 15.1 1
v -8.9 15.2 1
v -6.9 13.8 1
v -6.9 13.9 1
v -6.7 15 1
v -6.7 15.1 1
v -6.6 15 1
v -6.6 15.1 1
v -6.6 15.2 1
v -6.5 15.1 1
v -6.5 15.2 1
v -6.3 15.1 1
v -6.3 15.2 1
v -6.2 15 1
v -6.2 15.1 1
v -6.2 15.2 1
v -6.1 15 1
v -6.1 15.1 1
v -0.8 13.1 1
v -0.8 13.2 1
v -0.8 14.1 1
v -0.8 14.2 1
v -0.7 13.1 1
v -0.7 13.2 1
v -0.7 14.1 1
v -0.7 14.2 1
v -11.6 13.7 0.9
v -11.6 13.8 0.9
v -6.9 13.7 0.9
v -6.9 13.8 0.9
v -0.8 12.4 0.9
v -0.8 12.6 0.9
v -0.8 13.1 0.9
v -0.8 14.2 0.9
v -0.8 15.1 0.9
v -0.8 15.3 0.9
v -0.8 15.4 0.9
v -0.7 12.4 0.9
v -0.7 12.5 0.9
v -0.7 13.1 0.9
v -0.7 13.7 0.9
v -0.7 14.2 0.9
v -0.6 12.5 0.9
v -0.6 12.6 0.9
v -0.6 12.7 0.9
v -0.6 13.7 0.9
v -0.6 14 0.9
v -0.6 15.2 0.9
v -0.6 15.3 0.9
v -0.6 15.4 0.9
v -0.5 14 0.9
v -0.5 15.2 0.9
v -0.2 15.2 0.9
v -0.2 15.3 0.9
v 0 12.6 0.9
v 0 12.7 0.9
v 0 15.1 0.9
v 0 15.2 0.9
v 0.2 12.7 0.9
v 0.2 12.8 0.9
v 0.3 15 0.9
v 0.3 15.1 0.9
v 0.7 14.9 0.9
v 0.7 15 0.9
v 0.8 12.8 0.9
v 0.8 12.9 0.9
v 0.9 14.8 0.9
v 0.9 14.9 0.9
v 1 12.7 0.9
v 1 12.8 0.9
v 1 12.9 0.9
v 1 13 0.9
v 1 14.9 0.9
v 1 15 0.9
v 1.1 12.8 0.9
v 1.1 12.9 0.9
v 1.1 14.6 0.9
v 1.1 14.8 0.9
v 1.2 13 0.9
v 1.2 13.1 0.9
v 1.2 14.4 0.9
v 1.2 14.6 0.9
v 1.2 14.8 0.9
v 1.2 14.9 0.9
v 1.4 13.1 0.9
v 1.4 13.2 0.9
v 1.4 14.2 0.9
v 1.4 14.4 0.9
v 1.4 14.7 0.9
v 1.4 14.8 0.9
v 1.5 14 0.9
v 1.5 14.2 0.9
v 1.6 13.2 0.9
v 1.6 13.3 0.9
v 1.6 13.8 0.9
v 1.6 14 0.9
v 1.6 14.6 0.9
v 1.6 14.7 0.9
v 1.7 13.3 0.9
v 1.7 13.8 0.9
v 1.7 14.5 0.9
v 1.7 14.6 0.9
v 1.8 14.3 0.9
v 1.8 14.5 0.9
v 1.9 12.7 0.9
v 1.9 12.8 0.9
v 1.9 14.1 0.9
v 1.9 14.3 0.9
v 2 13.8 0.9
v 2 14.1 0.9
v 2.1 12.8 0.9
v 2.1 12.9 0.9
v 2.1 13.3 0.9
v 2.1 13.8 0.9
v 2.2 12.8 0.9
v 2.2 13.3 0.9
v -12.1 15.2 0.8
v -12.1 15.5 0.8
v -12 15.2 0.8
v -12 15.5 0.8
v -11.8 15.2 0.8
v -11.8 15.5 0.8
v -11.7 15.2 0.8
v -11.7 15.5 0.8
v -9.3 15.2 0.8
v -9.3 15.5 0.8
v -9.2 11.5 0.8
v -9.2 11.6 0.8
v -9.2 12.5 0.8
v -9.2 12.8 0.8
v -9.2 13.1 0.8
v -9.2 13.7 0.8
v -9.2 15.2 0.8
v -9.2 15.5 0.8
v -9.1 10.3 0.8
v -9.1 10.5 0.8
v -9.1 10.7 0.8
v -9.1 11.5 0.8
v -9.1 11.6 0.8
v -9.1 12.5 0.8
v -9.1 12.8 0.8
v -9.1 13.1 0.8
v -9 9.5 0.8
v -9 10.3 0.8
v -9 10.5 0.8
v -9 10.7 0.8
v -9 15.2 0.8
v -9 15.5 0.8
v -8.9 9.4 0.8
v -8.9 9.5 0.8
v -8.9 15.2 0.8
v -8.9 15.5 0.8
v -8.7 12.6 0.8
v -8.7 12.7 0.8
v -8.7 13.4 0.8
v -8.7 13.7 0.8
v -8.6 9.4 0.8
v -8.6 9.6 0.8
v -8.6 10.2 0.8
v -8.6 10.4 0.8
v -8.6 11.2 0.8
v -8.6 11.6 0.8
v -8.6 12 0.8
v -8.6 12.6 0.8
v -8.6 12.7 0.8
v -8.6 13.4 0.8
v -8.5 10 0.8
v -8.5 10.2 0.8
v -8.5 10.4 0.8
v -8.5 11.2 0.8
v -8.5 11.6 0.8
v -8.5 12 0.8
v -8.4 9.6 0.8
v -8.4 10 0.8
v -6.6 15.2 0.8
v -6.6 15.5 0.8
v -6.5 15.2 0.8
v -6.5 15.5 0.8
v -6.3 15.2 0.8
v -6.3 15.5 0.8
v -6.2 15.2 0.8
v -6.2 15.5 0.8
v -5 11 0.8
v -5 13.9 0.8
v -4.8 10.9 0.8
v -4.8 11 0.8
v -4.8 11.1 0.8
v -4.7 10.9 0.8
v -4.7 11 0.8
v -4.7 11.1 0.8
v -4.7 11.7 0.8
v -4.7 12 0.8
v -4.7 13.2 0.8
v -4.7 13.5 0.8
v -4.7 13.6 0.8
v -4.7 13.9 0.8
v -12.2 14.4 0.7
v -12.2 14.5 0.7
v -12.2 14.9 0.7
v -12.2 15 0.7
v -12.2 15.1 0.7
v -12.2 15.5 0.7
v -12.1 14.4 0.7
v -12.1 14.5 0.7
v -12.1 14.9 0.7
v -12.1 15 0.7
v -12.1 15.1 0.7
v -12.1 15.5 0.7
v -12.1 15.6 0.7
v -12 15.5 0.7
v -12 15.6 0.7
v -11.8 15.5 0.7
v -11.8 15.6 0.7
v -11.7 15.1 0.7
v -11.7 15.5 0.7
v -11.7 15.6 0.7
v -9.3 11.5 0.7
v -9.3 11.6 0.7
v -9.3 12.1 0.7
v -9.3 12.8 0.7
v -9.3 12.9 0.7
v -9.3 13.7 0.7
v -9.3 15.1 0.7
v -9.3 15.5 0.7
v -9.3 15.6 0.7
v -9.2 9.7 0.7
v -9.2 10.5 0.7
v -9.2 10.7 0.7
v -9.2 11.5 0.7
v -9.2 11.6 0.7
v -9.2 12.1 0.7
v -9.2 12.5 0.7
v -9.2 12.8 0.7
v -9.2 12.9 0.7
v -9.2 13.1 0.7
v -9.2 13.7 0.7
v -9.2 15.5 0.7
v -9.2 15.6 0.7
v -9.1 9.5 0.7
v -9.1 9.7 0.7
v -9.1 10.3 0.7
v -9.1 10.5 0.7
v -9.1 10.7 0.7
v -9.1 11.5 0.7
v -9.1 11.6 0.7
v -9.1 12.5 0.7
v -9.1 12.8 0.7
v -9.1 13.1 0.7
v -9 9.5 0.7
v -9 10.3 0.7
v -9 10.5 0.7
v -9 10.7 0.7
v -9 15.5 0.7
v -9 15.6 0.7
v -8.9 15.1 0.7
v -8.9 15.5 0.7
v -8.9 15.6 0.7
v -8.7 12.6 0.7
v -8.7 12.7 0.7
v -8.7 13.4 0.7
v -8.7 13.7 0.7
v -8.6 10.2 0.7
v -8.6 10.4 0.7
v -8.6 11.2 0.7
v -8.6 11.6 0.7
v -8.6 12 0.7
v -8.6 12.6 0.7
v -8.6 12.7 0.7
v -8.6 13.4 0.7
v -8.6 13.6 0.7
v -8.6 13.7 0.7
v -8.5 10 0.7
v -8.5 10.2 0.7
v -8.5 10.4 0.7
v -8.5 11.2 0.7
v -8.5 11.6 0.7
v -8.5 12 0.7
v -8.5 12.7 0.7
v -8.5 13 0.7
v -8.5 13.6 0.7
v -8.4 9.6 0.7
v -8.4 10 0.7
v -8.4 10.4 0.7
v -8.4 10.8 0.7
v -8.4 11.2 0.7
v -8.4 11.6 0.7
v -8.4 12 0.7
v -8.4 12.7 0.7
v -8.4 13 0.7
v -8.3 9.6 0.7
v -8.3 10 0.7
v -8.3 10.4 0.7
v -8.3 10.8 0.7
v -6.7 15.1 0.7
v -6.7 15.5 0.7
v -6.6 15.1 0.7
v -6.6 15.5 0.7
v -6.6 15.6 0.7
v -6.5 15.5 0.7
v -6.5 15.6 0.7
v -6.3 15.5 0.7
v -6.3 15.6 0.7
v -6.2 15.1 0.7
v -6.2 15.5 0.7
v -6.2 15.6 0.7
v -6.1 15.1 0.7
v -6.1 15.5 0.7
v -5 10.6 0.7
v -5 10.7 0.7
v -5 10.8 0.7
v -5 10.9 0.7
v -4.8 10.6 0.7
v -4.8 10.7 0.7
v -4.8 10.8 0.7
v -4.8 10.9 0.7
v -4.7 10.6 0.7
v -4.7 10.7 0.7
v -4.7 10.8 0.7
v -4.7 10.9 0.7
v -12.2 14.5 0.6
v -12.2 14.6 0.6
v -12.2 14.8 0.6
v -12.2 14.9 0.6
v -12.2 15.5 0.6
v -12.2 15.6 0.6
v -12.1 14.5 0.6
v -12.1 14.6 0.6
v -12.1 14.8 0.6
v -12.1 14.9 0.6
v -12.1 15.5 0.6
v -12.1 15.6 0.6
v -12.1 15.7 0.6
v -12 15.6 0.6
v -12 15.7 0.6
v -11.8 15.6 0.6
v -11.8 15.7 0.6
v -11.7 15.5 0.6
v -11.7 15.6 0.6
v -11.7 15.7 0.6
v -9.3 15.5 0.6
v -9.3 15.6 0.6
v -9.3 15.7 0.6
v -9.2 15.6 0.6
v -9.2 15.7 0.6
v -9 15.6 0.6
v -9 15.7 0.6
v -8.9 15.5 0.6
v -8.9 15.6 0.6
v -8.9 15.7 0.6
v -6.7 15.5 0.6
v -6.7 15.6 0.6
v -6.6 15.5 0.6
v -6.6 15.6 0.6
v -6.6 15.7 0.6
v -6.5 15.6 0.6
v -6.5 15.7 0.6
v -6.3 15.6 0.6
v -6.3 15.7 0.6
v -6.2 15.5 0.6
v -6.2 15.6 0.6
v -6.2 15.7 0.6
v -6.1 15.5 0.6
v -6.1 15.6 0.6
v -0.9 10.3 0.6
v -0.9 10.8 0.6
v -0.8 9.9 0.6
v -0.8 10.3 0.6
v -0.8 10.8 0.6
v -0.8 11 0.6
v -0.8 11.6 0.6
v -0.8 11.9 0.6
v -0.8 12.4 0.6
v -0.7 9.6 0.6
v -0.7 9.9 0.6
v -0.7 12.4 0.6
v -0.7 12.5 0.6
v -0.6 10.4 0.6
v -0.6 12.5 0.6
v -0.5 9.5 0.6
v -0.5 9.6 0.6
v -0.5 10 0.6
v -0.5 10.4 0.6
v -0.4 9.4 0.6
v -0.4 9.5 0.6
v -0.4 9.8 0.6
v -0.4 10 0.6
v -0.3 9.3 0.6
v -0.3 9.4 0.6
v -0.3 9.6 0.6
v -0.3 9.8 0.6
v -0.2 9.2 0.6
v -0.2 9.3 0.6
v -0.2 9.5 0.6
v -0.2 9.6 0.6
v -0.1 9.1 0.6
v -0.1 9.2 0.6
v -0.1 9.4 0.6
v -0.1 9.5 0.6
v 0 9 0.6
v 0 9.1 0.6
v 0 9.3 0.6
v 0 9.4 0.6
v 0.1 9.2 0.6
v 0.1 9.3 0.6
v 0.2 8.9 0.6
v 0.2 9 0.6
v 0.4 9.1 0.6
v 0.4 9.2 0.6
v 0.5 8.8 0.6
v 0.5 8.9 0.6
v 0.6 9 0.6
v 0.6 9.1 0.6
v 0.8 8.7 0.6
v 0.8 8.8 0.6
v 0.9 8.9 0.6
v 0.9 9 0.6
v 1 8.8 0.6
v 1 8.9 0.6
v 1.1 8.6 0.6
v 1.1 8.7 0.6
v 1.2 12.5 0.6
v 1.2 12.7 0.6
v 1.3 8.7 0.6
v 1.3 8.8 0.6
v 1.3 12.2 0.6
v 1.3 12.5 0.6
v 1.4 8.6 0.6
v 1.4 8.7 0.6
v 1.4 8.8 0.6
v 1.4 8.9 0.6
v 1.4 12 0.6
v 1.4 12.2 0.6
v 1.4 12.5 0.6
v 1.5 8.6 0.6
v 1.5 8.7 0.6
v 1.5 8.8 0.6
v 1.5 10.9 0.6
v 1.5 11.7 0.6
v 1.5 12 0.6
v 1.5 12.5 0.6
v 1.5 12.6 0.6
v 1.6 8.6 0.6
v 1.6 8.8 0.6
v 1.6 8.9 0.6
v 1.6 9.1 0.6
v 1.6 9.2 0.6
v 1.6 10.9 0.6
v 1.6 11.4 0.6
v 1.6 11.7 0.6
v 1.7 8.5 0.6
v 1.7 8.6 0.6
v 1.7 8.9 0.6
v 1.7 9.1 0.6
v 1.7 9.2 0.6
v 1.7 9.5 0.6
v 1.7 10.9 0.6
v 1.7 11.4 0.6
v 1.8 9.5 0.6
v 1.8 10.9 0.6
v 1.9 12.7 0.6
v 1.9 12.8 0.6
v 2 12.6 0.6
v 2 12.7 0.6
v 2.1 12.8 0.6
v 2.2 12.8 0.6
v 2.3 12.6 0.6
v 2.3 12.7 0.6
v 2.4 12.4 0.6
v 2.4 12.6 0.6
v 2.5 12.1 0.6
v 2.5 12.4 0.6
v 2.5 12.7 0.6
v 2.5 12.8 0.6
v 2.6 11.8 0.6
v 2.6 12.1 0.6
v 2.6 12.4 0.6
v 2.6 12.7 0.6
v 2.7 11.4 0.6
v 2.7 11.8 0.6
v 2.7 12 0.6
v 2.7 12.4 0.6
v 2.8 10.9 0.6
v 2.8 11.4 0.6
v 2.8 11.6 0.6
v 2.8 12 0.6
v 2.9 10.6 0.6
v 2.9 10.9 0.6
v 2.9 11.3 0.6
v 2.9 11.6 0.6
v 3 10.3 0.6
v 3 10.6 0.6
v 3 10.9 0.6
v 3 11.3 0.6
v 3.1 9.8 0.6
v 3.1 10.3 0.6
v 3.1 10.4 0.6
v 3.1 10.9 0.6
v 3.2 9.4 0.6
v 3.2 9.8 0.6
v 3.2 10.1 0.6
v 3.2 10.4 0.6
v 3.3 8.8 0.6
v 3.3 9.4 0.6
v 3.3 9.7 0.6
v 3.3 10.1 0.6
v 3.4 8.5 0.6
v 3.4 8.6 0.6
v 3.4 8.8 0.6
v 3.4 9.1 0.6
v 3.4 9.7 0.6
v 3.5 8.6 0.6
v 3.5 9.1 0.6
v -12.2 14.6 0.5
v -12.2 14.8 0.5
v -12.2 15.6 0.5
v -12.2 15.7 0.5
v -12.1 14.6 0.5
v -12.1 14.8 0.5
v -12.1 15.6 0.5
v -12.1 15.7 0.5
v -12.1 15.8 0.5
v -12 15.7 0.5
v -12 15.8 0.5
v -11.8 15.7 0.5
v -11.8 15.8 0.5
v -11.7 15.6 0.5
v -11.7 15.7 0.5
v -11.7 15.8 0.5
v -9.5 13.3 0.5
v -9.5 13.7 0.5
v -9.4 11.1 0.5
v -9.4 11.6 0.5
v -9.4 12.1 0.5
v -9.4 12.8 0.5
v -9.4 12.9 0.5
v -9.4 13.3 0.5
v -9.4 13.7 0.5
v -9.3 9.7 0.5
v -9.3 10.3 0.5
v -9.3 10.5 0.5
v -9.3 10.7 0.5
v -9.3 11.1 0.5
v -9.3 11.5 0.5
v -9.3 11.6 0.5
v -9.3 12.1 0.5
v -9.3 12.8 0.5
v -9.3 12.9 0.5
v -9.3 13.3 0.5
v -9.3 13.7 0.5
v -9.3 15.6 0.5
v -9.3 15.7 0.5
v -9.3 15.8 0.5
v -9.2 9.5 0.5
v -9.2 9.7 0.5
v -9.2 10.3 0.5
v -9.2 10.5 0.5
v -9.2 10.7 0.5
v -9.2 11.1 0.5
v -9.2 11.5 0.5
v -9.2 11.6 0.5
v -9.2 12.1 0.5
v -9.2 12.8 0.5
v -9.2 12.9 0.5
v -9.2 15.7 0.5
v -9.2 15.8 0.5
v -9.1 9.5 0.5
v -9.1 9.7 0.5
v -9.1 10.5 0.5
v -9.1 10.7 0.5
v -9 15.7 0.5
v -9 15.8 0.5
v -8.9 15.6 0.5
v -8.9 15.7 0.5
v -8.9 15.8 0.5
v -8.6 13.6 0.5
v -8.6 13.7 0.5
v -8.5 11.2 0.5
v -8.5 11.6 0.5
v -8.5 12 0.5
v -8.5 12.6 0.5
v -8.5 13 0.5
v -8.5 13.6 0.5
v -8.5 13.7 0.5
v -8.4 10 0.5
v -8.4 10.4 0.5
v -8.4 10.8 0.5
v -8.4 11.2 0.5
v -8.4 11.6 0.5
v -8.4 11.8 0.5
v -8.4 12 0.5
v -8.4 12.6 0.5
v -8.4 13 0.5
v -8.4 13.6 0.5
v -8.3 10 0.5
v -8.3 10.4 0.5
v -8.3 10.8 0.5
v -8.3 11.2 0.5
v -8.3 11.6 0.5
v -8.3 11.8 0.5
v -6.7 15.6 0.5
v -6.7 15.7 0.5
v -6.6 15.6 0.5
v -6.6 15.7 0.5
v -6.6 15.8 0.5
v -6.5 15.7 0.5
v -6.5 15.8 0.5
v -6.3 15.7 0.5
v -6.3 15.8 0.5
v -6.2 15.6 0.5
v -6.2 15.7 0.5
v -6.2 15.8 0.5
v -6.1 15.6 0.5
v -6.1 15.7 0.5
v -5.6 9.8 0.5
v -5.6 10.3 0.5
v -5.5 9.7 0.5
v -5.5 9.8 0.5
v -5.4 9.6 0.5
v -5.4 9.7 0.5
v -5.2 10.2 0.5
v -5.2 10.3 0.5
v -5.1 13.5 0.5
v -5.1 13.9 0.5
v -5 9.5 0.5
v -5 9.6 0.5
v -5 10.2 0.5
v -5 10.3 0.5
v -5 13.5 0.5
v -5 13.9 0.5
v -4.9 10.3 0.5
v -4.9 10.4 0.5
v -4.8 10.3 0.5
v -4.8 10.4 0.5
v -4.7 10.4 0.5
v -4.7 10.6 0.5
v -4.7 10.7 0.5
v -4.7 10.8 0.5
v -4.7 10.9 0.5
v -4.7 11 0.5
v -4.7 16.1 0.5
v -4.7 16.2 0.5
v -4.4 10.9 0.5
v -4.4 11 0.5
v -4.4 16.1 0.5
v -4.4 16.2 0.5
v -4 10.2 0.5
v -4 10.7 0.5
v -3.9 10.1 0.5
v -3.9 10.2 0.5
v -3.7 10.7 0.5
v -3.7 10.8 0.5
v -1.9 10.7 0.5
v -1.9 10.8 0.5
v -1.8 10.1 0.5
v -1.8 10.2 0.5
v -1.7 10.2 0.5
v -1.7 10.3 0.5
v -1.6 10.3 0.5
v -1.6 10.7 0.5
v -1.1 9.5 0.5
v -1.1 9.6 0.5
v -1.1 10.7 0.5
v -1.1 10.8 0.5
v -1.1 10.9 0.5
v -1.1 11 0.5
v -1.1 16.1 0.5
v -1.1 16.2 0.5
v -1 10.2 0.5
v -1 10.7 0.5
v -0.9 9.7 0.5
v -0.9 10.2 0.5
v -0.9 10.3 0.5
v -0.9 10.8 0.5
v -0.8 9.6 0.5
v -0.8 9.7 0.5
v -0.8 9.9 0.5
v -0.8 10.3 0.5
v -0.8 10.9 0.5
v -0.8 11 0.5
v -0.8 16.1 0.5
v -0.8 16.2 0.5
v -0.7 9.6 0.5
v -0.7 9.9 0.5
v -0.6 9.5 0.5
v -0.6 9.6 0.5
v -0.6 15.3 0.5
v -0.6 15.4 0.5
v -0.2 15.2 0.5
v -0.2 15.3 0.5
v -0.2 15.4 0.5
v 0 15.1 0.5
v 0 15.2 0.5
v 0 15.3 0.5
v 0.2 12.6 0.5
v 0.2 12.7 0.5
v 0.3 12.6 0.5
v 0.3 12.7 0.5
v 0.3 15 0.5
v 0.3 15.1 0.5
v 0.3 15.2 0.5
v 0.4 12.6 0.5
v 0.4 12.7 0.5
v 0.6 15 0.5
v 0.6 15.1 0.5
v 0.7 12.6 0.5
v 0.7 12.7 0.5
v 0.8 12.6 0.5
v 0.8 12.7 0.5
v 0.9 12.6 0.5
v 0.9 12.7 0.5
v -8.5 12.6 0.4
v -8.5 12.7 0.4
v -8.5 13.6 0.4
v -8.5 13.7 0.4
v -8.4 11.2 0.4
v -8.4 11.6 0.4
v -8.4 11.8 0.4
v -8.4 12.1 0.4
v -8.4 12.6 0.4
v -8.4 12.7 0.4
v -8.4 13.6 0.4
v -8.4 13.7 0.4
v -8.3 9.6 0.4
v -8.3 10 0.4
v -8.3 11.2 0.4
v -8.3 11.6 0.4
v -8.3 11.8 0.4
v -8.3 12.1 0.4
v -8.2 9.6 0.4
v -8.2 10 0.4
v -6.2 13.7 0.4
v -6.2 13.8 0.4
v -6.1 13.6 0.4
v -6.1 13.7 0.4
v -6.1 13.8 0.4
v -6.1 13.9 0.4
v -6 13.6 0.4
v -6 13.7 0.4
v -6 13.8 0.4
v -6 13.9 0.4
v -5.9 13.6 0.4
v -5.9 13.7 0.4
v -5.9 13.8 0.4
v -5.9 13.9 0.4
v -5.8 13.7 0.4
v -5.8 13.8 0.4
v -5.6 13.6 0.4
v -5.6 13.7 0.4
v -5.6 13.8 0.4
v -5.6 13.9 0.4
v -5.5 13.6 0.4
v -5.5 13.7 0.4
v -5.5 13.8 0.4
v -5.5 13.9 0.4
v -5.4 13.7 0.4
v -5.4 13.8 0.4
v -5.1 13.4 0.4
v -5.1 13.5 0.4
v -5.1 13.6 0.4
v -5.1 13.7 0.4
v -5.1 13.8 0.4
v -5.1 13.9 0.4
v -5 13.4 0.4
v -5 13.5 0.4
v -0.5 15.4 0.4
v -0.5 15.5 0.4
v -0.4 15.4 0.4
v -0.4 15.5 0.4
v -0.4 15.6 0.4
v -0.3 15.4 0.4
v -0.3 15.5 0.4
v -0.3 15.6 0.4
v -0.3 15.7 0.4
v -0.2 15.3 0.4
v -0.2 15.4 0.4
v -0.2 15.5 0.4
v -0.2 15.6 0.4
v -0.2 15.7 0.4
v -0.2 15.8 0.4
v -0.1 15.3 0.4
v -0.1 15.4 0.4
v -0.1 15.5 0.4
v -0.1 15.7 0.4
v -0.1 15.8 0.4
v -0.1 15.9 0.4
v 0 15.3 0.4
v 0 15.4 0.4
v 0 15.5 0.4
v 0 15.6 0.4
v 0 15.8 0.4
v 0 15.9 0.4
v 0 16 0.4
v 0.1 15.5 0.4
v 0.1 15.6 0.4
v 0.2 15.6 0.4
v 0.2 15.7 0.4
v 0.3 15.6 0.4
v 0.3 15.7 0.4
v 0.4 11.3 0.4
v 0.4 11.4 0.4
v 0.4 15.7 0.4
v 0.4 15.8 0.4
v 0.4 15.9 0.4
v 0.4 16 0.4
v 0.5 11.3 0.4
v 0.5 11.4 0.4
v 0.5 11.6 0.4
v 0.5 11.7 0.4
v 0.5 12.3 0.4
v 0.5 12.4 0.4
v 0.5 12.6 0.4
v 0.5 15.7 0.4
v 0.5 15.8 0.4
v 0.6 11.4 0.4
v 0.6 11.6 0.4
v 0.6 11.7 0.4
v 0.6 11.9 0.4
v 0.6 12.3 0.4
v 0.6 12.4 0.4
v 0.6 12.6 0.4
v 0.6 15 0.4
v 0.6 15.1 0.4
v 0.6 15.7 0.4
v 0.6 15.8 0.4
v 0.7 11.3 0.4
v 0.7 11.4 0.4
v 0.7 11.6 0.4
v 0.7 11.9 0.4
v 0.7 12 0.4
v 0.7 12.4 0.4
v 0.7 12.6 0.4
v 0.7 15 0.4
v 0.7 15.1 0.4
v 0.7 15.8 0.4
v 0.7 15.9 0.4
v 0.8 11.4 0.4
v 0.8 11.6 0.4
v 0.8 11.8 0.4
v 0.8 11.9 0.4
v 0.8 12 0.4
v 0.8 12.2 0.4
v 0.8 12.4 0.4
v 0.8 12.6 0.4
v 0.8 15.9 0.4
v 0.8 16 0.4
v 0.9 11.8 0.4
v 0.9 11.9 0.4
v 0.9 12 0.4
v 0.9 12.2 0.4
v -6.2 13.6 0.3
v -6.2 13.7 0.3
v -6.2 13.8 0.3
v -6.2 13.9 0.3
v -6.1 13.6 0.3
v -6.1 13.7 0.3
v -6.1 13.8 0.3
v -6.1 13.9 0.3
v -5.9 13.6 0.3
v -5.9 13.7 0.3
v -5.9 13.8 0.3
v -5.9 13.9 0.3
v -5.8 13.6 0.3
v -5.8 13.7 0.3
v -5.8 13.8 0.3
v -5.8 13.9 0.3
v -5.6 13.7 0.3
v -5.6 13.8 0.3
v 0.1 15.5 0.3
v 0.1 15.6 0.3
v 0.2 15.5 0.3
v 0.2 15.6 0.3
v -12.2 14.4 0.2
v -12.2 14.9 0.2
v -12.2 15 0.2
v -12.2 15.1 0.2
v -12.2 15.5 0.2
v -12.2 15.6 0.2
v -12.1 14.4 0.2
v -12.1 14.5 0.2
v -12.1 15 0.2
v -12.1 15.1 0.2
v -12.1 15.5 0.2
v -12.1 15.6 0.2
v -11.8 14.5 0.2
v -11.7 14.5 0.2
v -11.7 14.9 0.2
v -11.6 14.5 0.2
v -9.9 14.5 0.2
v -9.5 14.5 0.2
v -9.3 14.5 0.2
v -9.3 14.9 0.2
v -9 14.5 0.2
v -8.9 14.5 0.2
v -8.9 14.9 0.2
v -8.4 12.1 0.2
v -8.4 12.2 0.2
v -8.3 12.1 0.2
v -8.3 12.2 0.2
v -8.3 14.5 0.2
v -6.7 14.5 0.2
v -6.7 14.9 0.2
v -6.6 14.5 0.2
v -6.3 14.5 0.2
v -6.1 14.5 0.2
v -6.1 14.9 0.2
v -12.2 15.1 0.1
v -12.2 15.2 0.1
v -12.2 15.4 0.1
v -12.2 15.5 0.1
v -12.1 15.1 0.1
v -12.1 15.2 0.1
v -12.1 15.4 0.1
v -12.1 15.5 0.1
v -11.7 14.4 0.1
v -11.7 14.5 0.1
v -11.6 14.4 0.1
v -11.6 14.5 0.1
v 0.3 12 0.1
v 0.3 12.1 0.1
v 0.3 12.2 0.1
v 0.3 12.5 0.1
v 0.3 12.6 0.1
v 0.4 12 0.1
v 0.4 12.1 0.1
v 0.4 12.2 0.1
v 0.4 12.3 0.1
v 0.4 12.5 0.1
v 0.4 12.6 0.1
v 0.5 12 0.1
v 0.5 12.1 0.1
v 0.5 12.3 0.1
v 0.5 12.5 0.1
v 0.5 12.6 0.1
v 0.6 12 0.1
v 0.6 12.1 0.1
v 0.6 12.2 0.1
v 0.6 12.4 0.1
v 0.6 12.5 0.1
v 0.6 12.6 0.1
v 0.7 12.2 0.1
v 0.7 12.4 0.1
v -12.2 14.3 2.38419e-07
v -12.2 14.4 2.38419e-07
v -12.2 15.2 2.38419e-07
v -12.2 15.4 2.38419e-07
v -12.1 14.2 2.38419e-07
v -12.1 14.3 2.38419e-07
v -12.1 14.4 2.38419e-07
v -12.1 15.2 2.38419e-07
v -12.1 15.4 2.38419e-07
v -12 14.2 2.38419e-07
v -12 14.3 2.38419e-07
v -11.8 14.2 2.38419e-07
v -11.8 14.3 2.38419e-07
v -0.1 15.2 2.38419e-07
v -0.1 15.3 2.38419e-07
v 0 15.1 2.38419e-07
v 0 15.2 2.38419e-07
v 0 15.3 2.38419e-07
v 0.3 15 2.38419e-07
v 0.3 15.1 2.38419e-07
v 0.3 15.2 2.38419e-07
v 0.5 15 2.38419e-07
v 0.5 15.1 2.38419e-07
v -12.2 14.4 -0.3
v -12.2 14.5 -0.3
v -12.2 14.9 -0.3
v -12.2 15 -0.3
v -12.1 14.4 -0.3
v -12.1 14.5 -0.3
v -12.1 14.9 -0.3
v -12.1 15 -0.3
v -12.2 14.5 -0.4
v -12.2 14.6 -0.4
v -12.2 14.8 -0.4
v -12.2 14.9 -0.4
v -12.1 14.5 -0.4
v -12.1 14.6 -0.4
v -12.1 14.8 -0.4
v -12.1 14.9 -0.4
v -12.2 14.6 -0.5
v -12.2 14.8 -0.5
v -12.1 14.6 -0.5
v -12.1 14.8 -0.5
v -4.7 11.1 -1.1
v -4.7 11.2 -1.1
v -4.4 11.1 -1.1
v -4.4 11.2 -1.1
v -1.1 11.1 -1.1
v -1.1 11.2 -1.1
v -0.8 11.1 -1.1
v -0.8 11.2 -1.1
v -4.7 11.1 1.5
v -4.7 11.2 1.5
v -4.4 11.1 1.5
v -4.4 11.2 1.5
v -1.1 11.1 1.5
v -1.1 11.2 1.5
v -0.8 11.1 1.5
v -0.8 11.2 1.5
v -12.2 14.6 1.1
v -12.2 14.8 1.1
v -12.1 14.6 1.1
v -12.1 14.8 1.1
v -12.2 14.5 1
v -12.2 14.6 1
v -12.2 14.8 1
v -12.2 14.9 1
v -12.1 14.5 1
v -12.1 14.6 1
v -12.1 14.8 1
v -12.1 14.9 1
v -12.2 14.4 0.9
v -12.2 14.5 0.9
v -12.2 14.9 0.9
v -12.2 15 0.9
v -12.1 14.4 0.9
v -12.1 14.5 0.9
v -12.1 14.9 0.9
v -12.1 15 0.9
v -12.2 14.3 0.6
v -12.2 14.4 0.6
v -12.2 15.2 0.6
v -12.2 15.4 0.6
v -12.1 14.3 0.6
v -12.1 14.4 0.6
v -12.1 15.2 0.6
v -12.1 15.4 0.6
v -12 14.2 0.6
v -12 14.3 0.6
v -11.8 14.2 0.6
v -11.8 14.3 0.6
v -12.2 15.1 0.5
v -12.2 15.2 0.5
v -12.2 15.4 0.5
v -12.2 15.5 0.5
v -12.1 15.1 0.5
v -12.1 15.2 0.5
v -12.1 15.4 0.5
v -12.1 15.5 0.5
v -11.7 14.4 0.5
v -11.7 14.5 0.5
v -11.6 14.4 0.5
v -11.6 14.5 0.5
v -12.2 14.4 0.4
v -12.2 14.9 0.4
v -12.2 15 0.4
v -12.2 15.1 0.4
v -12.2 15.5 0.4
v -12.2 15.6 0.4
v -12.1 14.4 0.4
v -12.1 14.5 0.4
v -12.1 15 0.4
v -12.1 15.1 0.4
v -12.1 15.5 0.4
v -12.1 15.6 0.4
v -11.8 14.5 0.4
v -11.7 14.5 0.4
v -11.7 14.9 0.4
v -11.6 14.5 0.4
v -9.9 14.5 0.4
v -9.5 14.5 0.4
v -9.3 14.5 0.4
v -9.3 14.9 0.4
v -9 14.5 0.4
v -8.9 14.5 0.4
v -8.9 14.9 0.4
v -8.3 14.5 0.4
v -6.7 14.5 0.4
v -6.7 14.9 0.4
v -6.6 14.5 0.4
v -6.3 14.5 0.4
v -6.1 14.5 0.4
v -6.1 14.9 0.4
v -0.1 15.2 0.4
v -0.1 15.3 0.4
v 0 15.1 0.4
v 0 15.2 0.4
v 0 15.3 0.4
v 0.3 15 0.4
v 0.3 15.1 0.4
v 0.3 15.2 0.4
v 0.5 15 0.4
v 0.5 15.1 0.4
v 0.4 11.3 0.2
v 0.4 11.4 0.2
v 0.5 11.3 0.2
v 0.5 11.4 0.2
v 0.5 11.6 0.2
v 0.5 11.7 0.2
v 0.5 12.3 0.2
v 0.5 12.4 0.2
v 0.5 12.6 0.2
v 0.6 11.4 0.2
v 0.6 11.6 0.2
v 0.6 11.7 0.2
v 0.6 11.9 0.2
v 0.6 12.3 0.2
v 0.6 12.4 0.2
v 0.6 12.6 0.2
v 0.7 11.3 0.2
v 0.7 11.4 0.2
v 0.7 11.6 0.2
v 0.7 11.9 0.2
v 0.7 12 0.2
v 0.7 12.4 0.2
v 0.7 12.6 0.2
v 0.8 11.4 0.2
v 0.8 11.6 0.2
v 0.8 11.8 0.2
v 0.8 11.9 0.2
v 0.8 12 0.2
v 0.8 12.2 0.2
v 0.8 12.4 0.2
v 0.8 12.6 0.2
v 0.9 11.8 0.2
v 0.9 11.9 0.2
v 0.9 12 0.2
v 0.9 12.2 0.2
v -12.2 14.6 0.1
v -12.2 14.8 0.1
v -12.2 15.6 0.1
v -12.2 15.7 0.1
v -12.1 14.6 0.1
v -12.1 14.8 0.1
v -12.1 15.6 0.1
v -12.1 15.7 0.1
v -12.1 15.8 0.1
v -12 15.7 0.1
v -12 15.8 0.1
v -11.8 15.7 0.1
v -11.8 15.8 0.1
v -11.7 15.6 0.1
v -11.7 15.7 0.1
v -11.7 15.8 0.1
v -9.3 15.6 0.1
v -9.3 15.7 0.1
v -9.3 15.8 0.1
v -9.2 15.7 0.1
v -9.2 15.8 0.1
v -9 15.7 0.1
v -9 15.8 0.1
v -8.9 15.6 0.1
v -8.9 15.7 0.1
v -8.9 15.8 0.1
v -8.5 12.6 0.1
v -8.5 12.7 0.1
v -8.5 13.6 0.1
v -8.5 13.7 0.1
v -8.4 11.2 0.1
v -8.4 11.6 0.1
v -8.4 11.8 0.1
v -8.4 12.2 0.1
v -8.4 12.6 0.1
v -8.4 12.7 0.1
v -8.4 13.6 0.1
v -8.4 13.7 0.1
v -8.3 9.6 0.1
v -8.3 10 0.1
v -8.3 11.2 0.1
v -8.3 11.6 0.1
v -8.3 11.8 0.1
v -8.3 12.2 0.1
v -8.2 9.6 0.1
v -8.2 10 0.1
v -6.7 15.6 0.1
v -6.7 15.7 0.1
v -6.6 15.6 0.1
v -6.6 15.7 0.1
v -6.6 15.8 0.1
v -6.5 15.7 0.1
v -6.5 15.8 0.1
v -6.3 15.7 0.1
v -6.3 15.8 0.1
v -6.2 13.6 0.1
v -6.2 13.7 0.1
v -6.2 13.8 0.1
v -6.2 13.9 0.1
v -6.2 15.6 0.1
v -6.2 15.7 0.1
v -6.2 15.8 0.1
v -6.1 13.6 0.1
v -6.1 13.7 0.1
v -6.1 13.8 0.1
v -6.1 13.9 0.1
v -6.1 15.6 0.1
v -6.1 15.7 0.1
v -5.9 13.6 0.1
v -5.9 13.7 0.1
v -5.9 13.8 0.1
v -5.9 13.9 0.1
v -5.8 13.6 0.1
v -5.8 13.7 0.1
v -5.8 13.8 0.1
v -5.8 13.9 0.1
v -5.6 13.7 0.1
v -5.6 13.8 0.1
v -12.2 14.5 2.38419e-07
v -12.2 14.6 2.38419e-07
v -12.2 14.8 2.38419e-07
v -12.2 14.9 2.38419e-07
v -12.2 15.5 2.38419e-07
v -12.2 15.6 2.38419e-07
v -12.1 14.5 2.38419e-07
v -12.1 14.6 2.38419e-07
v -12.1 14.8 2.38419e-07
v -12.1 14.9 2.38419e-07
v -12.1 15.5 2.38419e-07
v -12.1 15.6 2.38419e-07
v -12.1 15.7 2.38419e-07
v -12 15.6 2.38419e-07
v -12 15.7 2.38419e-07
v -11.8 15.6 2.38419e-07
v -11.8 15.7 2.38419e-07
v -11.7 15.5 2.38419e-07
v -11.7 15.6 2.38419e-07
v -11.7 15.7 2.38419e-07
v -9.5 13.3 2.38419e-07
v -9.5 13.7 2.38419e-07
v -9.4 11.1 2.38419e-07
v -9.4 11.5 2.38419e-07
v -9.4 12.1 2.38419e-07
v -9.4 12.5 2.38419e-07
v -9.4 12.9 2.38419e-07
v -9.4 13.3 2.38419e-07
v -9.4 13.7 2.38419e-07
v -9.3 9.7 2.38419e-07
v -9.3 10.3 2.38419e-07
v -9.3 10.7 2.38419e-07
v -9.3 11.1 2.38419e-07
v -9.3 11.5 2.38419e-07
v -9.3 12.1 2.38419e-07
v -9.3 12.5 2.38419e-07
v -9.3 12.9 2.38419e-07
v -9.3 13.3 2.38419e-07
v -9.3 15.5 2.38419e-07
v -9.3 15.6 2.38419e-07
v -9.3 15.7 2.38419e-07
v -9.2 9.7 2.38419e-07
v -9.2 10.3 2.38419e-07
v -9.2 10.7 2.38419e-07
v -9.2 11.1 2.38419e-07
v -9.2 15.6 2.38419e-07
v -9.2 15.7 2.38419e-07
v -9 15.6 2.38419e-07
v -9 15.7 2.38419e-07
v -8.9 15.5 2.38419e-07
v -8.9 15.6 2.38419e-07
v -8.9 15.7 2.38419e-07
v -6.7 15.5 2.38419e-07
v -6.7 15.6 2.38419e-07
v -6.6 15.5 2.38419e-07
v -6.6 15.6 2.38419e-07
v -6.6 15.7 2.38419e-07
v -6.5 15.6 2.38419e-07
v -6.5 15.7 2.38419e-07
v -6.3 15.6 2.38419e-07
v -6.3 15.7 2.38419e-07
v -6.2 13.7 2.38419e-07
v -6.2 13.8 2.38419e-07
v -6.2 15.5 2.38419e-07
v -6.2 15.6 2.38419e-07
v -6.2 15.7 2.38419e-07
v -6.1 13.6 2.38419e-07
v -6.1 13.7 2.38419e-07
v -6.1 13.8 2.38419e-07
v -6.1 13.9 2.38419e-07
v -6.1 15.5 2.38419e-07
v -6.1 15.6 2.38419e-07
v -6 13.6 2.38419e-07
v -6 13.7 2.38419e-07
v -6 13.8 2.38419e-07
v -6 13.9 2.38419e-07
v -5.9 13.6 2.38419e-07
v -5.9 13.7 2.38419e-07
v -5.9 13.8 2.38419e-07
v -5.9 13.9 2.38419e-07
v -5.8 13.7 2.38419e-07
v -5.8 13.8 2.38419e-07
v -5.6 9.8 2.38419e-07
v -5.6 10.3 2.38419e-07
v -5.6 13.6 2.38419e-07
v -5.6 13.7 2.38419e-07
v -5.6 13.8 2.38419e-07
v -5.6 13.9 2.38419e-07
v -5.5 9.7 2.38419e-07
v -5.5 9.8 2.38419e-07
v -5.5 13.6 2.38419e-07
v -5.5 13.7 2.38419e-07
v -5.5 13.8 2.38419e-07
v -5.5 13.9 2.38419e-07
v -5.4 9.6 2.38419e-07
v -5.4 9.7 2.38419e-07
v -5.4 13.7 2.38419e-07
v -5.4 13.8 2.38419e-07
v -5.2 10.2 2.38419e-07
v -5.2 10.3 2.38419e-07
v -5.1 13.4 2.38419e-07
v -5.1 13.5 2.38419e-07
v -5.1 13.6 2.38419e-07
v -5.1 13.7 2.38419e-07
v -5.1 13.8 2.38419e-07
v -5.1 13.9 2.38419e-07
v -5 9.5 2.38419e-07
v -5 9.6 2.38419e-07
v -5 10.2 2.38419e-07
v -5 10.3 2.38419e-07
v -5 13.4 2.38419e-07
v -5 13.5 2.38419e-07
v -4.9 10.3 2.38419e-07
v -4.9 10.4 2.38419e-07
v -4.8 10.3 2.38419e-07
v -4.8 10.4 2.38419e-07
v -4.7 9.5 2.38419e-07
v -4.7 10.4 2.38419e-07
v -0.5 15.4 2.38419e-07
v -0.5 15.5 2.38419e-07
v -0.4 15.4 2.38419e-07
v -0.4 15.5 2.38419e-07
v -0.4 15.6 2.38419e-07
v -0.3 15.4 2.38419e-07
v -0.3 15.5 2.38419e-07
v -0.3 15.6 2.38419e-07
v -0.3 15.7 2.38419e-07
v -0.2 15.3 2.38419e-07
v -0.2 15.4 2.38419e-07
v -0.2 15.5 2.38419e-07
v -0.2 15.6 2.38419e-07
v -0.2 15.7 2.38419e-07
v -0.2 15.8 2.38419e-07
v -0.1 15.3 2.38419e-07
v -0.1 15.4 2.38419e-07
v -0.1 15.5 2.38419e-07
v -0.1 15.7 2.38419e-07
v -0.1 15.8 2.38419e-07
v -0.1 15.9 2.38419e-07
v 0 15.3 2.38419e-07
v 0 15.4 2.38419e-07
v 0 15.5 2.38419e-07
v 0 15.6 2.38419e-07
v 0 15.8 2.38419e-07
v 0 15.9 2.38419e-07
v 0 16 2.38419e-07
v 0.1 15.5 2.38419e-07
v 0.1 15.6 2.38419e-07
v 0.2 15.5 2.38419e-07
v 0.2 15.6 2.38419e-07
v 0.2 15.8 2.38419e-07
v 0.2 15.9 2.38419e-07
v 0.2 16 2.38419e-07
v 0.3 15.6 2.38419e-07
v 0.3 15.7 2.38419e-07
v 0.3 15.8 2.38419e-07
v 0.4 15.7 2.38419e-07
v 0.4 15.8 2.38419e-07
v 0.6 15 2.38419e-07
v 0.6 15.1 2.38419e-07
v 0.6 15.7 2.38419e-07
v 0.6 15.8 2.38419e-07
v 0.7 15 2.38419e-07
v 0.7 15.1 2.38419e-07
v 0.7 15.8 2.38419e-07
v 0.7 15.9 2.38419e-07
v 0.8 15.9 2.38419e-07
v 0.8 16 2.38419e-07
v -12.2 14.4 -0.0999997
v -12.2 14.5 -0.0999997
v -12.2 14.9 -0.0999997
v -12.2 15 -0.0999997
v -12.2 15.1 -0.0999997
v -12.2 15.5 -0.0999997
v -12.1 14.4 -0.0999997
v -12.1 14.5 -0.0999997
v -12.1 14.9 -0.0999997
v -12.1 15 -0.0999997
v -12.1 15.1 -0.0999997
v -12.1 15.5 -0.0999997
v -12.1 15.6 -0.0999997
v -12 15.5 -0.0999997
v -12 15.6 -0.0999997
v -11.8 15.5 -0.0999997
v -11.8 15.6 -0.0999997
v -11.7 15.1 -0.0999997
v -11.7 15.5 -0.0999997
v -11.7 15.6 -0.0999997
v -9.4 11.5 -0.0999997
v -9.4 11.6 -0.0999997
v -9.4 12.5 -0.0999997
v -9.4 12.8 -0.0999997
v -9.4 13.3 -0.0999997
v -9.4 13.7 -0.0999997
v -9.3 10.3 -0.0999997
v -9.3 10.5 -0.0999997
v -9.3 11.1 -0.0999997
v -9.3 11.5 -0.0999997
v -9.3 11.6 -0.0999997
v -9.3 12.1 -0.0999997
v -9.3 12.5 -0.0999997
v -9.3 12.8 -0.0999997
v -9.3 12.9 -0.0999997
v -9.3 13.3 -0.0999997
v -9.3 13.7 -0.0999997
v -9.3 15.1 -0.0999997
v -9.3 15.5 -0.0999997
v -9.3 15.6 -0.0999997
v -9.2 9.5 -0.0999997
v -9.2 9.7 -0.0999997
v -9.2 10.3 -0.0999997
v -9.2 10.5 -0.0999997
v -9.2 10.7 -0.0999997
v -9.2 11.1 -0.0999997
v -9.2 11.5 -0.0999997
v -9.2 11.6 -0.0999997
v -9.2 12.1 -0.0999997
v -9.2 12.8 -0.0999997
v -9.2 12.9 -0.0999997
v -9.2 15.5 -0.0999997
v -9.2 15.6 -0.0999997
v -9.1 9.5 -0.0999997
v -9.1 9.7 -0.0999997
v -9.1 10.5 -0.0999997
v -9.1 10.7 -0.0999997
v -9 15.5 -0.0999997
v -9 15.6 -0.0999997
v -8.9 15.1 -0.0999997
v -8.9 15.5 -0.0999997
v -8.9 15.6 -0.0999997
v -8.6 13.6 -0.0999997
v -8.6 13.7 -0.0999997
v -8.5 11.2 -0.0999997
v -8.5 11.6 -0.0999997
v -8.5 12 -0.0999997
v -8.5 12.6 -0.0999997
v -8.5 13 -0.0999997
v -8.5 13.6 -0.0999997
v -8.5 13.7 -0.0999997
v -8.4 10 -0.0999997
v -8.4 10.4 -0.0999997
v -8.4 10.8 -0.0999997
v -8.4 11.2 -0.0999997
v -8.4 11.6 -0.0999997
v -8.4 11.8 -0.0999997
v -8.4 12 -0.0999997
v -8.4 12.6 -0.0999997
v -8.4 13 -0.0999997
v -8.4 13.6 -0.0999997
v -8.3 10 -0.0999997
v -8.3 10.4 -0.0999997
v -8.3 10.8 -0.0999997
v -8.3 11.2 -0.0999997
v -8.3 11.6 -0.0999997
v -8.3 11.8 -0.0999997
v -6.7 15.1 -0.0999997
v -6.7 15.5 -0.0999997
v -6.6 15.1 -0.0999997
v -6.6 15.5 -0.0999997
v -6.6 15.6 -0.0999997
v -6.5 15.5 -0.0999997
v -6.5 15.6 -0.0999997
v -6.3 15.5 -0.0999997
v -6.3 15.6 -0.0999997
v -6.2 15.1 -0.0999997
v -6.2 15.5 -0.0999997
v -6.2 15.6 -0.0999997
v -6.1 15.1 -0.0999997
v -6.1 15.5 -0.0999997
v -5.1 13.5 -0.0999997
v -5.1 13.9 -0.0999997
v -5 13.5 -0.0999997
v -5 13.9 -0.0999997
v -4.7 9.5 -0.0999997
v -4.7 10.6 -0.0999997
v -4.7 10.7 -0.0999997
v -4.7 10.8 -0.0999997
v -4.7 10.9 -0.0999997
v -4.7 11 -0.0999997
v -4.7 16.1 -0.0999997
v -4.7 16.2 -0.0999997
v -4.4 10.9 -0.0999997
v -4.4 11 -0.0999997
v -4.4 16.1 -0.0999997
v -4.4 16.2 -0.0999997
v -4 10.2 -0.0999997
v -4 10.7 -0.0999997
v -3.9 10.1 -0.0999997
v -3.9 10.2 -0.0999997
v -3.7 10.7 -0.0999997
v -3.7 10.8 -0.0999997
v -1.9 10.7 -0.0999997
v -1.9 10.8 -0.0999997
v -1.8 10.1 -0.0999997
v -1.8 10.2 -0.0999997
v -1.7 10.2 -0.0999997
v -1.7 10.3 -0.0999997
v -1.6 10.3 -0.0999997
v -1.6 10.7 -0.0999997
v -1.1 9.5 -0.0999997
v -1.1 9.6 -0.0999997
v -1.1 10.7 -0.0999997
v -1.1 10.8 -0.0999997
v -1.1 10.9 -0.0999997
v -1.1 11 -0.0999997
v -1.1 16.1 -0.0999997
v -1.1 16.2 -0.0999997
v -1 10.2 -0.0999997
v -1 10.7 -0.0999997
v -0.9 9.7 -0.0999997
v -0.9 10.2 -0.0999997
v -0.9 10.3 -0.0999997
v -0.9 10.8 -0.0999997
v -0.8 9.6 -0.0999997
v -0.8 9.7 -0.0999997
v -0.8 9.9 -0.0999997
v -0.8 10.3 -0.0999997
v -0.8 10.9 -0.0999997
v -0.8 11 -0.0999997
v -0.8 16.1 -0.0999997
v -0.8 16.2 -0.0999997
v -0.7 9.6 -0.0999997
v -0.7 9.9 -0.0999997
v -0.6 9.5 -0.0999997
v -0.6 9.6 -0.0999997
v -0.6 15.3 -0.0999997
v -0.6 15.4 -0.0999997
v -0.5 9.5 -0.0999997
v -0.5 9.6 -0.0999997
v -0.5 10 -0.0999997
v -0.4 9.4 -0.0999997
v -0.4 9.5 -0.0999997
v -0.4 9.8 -0.0999997
v -0.4 10 -0.0999997
v -0.3 9.3 -0.0999997
v -0.3 9.4 -0.0999997
v -0.3 9.6 -0.0999997
v -0.3 9.8 -0.0999997
v -0.2 9.2 -0.0999997
v -0.2 9.3 -0.0999997
v -0.2 9.5 -0.0999997
v -0.2 9.6 -0.0999997
v -0.2 15.2 -0.0999997
v -0.2 15.3 -0.0999997
v -0.2 15.4 -0.0999997
v -0.1 9.1 -0.0999997
v -0.1 9.2 -0.0999997
v -0.1 9.4 -0.0999997
v -0.1 9.5 -0.0999997
v 0 9 -0.0999997
v 0 9.1 -0.0999997
v 0 9.3 -0.0999997
v 0 9.4 -0.0999997
v 0 15.1 -0.0999997
v 0 15.2 -0.0999997
v 0 15.3 -0.0999997
v 0.1 9.2 -0.0999997
v 0.1 9.3 -0.0999997
v 0.2 8.9 -0.0999997
v 0.2 9 -0.0999997
v 0.3 12 -0.0999997
v 0.3 12.1 -0.0999997
v 0.3 12.2 -0.0999997
v 0.3 12.5 -0.0999997
v 0.3 12.6 -0.0999997
v 0.3 15 -0.0999997
v 0.3 15.1 -0.0999997
v 0.3 15.2 -0.0999997
v 0.4 9.1 -0.0999997
v 0.4 9.2 -0.0999997
v 0.4 12 -0.0999997
v 0.4 12.1 -0.0999997
v 0.4 12.2 -0.0999997
v 0.4 12.3 -0.0999997
v 0.4 12.5 -0.0999997
v 0.4 12.6 -0.0999997
v 0.5 8.8 -0.0999997
v 0.5 8.9 -0.0999997
v 0.5 12 -0.0999997
v 0.5 12.1 -0.0999997
v 0.5 12.3 -0.0999997
v 0.5 12.5 -0.0999997
v 0.5 12.6 -0.0999997
v 0.6 9 -0.0999997
v 0.6 9.1 -0.0999997
v 0.6 12 -0.0999997
v 0.6 12.1 -0.0999997
v 0.6 12.2 -0.0999997
v 0.6 12.4 -0.0999997
v 0.6 12.5 -0.0999997
v 0.6 12.6 -0.0999997
v 0.6 15 -0.0999997
v 0.6 15.1 -0.0999997
v 0.7 12.2 -0.0999997
v 0.7 12.4 -0.0999997
v 0.8 8.7 -0.0999997
v 0.8 8.8 -0.0999997
v 0.9 8.9 -0.0999997
v 0.9 9 -0.0999997
v 1 8.8 -0.0999997
v 1 8.9 -0.0999997
v 1.1 8.6 -0.0999997
v 1.1 8.7 -0.0999997
v 1.2 12.5 -0.0999997
v 1.2 12.6 -0.0999997
v 1.3 8.7 -0.0999997
v 1.3 8.8 -0.0999997
v 1.3 12.2 -0.0999997
v 1.3 12.5 -0.0999997
v 1.3 12.6 -0.0999997
v 1.3 12.7 -0.0999997
v 1.4 8.6 -0.0999997
v 1.4 8.7 -0.0999997
v 1.4 8.8 -0.0999997
v 1.4 8.9 -0.0999997
v 1.4 12 -0.0999997
v 1.4 12.2 -0.0999997
v 1.4 12.5 -0.0999997
v 1.5 8.6 -0.0999997
v 1.5 8.7 -0.0999997
v 1.5 8.8 -0.0999997
v 1.5 10.9 -0.0999997
v 1.5 11.7 -0.0999997
v 1.5 12 -0.0999997
v 1.5 12.5 -0.0999997
v 1.5 12.6 -0.0999997
v 1.6 8.6 -0.0999997
v 1.6 8.8 -0.0999997
v 1.6 8.9 -0.0999997
v 1.6 9.1 -0.0999997
v 1.6 9.2 -0.0999997
v 1.6 10.9 -0.0999997
v 1.6 11.4 -0.0999997
v 1.6 11.7 -0.0999997
v 1.7 8.5 -0.0999997
v 1.7 8.6 -0.0999997
v 1.7 8.9 -0.0999997
v 1.7 9.1 -0.0999997
v 1.7 9.2 -0.0999997
v 1.7 9.5 -0.0999997
v 1.7 10.9 -0.0999997
v 1.7 11.4 -0.0999997
v 1.8 9.5 -0.0999997
v 1.8 10.9 -0.0999997
v 1.9 12.7 -0.0999997
v 1.9 12.8 -0.0999997
v 2 12.6 -0.0999997
v 2 12.7 -0.0999997
v 2.1 12.8 -0.0999997
v 2.2 12.7 -0.0999997
v 2.2 12.8 -0.0999997
v 2.3 12.6 -0.0999997
v 2.3 12.7 -0.0999997
v 2.4 12.4 -0.0999997
v 2.4 12.6 -0.0999997
v 2.5 12.1 -0.0999997
v 2.5 12.4 -0.0999997
v 2.6 11.8 -0.0999997
v 2.6 12.1 -0.0999997
v 2.7 11.4 -0.0999997
v 2.7 11.8 -0.0999997
v 2.8 10.9 -0.0999997
v 2.8 11.4 -0.0999997
v 2.9 10.6 -0.0999997
v 2.9 10.9 -0.0999997
v 3 10.3 -0.0999997
v 3 10.6 -0.0999997
v 3.1 9.8 -0.0999997
v 3.1 10.3 -0.0999997
v 3.2 9.4 -0.0999997
v 3.2 9.8 -0.0999997
v 3.3 8.8 -0.0999997
v 3.3 9.4 -0.0999997
v 3.4 8.5 -0.0999997
v 3.4 8.6 -0.0999997
v 3.4 8.8 -0.0999997
v -12.1 15.2 -0.2
v -12.1 15.5 -0.2
v -12 15.2 -0.2
v -12 15.5 -0.2
v -11.8 15.2 -0.2
v -11.8 15.5 -0.2
v -11.7 15.2 -0.2
v -11.7 15.5 -0.2
v -9.3 11.5 -0.2
v -9.3 11.6 -0.2
v -9.3 12.1 -0.2
v -9.3 12.8 -0.2
v -9.3 12.9 -0.2
v -9.3 13.7 -0.2
v -9.3 15.2 -0.2
v -9.3 15.5 -0.2
v -9.2 9.7 -0.2
v -9.2 10.5 -0.2
v -9.2 10.7 -0.2
v -9.2 11.5 -0.2
v -9.2 11.6 -0.2
v -9.2 12.1 -0.2
v -9.2 12.5 -0.2
v -9.2 12.8 -0.2
v -9.2 12.9 -0.2
v -9.2 13.1 -0.2
v -9.2 13.7 -0.2
v -9.2 15.2 -0.2
v -9.2 15.5 -0.2
v -9.1 9.5 -0.2
v -9.1 9.7 -0.2
v -9.1 10.3 -0.2
v -9.1 10.5 -0.2
v -9.1 10.7 -0.2
v -9.1 11.5 -0.2
v -9.1 11.6 -0.2
v -9.1 12.5 -0.2
v -9.1 12.8 -0.2
v -9.1 13.1 -0.2
v -9 9.5 -0.2
v -9 10.3 -0.2
v -9 10.5 -0.2
v -9 10.7 -0.2
v -9 15.2 -0.2
v -9 15.5 -0.2
v -8.9 15.2 -0.2
v -8.9 15.5 -0.2
v -8.7 12.6 -0.2
v -8.7 12.7 -0.2
v -8.7 13.4 -0.2
v -8.7 13.7 -0.2
v -8.6 10.2 -0.2
v -8.6 10.4 -0.2
v -8.6 11.2 -0.2
v -8.6 11.6 -0.2
v -8.6 12 -0.2
v -8.6 12.6 -0.2
v -8.6 12.7 -0.2
v -8.6 13.4 -0.2
v -8.6 13.6 -0.2
v -8.6 13.7 -0.2
v -8.5 10 -0.2
v -8.5 10.2 -0.2
v -8.5 10.4 -0.2
v -8.5 11.2 -0.2
v -8.5 11.6 -0.2
v -8.5 12 -0.2
v -8.5 12.7 -0.2
v -8.5 13 -0.2
v -8.5 13.6 -0.2
v -8.4 9.6 -0.2
v -8.4 10 -0.2
v -8.4 10.4 -0.2
v -8.4 10.8 -0.2
v -8.4 11.2 -0.2
v -8.4 11.6 -0.2
v -8.4 12 -0.2
v -8.4 12.7 -0.2
v -8.4 13 -0.2
v -8.3 9.6 -0.2
v -8.3 10 -0.2
v -8.3 10.4 -0.2
v -8.3 10.8 -0.2
v -6.6 15.2 -0.2
v -6.6 15.5 -0.2
v -6.5 15.2 -0.2
v -6.5 15.5 -0.2
v -6.3 15.2 -0.2
v -6.3 15.5 -0.2
v -6.2 15.2 -0.2
v -6.2 15.5 -0.2
v -0.9 10.3 -0.2
v -0.9 10.8 -0.2
v -0.8 9.9 -0.2
v -0.8 10.3 -0.2
v -0.8 10.8 -0.2
v -0.8 11 -0.2
v -0.8 11.6 -0.2
v -0.8 11.9 -0.2
v -0.8 12.4 -0.2
v -0.7 9.6 -0.2
v -0.7 9.9 -0.2
v -0.7 12.4 -0.2
v -0.7 12.5 -0.2
v -0.6 10.4 -0.2
v -0.6 12.5 -0.2
v -0.5 9.6 -0.2
v -0.5 10.4 -0.2
v 0.2 12.6 -0.2
v 0.2 12.7 -0.2
v 0.3 12.6 -0.2
v 0.3 12.7 -0.2
v 0.4 12.6 -0.2
v 0.4 12.7 -0.2
v 0.7 12.6 -0.2
v 0.7 12.7 -0.2
v 0.8 12.6 -0.2
v 0.8 12.7 -0.2
v 0.9 12.6 -0.2
v 0.9 12.7 -0.2
v 2.2 12.7 -0.2
v 2.2 12.8 -0.2
v 2.3 12.6 -0.2
v 2.3 12.7 -0.2
v 2.4 12.4 -0.2
v 2.4 12.6 -0.2
v 2.5 12.1 -0.2
v 2.5 12.4 -0.2
v 2.5 12.7 -0.2
v 2.5 12.8 -0.2
v 2.6 11.8 -0.2
v 2.6 12.1 -0.2
v 2.6 12.4 -0.2
v 2.6 12.7 -0.2
v 2.7 11.4 -0.2
v 2.7 11.8 -0.2
v 2.7 12 -0.2
v 2.7 12.4 -0.2
v 2.8 10.9 -0.2
v 2.8 11.4 -0.2
v 2.8 11.6 -0.2
v 2.8 12 -0.2
v 2.9 10.6 -0.2
v 2.9 10.9 -0.2
v 2.9 11.3 -0.2
v 2.9 11.6 -0.2
v 3 10.3 -0.2
v 3 10.6 -0.2
v 3 10.9 -0.2
v 3 11.3 -0.2
v 3.1 9.8 -0.2
v 3.1 10.3 -0.2
v 3.1 10.4 -0.2
v 3.1 10.9 -0.2
v 3.2 9.4 -0.2
v 3.2 9.8 -0.2
v 3.2 10.1 -0.2
v 3.2 10.4 -0.2
v 3.3 8.8 -0.2
v 3.3 9.4 -0.2
v 3.3 9.7 -0.2
v 3.3 10.1 -0.2
v 3.4 8.6 -0.2
v 3.4 8.8 -0.2
v 3.4 9.1 -0.2
v 3.4 9.7 -0.2
v 3.5 8.6 -0.2
v 3.5 9.1 -0.2
v -11.6 13.7 -0.3
v -11.6 13.8 -0.3
v -9.2 11.5 -0.3
v -9.2 11.6 -0.3
v -9.2 12.5 -0.3
v -9.2 12.8 -0.3
v -9.2 13.1 -0.3
v -9.2 13.7 -0.3
v -9.1 10.3 -0.3
v -9.1 10.5 -0.3
v -9.1 10.7 -0.3
v -9.1 11.5 -0.3
v -9.1 11.6 -0.3
v -9.1 12.5 -0.3
v -9.1 12.8 -0.3
v -9.1 13.1 -0.3
v -9 9.5 -0.3
v -9 10.3 -0.3
v -9 10.5 -0.3
v -9 10.7 -0.3
v -8.9 9.4 -0.3
v -8.9 9.5 -0.3
v -8.7 12.6 -0.3
v -8.7 12.7 -0.3
v -8.7 13.4 -0.3
v -8.7 13.7 -0.3
v -8.6 9.4 -0.3
v -8.6 9.6 -0.3
v -8.6 10.2 -0.3
v -8.6 10.4 -0.3
v -8.6 11.2 -0.3
v -8.6 11.6 -0.3
v -8.6 12 -0.3
v -8.6 12.6 -0.3
v -8.6 12.7 -0.3
v -8.6 13.4 -0.3
v -8.5 10 -0.3
v -8.5 10.2 -0.3
v -8.5 10.4 -0.3
v -8.5 11.2 -0.3
v -8.5 11.6 -0.3
v -8.5 12 -0.3
v -8.4 9.6 -0.3
v -8.4 10 -0.3
v -6.9 13.7 -0.3
v -6.9 13.8 -0.3
v -5 10.6 -0.3
v -5 10.7 -0.3
v -5 10.8 -0.3
v -5 10.9 -0.3
v -4.8 10.6 -0.3
v -4.8 10.7 -0.3
v -4.8 10.8 -0.3
v -4.8 10.9 -0.3
v -4.7 10.6 -0.3
v -4.7 10.7 -0.3
v -4.7 10.8 -0.3
v -4.7 10.9 -0.3
v -12.2 14.3 -0.4
v -12.2 14.4 -0.4
v -12.2 15 -0.4
v -12.2 15.1 -0.4
v -12.1 14.2 -0.4
v -12.1 14.3 -0.4
v -12.1 14.4 -0.4
v -12.1 15 -0.4
v -12.1 15.1 -0.4
v -12.1 15.2 -0.4
v -12 14.2 -0.4
v -12 14.3 -0.4
v -12 15.1 -0.4
v -12 15.2 -0.4
v -11.8 14.2 -0.4
v -11.8 14.3 -0.4
v -11.8 15.1 -0.4
v -11.8 15.2 -0.4
v -11.7 15 -0.4
v -11.7 15.1 -0.4
v -11.7 15.2 -0.4
v -11.6 13.8 -0.4
v -11.6 13.9 -0.4
v -9.3 15 -0.4
v -9.3 15.1 -0.4
v -9.3 15.2 -0.4
v -9.2 15.1 -0.4
v -9.2 15.2 -0.4
v -9 15.1 -0.4
v -9 15.2 -0.4
v -8.9 15 -0.4
v -8.9 15.1 -0.4
v -8.9 15.2 -0.4
v -6.9 13.8 -0.4
v -6.9 13.9 -0.4
v -6.7 15 -0.4
v -6.7 15.1 -0.4
v -6.6 15 -0.4
v -6.6 15.1 -0.4
v -6.6 15.2 -0.4
v -6.5 15.1 -0.4
v -6.5 15.2 -0.4
v -6.3 15.1 -0.4
v -6.3 15.2 -0.4
v -6.2 15 -0.4
v -6.2 15.1 -0.4
v -6.2 15.2 -0.4
v -6.1 15 -0.4
v -6.1 15.1 -0.4
v -5 11 -0.4
v -5 13.9 -0.4
v -4.8 10.9 -0.4
v -4.8 11 -0.4
v -4.8 11.1 -0.4
v -4.7 10.9 -0.4
v -4.7 11 -0.4
v -4.7 11.1 -0.4
v -4.7 11.7 -0.4
v -4.7 12 -0.4
v -4.7 13.2 -0.4
v -4.7 13.5 -0.4
v -4.7 13.6 -0.4
v -4.7 13.9 -0.4
v -12.2 14.4 -0.5
v -12.2 14.5 -0.5
v -12.2 14.9 -0.5
v -12.2 15 -0.5
v -12.1 14.3 -0.5
v -12.1 14.4 -0.5
v -12.1 14.5 -0.5
v -12.1 14.9 -0.5
v -12.1 15 -0.5
v -12.1 15.1 -0.5
v -12 14.3 -0.5
v -12 14.4 -0.5
v -12 15 -0.5
v -12 15.1 -0.5
v -11.8 14.2 -0.5
v -11.8 14.3 -0.5
v -11.8 14.4 -0.5
v -11.8 15 -0.5
v -11.8 15.1 -0.5
v -11.7 14.2 -0.5
v -11.7 14.3 -0.5
v -11.7 14.4 -0.5
v -11.7 14.5 -0.5
v -11.7 14.9 -0.5
v -11.7 15 -0.5
v -11.7 15.1 -0.5
v -11.6 13.9 -0.5
v -11.6 14.2 -0.5
v -11.6 14.4 -0.5
v -11.5 14.1 -0.5
v -11.5 14.2 -0.5
v -9.6 14 -0.5
v -9.6 14.1 -0.5
v -9.3 14.3 -0.5
v -9.3 14.4 -0.5
v -9.3 14.5 -0.5
v -9.3 14.9 -0.5
v -9.3 15 -0.5
v -9.3 15.1 -0.5
v -9.2 14.2 -0.5
v -9.2 14.3 -0.5
v -9.2 15 -0.5
v -9.2 15.1 -0.5
v -9 14.2 -0.5
v -9 14.3 -0.5
v -9 15 -0.5
v -9 15.1 -0.5
v -8.9 14 -0.5
v -8.9 14.1 -0.5
v -8.9 14.3 -0.5
v -8.9 14.4 -0.5
v -8.9 14.5 -0.5
v -8.9 14.9 -0.5
v -8.9 15 -0.5
v -8.9 15.1 -0.5
v -7 14 -0.5
v -7 14.1 -0.5
v -6.9 14 -0.5
v -6.9 14.1 -0.5
v -6.8 13.9 -0.5
v -6.8 14.1 -0.5
v -6.7 14.4 -0.5
v -6.7 14.5 -0.5
v -6.7 14.9 -0.5
v -6.7 15 -0.5
v -6.6 14.3 -0.5
v -6.6 14.4 -0.5
v -6.6 14.5 -0.5
v -6.6 14.9 -0.5
v -6.6 15 -0.5
v -6.6 15.1 -0.5
v -6.5 14.2 -0.5
v -6.5 14.3 -0.5
v -6.5 15 -0.5
v -6.5 15.1 -0.5
v -6.3 14.2 -0.5
v -6.3 14.3 -0.5
v -6.3 15 -0.5
v -6.3 15.1 -0.5
v -6.2 14.3 -0.5
v -6.2 14.4 -0.5
v -6.2 14.5 -0.5
v -6.2 14.9 -0.5
v -6.2 15 -0.5
v -6.2 15.1 -0.5
v -6.1 14.1 -0.5
v -6.1 14.2 -0.5
v -6.1 14.4 -0.5
v -6.1 14.5 -0.5
v -6.1 14.9 -0.5
v -6.1 15 -0.5
v -6.1 15.7 -0.5
v -6.1 15.8 -0.5
v -6 14.1 -0.5
v -6 14.2 -0.5
v -6 14.4 -0.5
v -6 14.5 -0.5
v -5.9 14.3 -0.5
v -5.9 14.4 -0.5
v -5.8 14.2 -0.5
v -5.8 14.3 -0.5
v -5.7 14 -0.5
v -5.7 14.1 -0.5
v -5.7 14.2 -0.5
v -5.5 13.9 -0.5
v -5.5 14 -0.5
v -5.5 14.1 -0.5
v -4.8 15.7 -0.5
v -4.8 15.8 -0.5
v -4.7 13.9 -0.5
v -4.7 14 -0.5
v -4.7 15.7 -0.5
v -4.7 15.8 -0.5
v -0.8 12.4 -0.5
v -0.8 12.6 -0.5
v -0.8 13.1 -0.5
v -0.8 14.2 -0.5
v -0.8 15.1 -0.5
v -0.8 15.3 -0.5
v -0.8 15.4 -0.5
v -0.7 12.4 -0.5
v -0.7 12.5 -0.5
v -0.7 13.1 -0.5
v -0.7 13.7 -0.5
v -0.7 14.2 -0.5
v -0.6 12.5 -0.5
v -0.6 12.6 -0.5
v -0.6 12.7 -0.5
v -0.6 13.7 -0.5
v -0.6 14 -0.5
v -0.6 15.2 -0.5
v -0.6 15.3 -0.5
v -0.6 15.4 -0.5
v -0.5 14 -0.5
v -0.5 15.2 -0.5
v -0.2 15.2 -0.5
v -0.2 15.3 -0.5
v 0 12.6 -0.5
v 0 12.7 -0.5
v 0 15.1 -0.5
v 0 15.2 -0.5
v 0.2 12.7 -0.5
v 0.2 12.8 -0.5
v 0.3 15 -0.5
v 0.3 15.1 -0.5
v 0.7 14.9 -0.5
v 0.7 15 -0.5
v 0.8 12.8 -0.5
v 0.8 12.9 -0.5
v 0.9 14.8 -0.5
v 0.9 14.9 -0.5
v 1 12.7 -0.5
v 1 12.8 -0.5
v 1 12.9 -0.5
v 1 13 -0.5
v 1 14.9 -0.5
v 1 15 -0.5
v 1.1 12.8 -0.5
v 1.1 12.9 -0.5
v 1.1 14.6 -0.5
v 1.1 14.8 -0.5
v 1.2 12.6 -0.5
v 1.2 12.7 -0.5
v 1.2 13 -0.5
v 1.2 13.1 -0.5
v 1.2 14.4 -0.5
v 1.2 14.6 -0.5
v 1.2 14.8 -0.5
v 1.2 14.9 -0.5
v 1.3 12.6 -0.5
v 1.3 12.7 -0.5
v 1.4 13.1 -0.5
v 1.4 13.2 -0.5
v 1.4 14.2 -0.5
v 1.4 14.4 -0.5
v 1.4 14.7 -0.5
v 1.4 14.8 -0.5
v 1.5 14 -0.5
v 1.5 14.2 -0.5
v 1.6 13.2 -0.5
v 1.6 13.3 -0.5
v 1.6 13.8 -0.5
v 1.6 14 -0.5
v 1.6 14.6 -0.5
v 1.6 14.7 -0.5
v 1.7 13.3 -0.5
v 1.7 13.8 -0.5
v 1.7 14.5 -0.5
v 1.7 14.6 -0.5
v 1.8 14.3 -0.5
v 1.8 14.5 -0.5
v 1.9 12.7 -0.5
v 1.9 12.8 -0.5
v 1.9 14.1 -0.5
v 1.9 14.3 -0.5
v 2 13.8 -0.5
v 2 14.1 -0.5
v 2.1 12.8 -0.5
v 2.1 12.9 -0.5
v 2.1 13.3 -0.5
v 2.1 13.8 -0.5
v 2.2 12.8 -0.5
v 2.2 13.3 -0.5
v -12.2 14.5 -0.6
v -12.2 14.9 -0.6
v -12.1 14.4 -0.6
v -12.1 14.5 -0.6
v -12.1 14.9 -0.6
v -12.1 15 -0.6
v -12 14.4 -0.6
v -12 14.5 -0.6
v -12 14.9 -0.6
v -12 15 -0.6
v -11.8 14.3 -0.6
v -11.8 14.4 -0.6
v -11.8 14.5 -0.6
v -11.8 14.9 -0.6
v -11.8 15 -0.6
v -11.7 14.3 -0.6
v -11.7 14.5 -0.6
v -11.7 14.9 -0.6
v -11.7 15 -0.6
v -9.3 14.3 -0.6
v -9.3 14.5 -0.6
v -9.3 14.9 -0.6
v -9.3 15 -0.6
v -9.2 14.2 -0.6
v -9.2 14.3 -0.6
v -9.2 14.5 -0.6
v -9.2 14.9 -0.6
v -9.2 15 -0.6
v -9 14.2 -0.6
v -9 14.3 -0.6
v -9 14.5 -0.6
v -9 14.9 -0.6
v -9 15 -0.6
v -8.9 14.3 -0.6
v -8.9 14.5 -0.6
v -8.9 14.9 -0.6
v -8.9 15 -0.6
v -6.7 14.5 -0.6
v -6.7 14.9 -0.6
v -6.6 14.3 -0.6
v -6.6 14.5 -0.6
v -6.6 14.9 -0.6
v -6.6 15 -0.6
v -6.5 14.2 -0.6
v -6.5 14.3 -0.6
v -6.5 14.5 -0.6
v -6.5 14.9 -0.6
v -6.5 15 -0.6
v -6.3 14.2 -0.6
v -6.3 14.3 -0.6
v -6.3 14.5 -0.6
v -6.3 14.9 -0.6
v -6.3 15 -0.6
v -6.2 14.3 -0.6
v -6.2 14.5 -0.6
v -6.2 14.9 -0.6
v -6.2 15 -0.6
v -6.1 14.5 -0.6
v -6.1 14.9 -0.6
v -0.8 13.1 -0.6
v -0.8 13.2 -0.6
v -0.8 14.1 -0.6
v -0.8 14.2 -0.6
v -0.7 13.1 -0.6
v -0.7 13.2 -0.6
v -0.7 14.1 -0.6
v -0.7 14.2 -0.6
v -12.1 14.5 -0.7
v -12.1 14.9 -0.7
v -12 14.5 -0.7
v -12 14.9 -0.7
v -11.8 14.5 -0.7
v -11.8 14.9 -0.7
v -11.7 14.5 -0.7
v -11.7 14.9 -0.7
v -9.3 14.5 -0.7
v -9.3 14.9 -0.7
v -9.2 14.5 -0.7
v -9.2 14.9 -0.7
v -9 14.5 -0.7
v -9 14.9 -0.7
v -8.9 14.5 -0.7
v -8.9 14.9 -0.7
v -6.6 14.5 -0.7
v -6.6 14.9 -0.7
v -6.5 14.5 -0.7
v -6.5 14.9 -0.7
v -6.3 14.5 -0.7
v -6.3 14.9 -0.7
v -6.2 14.5 -0.7
v -6.2 14.9 -0.7
v -6.1 15.6 -0.7
v -6.1 15.7 -0.7
v -6 15.6 -0.7
v -5.9 15.6 -0.7
v -5.3 15.6 -0.7
v -4.8 15.6 -0.7
v -4.8 15.7 -0.7
v -4.7 15.6 -0.7
v -4.7 15.7 -0.7
v -4.7 16 -0.7
v -4.7 16.1 -0.7
v -4.4 16 -0.7
v -4.4 16.1 -0.7
v -1.1 16 -0.7
v -1.1 16.1 -0.7
v -0.8 13.2 -0.7
v -0.8 13.3 -0.7
v -0.8 14 -0.7
v -0.8 14.1 -0.7
v -0.8 16 -0.7
v -0.8 16.1 -0.7
v -0.7 13.2 -0.7
v -0.7 13.3 -0.7
v -0.7 14 -0.7
v -0.7 14.1 -0.7
v -6.1 14.5 -0.8
v -6.1 15.6 -0.8
v -6 14.4 -0.8
v -6 14.5 -0.8
v -6 15.4 -0.8
v -6 15.6 -0.8
v -5.9 14.3 -0.8
v -5.9 14.4 -0.8
v -5.9 15.4 -0.8
v -5.9 15.6 -0.8
v -5.8 14.2 -0.8
v -5.8 14.3 -0.8
v -5.7 14.1 -0.8
v -5.7 14.2 -0.8
v -5.5 14 -0.8
v -5.5 14.1 -0.8
v -5.3 15.5 -0.8
v -5.3 15.6 -0.8
v -5.1 15.4 -0.8
v -5.1 15.5 -0.8
v -5 15 -0.8
v -5 15.4 -0.8
v -4.9 14.1 -0.8
v -4.9 15 -0.8
v -4.7 14 -0.8
v -4.7 14.1 -0.8
v -4.7 15 -0.8
v -4.7 15.1 -0.8
v -4.7 15.6 -0.8
v -0.8 13.3 -0.8
v -0.8 13.5 -0.8
v -0.8 14 -0.8
v -0.7 13.3 -0.8
v -0.7 13.5 -0.8
v -0.7 14 -0.8
v -4.7 11 -0.9
v -4.7 11.1 -0.9
v -4.7 15.9 -0.9
v -4.7 16 -0.9
v -4.4 11 -0.9
v -4.4 11.1 -0.9
v -4.4 15.9 -0.9
v -4.4 16 -0.9
v -1.1 11 -0.9
v -1.1 11.1 -0.9
v -1.1 15.9 -0.9
v -1.1 16 -0.9
v -0.8 11 -0.9
v -0.8 11.1 -0.9
v -0.8 15.9 -0.9
v -0.8 16 -0.9
v -4.7 11.1 -1
v -4.7 11.2 -1
v -4.4 11.1 -1
v -4.4 11.2 -1
v -1.1 11.1 -1
v -1.1 11.2 -1
v -0.8 11.1 -1
v -0.8 11.2 -1
v -4.7 11.1 -1.2
v -4.7 11.2 -1.2
v -4.7 15.8 -1.2
v -4.7 15.9 -1.2
v -4.4 11.1 -1.2
v -4.4 11.2 -1.2
v -4.4 15.8 -1.2
v -4.4 15.9 -1.2
v -1.1 11.1 -1.2
v -1.1 11.2 -1.2
v -1.1 15.8 -1.2
v -1.1 15.9 -1.2
v -0.8 11.1 -1.2
v -0.8 11.2 -1.2
v -0.8 15.8 -1.2
v -0.8 15.9 -1.2
v -4.7 11.2 -1.3
v -4.7 11.3 -1.3
v -4.7 15.7 -1.3
v -4.7 15.8 -1.3
v -4.4 11.2 -1.3
v -4.4 11.3 -1.3
v -4.4 15.7 -1.3
v -4.4 15.8 -1.3
v -1.1 11.2 -1.3
v -1.1 11.3 -1.3
v -1.1 15.7 -1.3
v -1.1 15.8 -1.3
v -0.8 11.2 -1.3
v -0.8 11.3 -1.3
v -0.8 15.7 -1.3
v -0.8 15.8 -1.3
v -4.7 11.3 -1.4
v -4.7 11.4 -1.4
v -4.7 15.6 -1.4
v -4.7 15.7 -1.4
v -4.4 11.3 -1.4
v -4.4 11.4 -1.4
v -4.4 15.6 -1.4
v -4.4 15.7 -1.4
v -1.1 11.3 -1.4
v -1.1 11.4 -1.4
v -1.1 15.6 -1.4
v -1.1 15.7 -1.4
v -0.8 11.3 -1.4
v -0.8 11.4 -1.4
v -0.8 15.6 -1.4
v -0.8 15.7 -1.4
v -4.7 11.4 -1.5
v -4.7 11.5 -1.5
v -4.7 15.5 -1.5
v -4.7 15.6 -1.5
v -4.4 11.4 -1.5
v -4.4 11.5 -1.5
v -4.4 15.5 -1.5
v -4.4 15.6 -1.5
v -1.1 11.4 -1.5
v -1.1 11.5 -1.5
v -1.1 15.5 -1.5
v -1.1 15.6 -1.5
v -0.8 11.4 -1.5
v -0.8 11.5 -1.5
v -0.8 15.5 -1.5
v -0.8 15.6 -1.5
v -4.7 11.5 -1.8
v -4.7 11.6 -1.8
v -4.7 15.4 -1.8
v -4.7 15.5 -1.8
v -4.4 11.5 -1.8
v -4.4 11.6 -1.8
v -4.4 15.4 -1.8
v -4.4 15.5 -1.8
v -1.1 11.5 -1.8
v -1.1 11.6 -1.8
v -1.1 15.4 -1.8
v -1.1 15.5 -1.8
v -0.8 11.5 -1.8
v -0.8 11.6 -1.8
v -0.8 15.4 -1.8
v -0.8 15.5 -1.8
v -4.7 11.6 -1.9
v -4.7 11.9 -1.9
v -4.7 15.1 -1.9
v -4.7 15.4 -1.9
v -4.4 11.6 -1.9
v -4.4 11.9 -1.9
v -4.4 15.1 -1.9
v -4.4 15.4 -1.9
v -1.1 11.6 -1.9
v -1.1 11.9 -1.9
v -1.1 15.1 -1.9
v -1.1 15.4 -1.9
v -0.8 11.6 -1.9
v -0.8 11.9 -1.9
v -0.8 15.1 -1.9
v -0.8 15.4 -1.9
v -4.7 11.9 -2
v -4.7 12 -2
v -4.7 15 -2
v -4.7 15.1 -2
v -4.4 11.9 -2
v -4.4 12 -2
v -4.4 15 -2
v -4.4 15.1 -2
v -1.1 11.9 -2
v -1.1 12 -2
v -1.1 15 -2
v -1.1 15.1 -2
v -0.8 11.9 -2
v -0.8 12 -2
v -0.8 15 -2
v -0.8 15.1 -2
v -4.7 12 -2.1
v -4.7 12.1 -2.1
v -4.7 14.9 -2.1
v -4.7 15 -2.1
v -4.4 12 -2.1
v -4.4 12.1 -2.1
v -4.4 14.9 -2.1
v -4.4 15 -2.1
v -1.1 12 -2.1
v -1.1 12.1 -2.1
v -1.1 14.9 -2.1
v -1.1 15 -2.1
v -0.8 12 -2.1
v -0.8 12.1 -2.1
v -0.8 14.9 -2.1
v -0.8 15 -2.1
v -4.7 12.1 -2.2
v -4.7 12.2 -2.2
v -4.7 14.8 -2.2
v -4.7 14.9 -2.2
v -4.4 12.1 -2.2
v -4.4 12.2 -2.2
v -4.4 14.8 -2.2
v -4.4 14.9 -2.2
v -1.1 12.1 -2.2
v -1.1 12.2 -2.2
v -1.1 14.8 -2.2
v -1.1 14.9 -2.2
v -0.8 12.1 -2.2
v -0.8 12.2 -2.2
v -0.8 14.8 -2.2
v -0.8 14.9 -2.2
v -4.7 12.2 -2.3
v -4.7 12.5 -2.3
v -4.7 14.5 -2.3
v -4.7 14.8 -2.3
v -4.4 12.2 -2.3
v -4.4 12.5 -2.3
v -4.4 14.5 -2.3
v -4.4 14.8 -2.3
v -1.1 12.2 -2.3
v -1.1 12.5 -2.3
v -1.1 14.5 -2.3
v -1.1 14.8 -2.3
v -0.8 12.2 -2.3
v -0.8 12.5 -2.3
v -0.8 14.5 -2.3
v -0.8 14.8 -2.3
v -4.7 12.5 -2.4
v -4.7 12.7 -2.4
v -4.7 14.3 -2.4
v -4.7 14.5 -2.4
v -4.4 12.5 -2.4
v -4.4 12.7 -2.4
v -4.4 14.3 -2.4
v -4.4 14.5 -2.4
v -1.1 12.5 -2.4
v -1.1 12.7 -2.4
v -1.1 14.3 -2.4
v -1.1 14.5 -2.4
v -0.8 12.5 -2.4
v -0.8 12.7 -2.4
v -0.8 14.3 -2.4
v -0.8 14.5 -2.4
v -4.7 12.7 -2.5
v -4.7 13.3 -2.5
v -4.7 13.7 -2.5
v -4.7 14.3 -2.5
v -4.4 12.7 -2.5
v -4.4 13.3 -2.5
v -4.4 13.7 -2.5
v -4.4 14.3 -2.5
v -1.1 12.7 -2.5
v -1.1 13.3 -2.5
v -1.1 13.7 -2.5
v -1.1 14.3 -2.5
v -0.8 12.7 -2.5
v -0.8 13.3 -2.5
v -0.8 13.7 -2.5
v -0.8 14.3 -2.5
v -4.7 13.3 -2.6
v -4.7 13.7 -2.6
v -4.4 13.3 -2.6
v -4.4 13.7 -2.6
v -1.1 13.3 -2.6
v -1.1 13.7 -2.6
v -0.8 13.3 -2.6
v -0.8 13.7 -2.6
v 1.7 8.5 0.6
v 3.4 8.5 0.6
v 1.7 8.5 -0.0999997
v 3.4 8.5 -0.0999997
v 1.1 8.6 0.6
v 1.4 8.6 0.6
v 1.5 8.6 0.6
v 1.6 8.6 0.6
v 1.7 8.6 0.6
v 3.4 8.6 0.6
v 3.5 8.6 0.6
v 1.1 8.6 -0.0999997
v 1.4 8.6 -0.0999997
v 1.5 8.6 -0.0999997
v 1.6 8.6 -0.0999997
v 1.7 8.6 -0.0999997
v 3.4 8.6 -0.0999997
v 3.4 8.6 -0.2
v 3.5 8.6 -0.2
v 0.8 8.7 0.6
v 1.1 8.7 0.6
v 0.8 8.7 -0.0999997
v 1.1 8.7 -0.0999997
v 0.5 8.8 0.6
v 0.8 8.8 0.6
v 0.5 8.8 -0.0999997
v 0.8 8.8 -0.0999997
v 3.3 8.8 -0.0999997
v 3.4 8.8 -0.0999997
v 3.3 8.8 -0.2
v 3.4 8.8 -0.2
v 0.2 8.9 0.6
v 0.5 8.9 0.6
v 0.2 8.9 -0.0999997
v 0.5 8.9 -0.0999997
v 0 9 0.6
v 0.2 9 0.6
v 0 9 -0.0999997
v 0.2 9 -0.0999997
v -0.1 9.1 0.6
v 0 9.1 0.6
v -0.1 9.1 -0.0999997
v 0 9.1 -0.0999997
v -0.2 9.2 0.6
v -0.1 9.2 0.6
v -0.2 9.2 -0.0999997
v -0.1 9.2 -0.0999997
v -0.3 9.3 0.6
v -0.2 9.3 0.6
v -0.3 9.3 -0.0999997
v -0.2 9.3 -0.0999997
v -8.9 9.4 0.8
v -8.6 9.4 0.8
v -0.4 9.4 0.6
v -0.3 9.4 0.6
v -0.4 9.4 -0.0999997
v -0.3 9.4 -0.0999997
v 3.2 9.4 -0.0999997
v 3.3 9.4 -0.0999997
v 3.2 9.4 -0.2
v 3.3 9.4 -0.2
v -8.9 9.4 -0.3
v -8.6 9.4 -0.3
v -9 9.5 0.8
v -8.9 9.5 0.8
v -9.1 9.5 0.7
v -9 9.5 0.7
v -0.5 9.5 0.6
v -0.4 9.5 0.6
v -9.2 9.5 0.5
v -9.1 9.5 0.5
v -5 9.5 0.5
v -1.1 9.5 0.5
v -0.6 9.5 0.5
v -5 9.5 2.38419e-07
v -4.7 9.5 2.38419e-07
v -9.2 9.5 -0.0999997
v -9.1 9.5 -0.0999997
v -4.7 9.5 -0.0999997
v -1.1 9.5 -0.0999997
v -0.6 9.5 -0.0999997
v -0.5 9.5 -0.0999997
v -0.4 9.5 -0.0999997
v -9.1 9.5 -0.2
v -9 9.5 -0.2
v -9 9.5 -0.3
v -8.9 9.5 -0.3
v -8.6 9.6 0.8
v -8.4 9.6 0.8
v -8.4 9.6 0.7
v -8.3 9.6 0.7
v -0.7 9.6 0.6
v -0.5 9.6 0.6
v -5.4 9.6 0.5
v -5 9.6 0.5
v -0.7 9.6 0.5
v -0.6 9.6 0.5
v -8.3 9.6 0.4
v -8.2 9.6 0.4
v -8.3 9.6 0.1
v -8.2 9.6 0.1
v -5.4 9.6 2.38419e-07
v -5 9.6 2.38419e-07
v -0.7 9.6 -0.0999997
v -0.6 9.6 -0.0999997
v -0.5 9.6 -0.0999997
v -8.4 9.6 -0.2
v -8.3 9.6 -0.2
v -0.7 9.6 -0.2
v -0.5 9.6 -0.2
v -8.6 9.6 -0.3
v -8.4 9.6 -0.3
v -9.2 9.7 0.7
v -9.1 9.7 0.7
v -9.3 9.7 0.5
v -9.2 9.7 0.5
v -9.1 9.7 0.5
v -5.5 9.7 0.5
v -5.4 9.7 0.5
v -9.3 9.7 2.38419e-07
v -9.2 9.7 2.38419e-07
v -5.5 9.7 2.38419e-07
v -5.4 9.7 2.38419e-07
v -9.2 9.7 -0.0999997
v -9.1 9.7 -0.0999997
v -9.2 9.7 -0.2
v -9.1 9.7 -0.2
v -5.6 9.8 0.5
v -5.5 9.8 0.5
v -5.6 9.8 2.38419e-07
v -5.5 9.8 2.38419e-07
v 3.1 9.8 -0.0999997
v 3.2 9.8 -0.0999997
v 3.1 9.8 -0.2
v 3.2 9.8 -0.2
v -0.8 9.9 0.6
v -0.7 9.9 0.6
v -0.8 9.9 0.5
v -0.7 9.9 0.5
v -0.8 9.9 -0.0999997
v -0.7 9.9 -0.0999997
v -0.8 9.9 -0.2
v -0.7 9.9 -0.2
v -9.1 10.3 0.8
v -9 10.3 0.8
v -9.1 10.3 0.7
v -9 10.3 0.7
v -0.9 10.3 0.6
v -0.8 10.3 0.6
v -0.9 10.3 0.5
v -0.8 10.3 0.5
v -9.3 10.3 2.38419e-07
v -9.2 10.3 2.38419e-07
v -9.3 10.3 -0.0999997
v -9.2 10.3 -0.0999997
v -0.9 10.3 -0.0999997
v -0.8 10.3 -0.0999997
v 3 10.3 -0.0999997
v 3.1 10.3 -0.0999997
v -9.1 10.3 -0.2
v -9 10.3 -0.2
v -0.9 10.3 -0.2
v -0.8 10.3 -0.2
v 3 10.3 -0.2
v 3.1 10.3 -0.2
v -9.1 10.3 -0.3
v -9 10.3 -0.3
v -8.6 10.4 0.8
v -8.5 10.4 0.8
v -8.6 10.4 0.7
v -8.5 10.4 0.7
v -8.4 10.4 0.7
v -8.3 10.4 0.7
v -8.4 10.4 0.5
v -8.3 10.4 0.5
v -8.4 10.4 -0.0999997
v -8.3 10.4 -0.0999997
v -8.6 10.4 -0.2
v -8.5 10.4 -0.2
v -8.4 10.4 -0.2
v -8.3 10.4 -0.2
v -8.6 10.4 -0.3
v -8.5 10.4 -0.3
v -5 10.6 0.7
v -4.8 10.6 0.7
v -4.7 10.6 0.7
v -4.7 10.6 0.5
v -4.7 10.6 0.4
v -4.7 10.6 2.38419e-07
v -4.7 10.6 -0.0999997
v 2.9 10.6 -0.0999997
v 3 10.6 -0.0999997
v 2.9 10.6 -0.2
v 3 10.6 -0.2
v -5 10.6 -0.3
v -4.8 10.6 -0.3
v -4.7 10.6 -0.3
v -9.1 10.7 0.8
v -9 10.7 0.8
v -9.2 10.7 0.7
v -9.1 10.7 0.7
v -9 10.7 0.7
v -9.3 10.7 0.5
v -9.2 10.7 0.5
v -9.1 10.7 0.5
v -9.3 10.7 2.38419e-07
v -9.2 10.7 2.38419e-07
v -9.2 10.7 -0.0999997
v -9.1 10.7 -0.0999997
v -9.2 10.7 -0.2
v -9.1 10.7 -0.2
v -9 10.7 -0.2
v -9.1 10.7 -0.3
v -9 10.7 -0.3
v -4.8 10.9 0.8
v -4.7 10.9 0.8
v -4.8 10.9 0.7
v -4.7 10.9 0.7
v 1.5 10.9 0.6
v 1.6 10.9 0.6
v -4.7 10.9 0.5
v -4.4 10.9 0.5
v -1.1 10.9 0.5
v -0.8 10.9 0.5
v -4.7 10.9 -0.0999997
v -4.4 10.9 -0.0999997
v -1.1 10.9 -0.0999997
v -0.8 10.9 -0.0999997
v 1.5 10.9 -0.0999997
v 1.6 10.9 -0.0999997
v 2.8 10.9 -0.0999997
v 2.9 10.9 -0.0999997
v 2.8 10.9 -0.2
v 2.9 10.9 -0.2
v -4.8 10.9 -0.3
v -4.7 10.9 -0.3
v -4.8 10.9 -0.4
v -4.7 10.9 -0.4
v -4.7 11 1.3
v -4.4 11 1.3
v -1.1 11 1.3
v -0.8 11 1.3
v -5 11 0.8
v -4.8 11 0.8
v -4.7 11 0.8
v -0.8 11 0.6
v -4.7 11 0.5
v -4.4 11 0.5
v -1.1 11 0.5
v -0.8 11 0.5
v -4.7 11 -0.0999997
v -4.4 11 -0.0999997
v -1.1 11 -0.0999997
v -0.8 11 -0.0999997
v -0.8 11 -0.2
v -5 11 -0.4
v -4.8 11 -0.4
v -4.7 11 -0.4
v -4.7 11 -0.9
v -4.4 11 -0.9
v -1.1 11 -0.9
v -0.8 11 -0.9
v -4.7 11.1 1.6
v -4.4 11.1 1.6
v -1.1 11.1 1.6
v -0.8 11.1 1.6
v -4.7 11.1 1.5
v -4.4 11.1 1.5
v -1.1 11.1 1.5
v -0.8 11.1 1.5
v -4.7 11.1 1.4
v -4.4 11.1 1.4
v -1.1 11.1 1.4
v -0.8 11.1 1.4
v -4.7 11.1 1.3
v -4.4 11.1 1.3
v -1.1 11.1 1.3
v -0.8 11.1 1.3
v -9.4 11.1 0.5
v -9.3 11.1 0.5
v -9.4 11.1 2.38419e-07
v -9.3 11.1 2.38419e-07
v -9.2 11.1 2.38419e-07
v -9.3 11.1 -0.0999997
v -9.2 11.1 -0.0999997
v -4.7 11.1 -0.9
v -4.4 11.1 -0.9
v -1.1 11.1 -0.9
v -0.8 11.1 -0.9
v -4.7 11.1 -1
v -4.4 11.1 -1
v -1.1 11.1 -1
v -0.8 11.1 -1
v -4.7 11.1 -1.1
v -4.4 11.1 -1.1
v -1.1 11.1 -1.1
v -0.8 11.1 -1.1
v -4.7 11.1 -1.2
v -4.4 11.1 -1.2
v -1.1 11.1 -1.2
v -0.8 11.1 -1.2
v -4.7 11.2 1.7
v -4.4 11.2 1.7
v -1.1 11.2 1.7
v -0.8 11.2 1.7
v -4.7 11.2 1.6
v -4.4 11.2 1.6
v -1.1 11.2 1.6
v -0.8 11.2 1.6
v -4.7 11.2 1.5
v -4.4 11.2 1.5
v -1.1 11.2 1.5
v -0.8 11.2 1.5
v -4.7 11.2 1.4
v -4.4 11.2 1.4
v -1.1 11.2 1.4
v -0.8 11.2 1.4
v -4.7 11.2 -1
v -4.4 11.2 -1
v -1.1 11.2 -1
v -0.8 11.2 -1
v -4.7 11.2 -1.1
v -4.4 11.2 -1.1
v -1.1 11.2 -1.1
v -0.8 11.2 -1.1
v -4.7 11.2 -1.2
v -4.4 11.2 -1.2
v -1.1 11.2 -1.2
v -0.8 11.2 -1.2
v -4.7 11.2 -1.3
v -4.4 11.2 -1.3
v -1.1 11.2 -1.3
v -0.8 11.2 -1.3
v -4.7 11.3 1.8
v -4.4 11.3 1.8
v -1.1 11.3 1.8
v -0.8 11.3 1.8
v -4.7 11.3 1.7
v -4.4 11.3 1.7
v -1.1 11.3 1.7
v -0.8 11.3 1.7
v 0.4 11.3 0.4
v 0.5 11.3 0.4
v 0.7 11.3 0.4
v 0.4 11.3 0.2
v 0.5 11.3 0.2
v 0.7 11.3 0.2
v -4.7 11.3 -1.3
v -4.4 11.3 -1.3
v -1.1 11.3 -1.3
v -0.8 11.3 -1.3
v -4.7 11.3 -1.4
v -4.4 11.3 -1.4
v -1.1 11.3 -1.4
v -0.8 11.3 -1.4
v -4.7 11.4 1.9
v -4.4 11.4 1.9
v -1.1 11.4 1.9
v -0.8 11.4 1.9
v -4.7 11.4 1.8
v -4.4 11.4 1.8
v -1.1 11.4 1.8
v -0.8 11.4 1.8
v 0.7 11.4 0.4
v 0.8 11.4 0.4
v 0.7 11.4 0.2
v 0.8 11.4 0.2
v 2.7 11.4 -0.0999997
v 2.8 11.4 -0.0999997
v 2.7 11.4 -0.2
v 2.8 11.4 -0.2
v -4.7 11.4 -1.4
v -4.4 11.4 -1.4
v -1.1 11.4 -1.4
v -0.8 11.4 -1.4
v -4.7 11.4 -1.5
v -4.4 11.4 -1.5
v -1.1 11.4 -1.5
v -0.8 11.4 -1.5
v -4.7 11.5 2.2
v -4.4 11.5 2.2
v -1.1 11.5 2.2
v -0.8 11.5 2.2
v -4.7 11.5 1.9
v -4.4 11.5 1.9
v -1.1 11.5 1.9
v -0.8 11.5 1.9
v -9.2 11.5 0.8
v -9.1 11.5 0.8
v -9.3 11.5 0.7
v -9.2 11.5 0.7
v -9.1 11.5 0.7
v -9.3 11.5 0.5
v -9.2 11.5 0.5
v -9.4 11.5 2.38419e-07
v -9.3 11.5 2.38419e-07
v -9.4 11.5 -0.0999997
v -9.3 11.5 -0.0999997
v -9.2 11.5 -0.0999997
v -9.3 11.5 -0.2
v -9.2 11.5 -0.2
v -9.1 11.5 -0.2
v -9.2 11.5 -0.3
v -9.1 11.5 -0.3
v -4.7 11.5 -1.5
v -4.4 11.5 -1.5
v -1.1 11.5 -1.5
v -0.8 11.5 -1.5
v -4.7 11.5 -1.8
v -4.4 11.5 -1.8
v -1.1 11.5 -1.8
v -0.8 11.5 -1.8
v -4.7 11.6 2.3
v -4.4 11.6 2.3
v -1.1 11.6 2.3
v -0.8 11.6 2.3
v -4.7 11.6 2.2
v -4.4 11.6 2.2
v -1.1 11.6 2.2
v -0.8 11.6 2.2
v -8.6 11.6 0.8
v -8.5 11.6 0.8
v -8.6 11.6 0.7
v -8.5 11.6 0.7
v -8.4 11.6 0.7
v -8.5 11.6 0.5
v -8.4 11.6 0.5
v -8.3 11.6 0.5
v -8.4 11.6 0.4
v -8.3 11.6 0.4
v -8.4 11.6 0.1
v -8.3 11.6 0.1
v -8.5 11.6 -0.0999997
v -8.4 11.6 -0.0999997
v -8.3 11.6 -0.0999997
v -8.6 11.6 -0.2
v -8.5 11.6 -0.2
v -8.4 11.6 -0.2
v -8.6 11.6 -0.3
v -8.5 11.6 -0.3
v -4.7 11.6 -1.8
v -4.4 11.6 -1.8
v -1.1 11.6 -1.8
v -0.8 11.6 -1.8
v -4.7 11.6 -1.9
v -4.4 11.6 -1.9
v -1.1 11.6 -1.9
v -0.8 11.6 -1.9
v 0.8 11.8 0.4
v 0.9 11.8 0.4
v 0.8 11.8 0.2
v 0.9 11.8 0.2
v 2.6 11.8 -0.0999997
v 2.7 11.8 -0.0999997
v 2.6 11.8 -0.2
v 2.7 11.8 -0.2
v -4.7 11.9 2.4
v -4.4 11.9 2.4
v -1.1 11.9 2.4
v -0.8 11.9 2.4
v -4.7 11.9 2.3
v -4.4 11.9 2.3
v -1.1 11.9 2.3
v -0.8 11.9 2.3
v -4.7 11.9 -1.9
v -4.4 11.9 -1.9
v -1.1 11.9 -1.9
v -0.8 11.9 -1.9
v -4.7 11.9 -2
v -4.4 11.9 -2
v -1.1 11.9 -2
v -0.8 11.9 -2
v -4.7 12 2.5
v -4.4 12 2.5
v -1.1 12 2.5
v -0.8 12 2.5
v -4.7 12 2.4
v -4.4 12 2.4
v -1.1 12 2.4
v -0.8 12 2.4
v 1.4 12 0.6
v 1.5 12 0.6
v 0.3 12 0.1
v 0.4 12 0.1
v 0.5 12 0.1
v 0.6 12 0.1
v 0.3 12 -0.0999997
v 0.4 12 -0.0999997
v 0.5 12 -0.0999997
v 0.6 12 -0.0999997
v 1.4 12 -0.0999997
v 1.5 12 -0.0999997
v -4.7 12 -2
v -4.4 12 -2
v -1.1 12 -2
v -0.8 12 -2
v -4.7 12 -2.1
v -4.4 12 -2.1
v -1.1 12 -2.1
v -0.8 12 -2.1
v -4.7 12.1 2.6
v -4.4 12.1 2.6
v -1.1 12.1 2.6
v -0.8 12.1 2.6
v -4.7 12.1 2.5
v -4.4 12.1 2.5
v -1.1 12.1 2.5
v -0.8 12.1 2.5
v -9.3 12.1 0.7
v -9.2 12.1 0.7
v -9.4 12.1 0.5
v -9.3 12.1 0.5
v -9.2 12.1 0.5
v -9.4 12.1 2.38419e-07
v -9.3 12.1 2.38419e-07
v -9.3 12.1 -0.0999997
v -9.2 12.1 -0.0999997
v 2.5 12.1 -0.0999997
v 2.6 12.1 -0.0999997
v -9.3 12.1 -0.2
v -9.2 12.1 -0.2
v 2.5 12.1 -0.2
v 2.6 12.1 -0.2
v -4.7 12.1 -2.1
v -4.4 12.1 -2.1
v -1.1 12.1 -2.1
v -0.8 12.1 -2.1
v -4.7 12.1 -2.2
v -4.4 12.1 -2.2
v -1.1 12.1 -2.2
v -0.8 12.1 -2.2
v -4.7 12.2 2.7
v -4.4 12.2 2.7
v -1.1 12.2 2.7
v -0.8 12.2 2.7
v -4.7 12.2 2.6
v -4.4 12.2 2.6
v -1.1 12.2 2.6
v -0.8 12.2 2.6
v 1.3 12.2 0.6
v 1.4 12.2 0.6
v 0.6 12.2 0.1
v 0.7 12.2 0.1
v 0.6 12.2 -0.0999997
v 0.7 12.2 -0.0999997
v 1.3 12.2 -0.0999997
v 1.4 12.2 -0.0999997
v -4.7 12.2 -2.2
v -4.4 12.2 -2.2
v -1.1 12.2 -2.2
v -0.8 12.2 -2.2
v -4.7 12.2 -2.3
v -4.4 12.2 -2.3
v -1.1 12.2 -2.3
v -0.8 12.2 -2.3
v 0.5 12.3 0.4
v 0.6 12.3 0.4
v 0.5 12.3 0.2
v 0.6 12.3 0.2
v -0.8 12.4 0.9
v -0.7 12.4 0.9
v -0.8 12.4 0.6
v -0.7 12.4 0.6
v 2.4 12.4 -0.0999997
v 2.5 12.4 -0.0999997
v -0.8 12.4 -0.2
v -0.7 12.4 -0.2
v 2.4 12.4 -0.2
v 2.5 12.4 -0.2
v -0.8 12.4 -0.5
v -0.7 12.4 -0.5
v -4.7 12.5 2.8
v -4.4 12.5 2.8
v -1.1 12.5 2.8
v -0.8 12.5 2.8
v -4.7 12.5 2.7
v -4.4 12.5 2.7
v -1.1 12.5 2.7
v -0.8 12.5 2.7
v -0.7 12.5 0.9
v -0.6 12.5 0.9
v -9.2 12.5 0.8
v -9.1 12.5 0.8
v -9.2 12.5 0.7
v -9.1 12.5 0.7
v -0.7 12.5 0.6
v -0.6 12.5 0.6
v 1.2 12.5 0.6
v 1.3 12.5 0.6
v 0.3 12.5 0.1
v 0.4 12.5 0.1
v -9.4 12.5 2.38419e-07
v -9.3 12.5 2.38419e-07
v -9.4 12.5 -0.0999997
v -9.3 12.5 -0.0999997
v 0.3 12.5 -0.0999997
v 0.4 12.5 -0.0999997
v 1.2 12.5 -0.0999997
v 1.3 12.5 -0.0999997
v -9.2 12.5 -0.2
v -9.1 12.5 -0.2
v -0.7 12.5 -0.2
v -0.6 12.5 -0.2
v -9.2 12.5 -0.3
v -9.1 12.5 -0.3
v -0.7 12.5 -0.5
v -0.6 12.5 -0.5
v -4.7 12.5 -2.3
v -4.4 12.5 -2.3
v -1.1 12.5 -2.3
v -0.8 12.5 -2.3
v -4.7 12.5 -2.4
v -4.4 12.5 -2.4
v -1.1 12.5 -2.4
v -0.8 12.5 -2.4
v -0.6 12.6 0.9
v 0 12.6 0.9
v 0.2 12.6 0.5
v 0.3 12.6 0.5
v 0.4 12.6 0.5
v 0.7 12.6 0.5
v 0.8 12.6 0.5
v 0.9 12.6 0.5
v 0.5 12.6 0.4
v 0.6 12.6 0.4
v 0.7 12.6 0.4
v 0.8 12.6 0.4
v 0.5 12.6 0.2
v 0.6 12.6 0.2
v 0.7 12.6 0.2
v 0.8 12.6 0.2
v 0.3 12.6 0.1
v 0.4 12.6 0.1
v 0.5 12.6 0.1
v 0.6 12.6 0.1
v 0.3 12.6 -0.0999997
v 0.4 12.6 -0.0999997
v 0.5 12.6 -0.0999997
v 0.6 12.6 -0.0999997
v 1.2 12.6 -0.0999997
v 1.3 12.6 -0.0999997
v 2.3 12.6 -0.0999997
v 2.4 12.6 -0.0999997
v 0.2 12.6 -0.2
v 0.3 12.6 -0.2
v 0.4 12.6 -0.2
v 0.7 12.6 -0.2
v 0.8 12.6 -0.2
v 0.9 12.6 -0.2
v 2.3 12.6 -0.2
v 2.4 12.6 -0.2
v -0.6 12.6 -0.5
v 0 12.6 -0.5
v 1.2 12.6 -0.5
v 1.3 12.6 -0.5
v -4.7 12.7 2.9
v -4.4 12.7 2.9
v -1.1 12.7 2.9
v -0.8 12.7 2.9
v -4.7 12.7 2.8
v -4.4 12.7 2.8
v -1.1 12.7 2.8
v -0.8 12.7 2.8
v 0 12.7 0.9
v 0.2 12.7 0.9
v 1 12.7 0.9
v 1.9 12.7 0.9
v -8.7 12.7 0.8
v -8.6 12.7 0.8
v -8.7 12.7 0.7
v -8.6 12.7 0.7
v -8.5 12.7 0.7
v -8.4 12.7 0.7
v 1.2 12.7 0.6
v 1.9 12.7 0.6
v 0.2 12.7 0.5
v 0.3 12.7 0.5
v 0.4 12.7 0.5
v 0.7 12.7 0.5
v 0.8 12.7 0.5
v 0.9 12.7 0.5
v -8.5 12.7 0.4
v -8.4 12.7 0.4
v -8.5 12.7 0.1
v -8.4 12.7 0.1
v 1.2 12.7 -0.0999997
v 1.3 12.7 -0.0999997
v 1.9 12.7 -0.0999997
v 2.2 12.7 -0.0999997
v 2.3 12.7 -0.0999997
v -8.7 12.7 -0.2
v -8.6 12.7 -0.2
v -8.5 12.7 -0.2
v -8.4 12.7 -0.2
v 0.2 12.7 -0.2
v 0.3 12.7 -0.2
v 0.4 12.7 -0.2
v 0.7 12.7 -0.2
v 0.8 12.7 -0.2
v 0.9 12.7 -0.2
v 2.2 12.7 -0.2
v 2.3 12.7 -0.2
v -8.7 12.7 -0.3
v -8.6 12.7 -0.3
v 0 12.7 -0.5
v 0.2 12.7 -0.5
v 1 12.7 -0.5
v 1.2 12.7 -0.5
v 1.3 12.7 -0.5
v 1.9 12.7 -0.5
v -4.7 12.7 -2.4
v -4.4 12.7 -2.4
v -1.1 12.7 -2.4
v -0.8 12.7 -2.4
v -4.7 12.7 -2.5
v -4.4 12.7 -2.5
v -1.1 12.7 -2.5
v -0.8 12.7 -2.5
v 1.9 12.8 0.9
v 2.1 12.8 0.9
v 2.2 12.8 0.9
v 1.9 12.8 0.6
v 2.1 12.8 0.6
v 2.2 12.8 0.6
v 1.9 12.8 -0.0999997
v 2.1 12.8 -0.0999997
v 2.2 12.8 -0.0999997
v 2.2 12.8 -0.2
v 1.9 12.8 -0.5
v 2.1 12.8 -0.5
v 2.2 12.8 -0.5
v -9.3 12.9 0.7
v -9.2 12.9 0.7
v -9.4 12.9 0.5
v -9.3 12.9 0.5
v -9.2 12.9 0.5
v -9.4 12.9 2.38419e-07
v -9.3 12.9 2.38419e-07
v -9.3 12.9 -0.0999997
v -9.2 12.9 -0.0999997
v -9.3 12.9 -0.2
v -9.2 12.9 -0.2
v -0.8 13.1 1
v -0.7 13.1 1
v -0.8 13.1 0.9
v -0.7 13.1 0.9
v -9.2 13.1 0.8
v -9.1 13.1 0.8
v -9.2 13.1 0.7
v -9.1 13.1 0.7
v -9.2 13.1 -0.2
v -9.1 13.1 -0.2
v -9.2 13.1 -0.3
v -9.1 13.1 -0.3
v -0.8 13.1 -0.5
v -0.7 13.1 -0.5
v -0.8 13.1 -0.6
v -0.7 13.1 -0.6
v -0.8 13.2 1.1
v -0.7 13.2 1.1
v -0.8 13.2 1
v -0.7 13.2 1
v -0.8 13.2 -0.6
v -0.7 13.2 -0.6
v -0.8 13.2 -0.7
v -0.7 13.2 -0.7
v -4.7 13.3 3
v -4.4 13.3 3
v -1.1 13.3 3
v -0.8 13.3 3
v -4.7 13.3 2.9
v -4.4 13.3 2.9
v -1.1 13.3 2.9
v -0.8 13.3 2.9
v -0.8 13.3 1.2
v -0.7 13.3 1.2
v -0.8 13.3 1.1
v -0.7 13.3 1.1
v -9.5 13.3 0.5
v -9.4 13.3 0.5
v -9.5 13.3 2.38419e-07
v -9.4 13.3 2.38419e-07
v -9.3 13.3 2.38419e-07
v -9.4 13.3 -0.0999997
v -9.3 13.3 -0.0999997
v -0.8 13.3 -0.7
v -0.7 13.3 -0.7
v -0.8 13.3 -0.8
v -0.7 13.3 -0.8
v -4.7 13.3 -2.5
v -4.4 13.3 -2.5
v -1.1 13.3 -2.5
v -0.8 13.3 -2.5
v -4.7 13.3 -2.6
v -4.4 13.3 -2.6
v -1.1 13.3 -2.6
v -0.8 13.3 -2.6
v -5.1 13.4 0.4
v -5 13.4 0.4
v -5.1 13.4 2.38419e-07
v -5 13.4 2.38419e-07
v -5.1 13.5 0.5
v -5 13.5 0.5
v -5.1 13.5 0.4
v -5 13.5 0.4
v -5.1 13.5 2.38419e-07
v -5 13.5 2.38419e-07
v -5.1 13.5 -0.0999997
v -5 13.5 -0.0999997
v -6.1 13.6 0.4
v -6 13.6 0.4
v -5.9 13.6 0.4
v -5.6 13.6 0.4
v -5.5 13.6 0.4
v -5.1 13.6 0.4
v -6.2 13.6 0.3
v -6.1 13.6 0.3
v -5.9 13.6 0.3
v -5.8 13.6 0.3
v -6.2 13.6 0.1
v -6.1 13.6 0.1
v -5.9 13.6 0.1
v -5.8 13.6 0.1
v -6.1 13.6 2.38419e-07
v -6 13.6 2.38419e-07
v -5.9 13.6 2.38419e-07
v -5.6 13.6 2.38419e-07
v -5.5 13.6 2.38419e-07
v -5.1 13.6 2.38419e-07
v -11.6 13.7 0.9
v -6.9 13.7 0.9
v -9.2 13.7 0.8
v -8.7 13.7 0.8
v -9.3 13.7 0.7
v -9.2 13.7 0.7
v -8.7 13.7 0.7
v -8.6 13.7 0.7
v -9.5 13.7 0.5
v -9.4 13.7 0.5
v -9.3 13.7 0.5
v -8.6 13.7 0.5
v -8.5 13.7 0.5
v -8.5 13.7 0.4
v -8.4 13.7 0.4
v -6.2 13.7 0.4
v -6.1 13.7 0.4
v -5.9 13.7 0.4
v -5.8 13.7 0.4
v -6.2 13.7 0.3
v -6.1 13.7 0.3
v -5.9 13.7 0.3
v -5.8 13.7 0.3
v -5.6 13.7 0.3
v -8.5 13.7 0.1
v -8.4 13.7 0.1
v -6.2 13.7 0.1
v -6.1 13.7 0.1
v -5.9 13.7 0.1
v -5.8 13.7 0.1
v -5.6 13.7 0.1
v -9.5 13.7 2.38419e-07
v -9.4 13.7 2.38419e-07
v -6.2 13.7 2.38419e-07
v -6.1 13.7 2.38419e-07
v -5.9 13.7 2.38419e-07
v -5.8 13.7 2.38419e-07
v -9.4 13.7 -0.0999997
v -9.3 13.7 -0.0999997
v -8.6 13.7 -0.0999997
v -8.5 13.7 -0.0999997
v -9.3 13.7 -0.2
v -9.2 13.7 -0.2
v -8.7 13.7 -0.2
v -8.6 13.7 -0.2
v -11.6 13.7 -0.3
v -9.2 13.7 -0.3
v -8.7 13.7 -0.3
v -6.9 13.7 -0.3
v -11.6 13.8 1
v -6.9 13.8 1
v -11.6 13.8 0.9
v -6.9 13.8 0.9
v -11.6 13.8 -0.3
v -6.9 13.8 -0.3
v -11.6 13.8 -0.4
v -6.9 13.8 -0.4
v -11.6 13.9 1.1
v -6.8 13.9 1.1
v -5.5 13.9 1.1
v -4.7 13.9 1.1
v -11.6 13.9 1
v -6.9 13.9 1
v -4.7 13.9 1
v -5 13.9 0.8
v -4.7 13.9 0.8
v -5.1 13.9 0.5
v -5 13.9 0.5
v -5.5 13.9 0.4
v -5.1 13.9 0.4
v -5.5 13.9 2.38419e-07
v -5.1 13.9 2.38419e-07
v -5.1 13.9 -0.0999997
v -5 13.9 -0.0999997
v -11.6 13.9 -0.4
v -6.9 13.9 -0.4
v -5 13.9 -0.4
v -4.7 13.9 -0.4
v -11.6 13.9 -0.5
v -6.8 13.9 -0.5
v -5.5 13.9 -0.5
v -4.7 13.9 -0.5
v -5.5 14 1.4
v -4.7 14 1.4
v -5.7 14 1.1
v -5.5 14 1.1
v -4.7 14 1.1
v -5.7 14 -0.5
v -5.5 14 -0.5
v -4.7 14 -0.5
v -4.7 14 -0.7
v -5.5 14 -0.8
v -4.7 14 -0.8
v -5.7 14.1 1.4
v -5.5 14.1 1.4
v -6.8 14.1 1.1
v -6.1 14.1 1.1
v -6 14.1 1.1
v -5.7 14.1 1.1
v -5.5 14.1 1.1
v -6.8 14.1 -0.5
v -6.1 14.1 -0.5
v -6 14.1 -0.5
v -5.7 14.1 -0.5
v -5.5 14.1 -0.5
v -5.7 14.1 -0.8
v -5.5 14.1 -0.8
v -5.8 14.2 1.4
v -5.7 14.2 1.4
v -9.2 14.2 1.2
v -9 14.2 1.2
v -6.5 14.2 1.2
v -6.3 14.2 1.2
v -11.8 14.2 1.1
v -11.7 14.2 1.1
v -9.2 14.2 1.1
v -9 14.2 1.1
v -6.5 14.2 1.1
v -6.3 14.2 1.1
v -6.1 14.2 1.1
v -6 14.2 1.1
v -5.8 14.2 1.1
v -5.7 14.2 1.1
v -12 14.2 1
v -11.8 14.2 1
v -12 14.2 0.6
v -11.8 14.2 0.6
v -12.1 14.2 2.38419e-07
v -12 14.2 2.38419e-07
v -11.8 14.2 2.38419e-07
v -12.1 14.2 -0.4
v -12 14.2 -0.4
v -11.8 14.2 -0.4
v -11.8 14.2 -0.5
v -11.7 14.2 -0.5
v -9.2 14.2 -0.5
v -9 14.2 -0.5
v -6.5 14.2 -0.5
v -6.3 14.2 -0.5
v -6.1 14.2 -0.5
v -6 14.2 -0.5
v -5.8 14.2 -0.5
v -5.7 14.2 -0.5
v -9.2 14.2 -0.6
v -9 14.2 -0.6
v -6.5 14.2 -0.6
v -6.3 14.2 -0.6
v -5.8 14.2 -0.8
v -5.7 14.2 -0.8
v -5.9 14.3 1.4
v -5.8 14.3 1.4
v -9.3 14.3 1.2
v -9.2 14.3 1.2
v -9 14.3 1.2
v -8.9 14.3 1.2
v -6.6 14.3 1.2
v -6.5 14.3 1.2
v -6.3 14.3 1.2
v -6.2 14.3 1.2
v -12.1 14.3 1.1
v -12 14.3 1.1
v -11.8 14.3 1.1
v -9.3 14.3 1.1
v -9.2 14.3 1.1
v -9 14.3 1.1
v -8.9 14.3 1.1
v -6.6 14.3 1.1
v -6.5 14.3 1.1
v -6.3 14.3 1.1
v -6.2 14.3 1.1
v -5.9 14.3 1.1
v -5.8 14.3 1.1
v -12.2 14.3 1
v -12.1 14.3 1
v -12 14.3 1
v -11.8 14.3 1
v -12.2 14.3 0.6
v -12.1 14.3 0.6
v -12 14.3 0.6
v -11.8 14.3 0.6
v -12.2 14.3 2.38419e-07
v -12.1 14.3 2.38419e-07
v -12 14.3 2.38419e-07
v -11.8 14.3 2.38419e-07
v -12.2 14.3 -0.4
v -12.1 14.3 -0.4
v -12 14.3 -0.4
v -11.8 14.3 -0.4
v -12.1 14.3 -0.5
v -12 14.3 -0.5
v -11.8 14.3 -0.5
v -11.7 14.3 -0.5
v -9.3 14.3 -0.5
v -9.2 14.3 -0.5
v -9 14.3 -0.5
v -8.9 14.3 -0.5
v -6.6 14.3 -0.5
v -6.5 14.3 -0.5
v -6.3 14.3 -0.5
v -6.2 14.3 -0.5
v -5.9 14.3 -0.5
v -5.8 14.3 -0.5
v -11.8 14.3 -0.6
v -11.7 14.3 -0.6
v -9.3 14.3 -0.6
v -9.2 14.3 -0.6
v -9 14.3 -0.6
v -8.9 14.3 -0.6
v -6.6 14.3 -0.6
v -6.5 14.3 -0.6
v -6.3 14.3 -0.6
v -6.2 14.3 -0.6
v -5.9 14.3 -0.8
v -5.8 14.3 -0.8
v -6 14.4 1.4
v -5.9 14.4 1.4
v -12.1 14.4 1.2
v -12 14.4 1.2
v -11.8 14.4 1.2
v -11.7 14.4 1.2
v -12.2 14.4 1.1
v -12.1 14.4 1.1
v -12 14.4 1.1
v -11.8 14.4 1.1
v -11.7 14.4 1.1
v -11.6 14.4 1.1
v -6 14.4 1.1
v -5.9 14.4 1.1
v -12.2 14.4 1
v -12.1 14.4 1
v -11.7 14.4 1
v -12.2 14.4 0.6
v -12.1 14.4 0.6
v -11.7 14.4 0.6
v -11.7 14.4 0.5
v -11.6 14.4 0.5
v -12.2 14.4 0.4
v -12.1 14.4 0.4
v -12.2 14.4 0.2
v -12.1 14.4 0.2
v -11.7 14.4 0.1
v -11.6 14.4 0.1
v -12.2 14.4 2.38419e-07
v -12.1 14.4 2.38419e-07
v -11.7 14.4 2.38419e-07
v -12.2 14.4 -0.4
v -12.1 14.4 -0.4
v -11.7 14.4 -0.4
v -12.2 14.4 -0.5
v -12.1 14.4 -0.5
v -12 14.4 -0.5
v -11.8 14.4 -0.5
v -11.7 14.4 -0.5
v -11.6 14.4 -0.5
v -6 14.4 -0.5
v -5.9 14.4 -0.5
v -12.1 14.4 -0.6
v -12 14.4 -0.6
v -11.8 14.4 -0.6
v -6 14.4 -0.8
v -5.9 14.4 -0.8
v -6.1 14.5 1.4
v -6 14.5 1.4
v -12.1 14.5 1.3
v -12 14.5 1.3
v -11.8 14.5 1.3
v -11.7 14.5 1.3
v -9.3 14.5 1.3
v -9.2 14.5 1.3
v -9 14.5 1.3
v -8.9 14.5 1.3
v -6.6 14.5 1.3
v -6.5 14.5 1.3
v -6.3 14.5 1.3
v -6.2 14.5 1.3
v -12.2 14.5 1.2
v -12.1 14.5 1.2
v -12 14.5 1.2
v -11.8 14.5 1.2
v -11.7 14.5 1.2
v -9.3 14.5 1.2
v -9.2 14.5 1.2
v -9 14.5 1.2
v -8.9 14.5 1.2
v -6.7 14.5 1.2
v -6.6 14.5 1.2
v -6.5 14.5 1.2
v -6.3 14.5 1.2
v -6.2 14.5 1.2
v -6.1 14.5 1.2
v -12.2 14.5 1.1
v -12.1 14.5 1.1
v -11.7 14.5 1.1
v -9.3 14.5 1.1
v -8.9 14.5 1.1
v -6.7 14.5 1.1
v -6.6 14.5 1.1
v -6.2 14.5 1.1
v -6.1 14.5 1.1
v -6 14.5 1.1
v -11.7 14.5 0.5
v -11.6 14.5 0.5
v -11.7 14.5 0.4
v -11.6 14.5 0.4
v -11.7 14.5 0.2
v -11.6 14.5 0.2
v -11.7 14.5 0.1
v -11.6 14.5 0.1
v -12.2 14.5 -0.5
v -12.1 14.5 -0.5
v -11.7 14.5 -0.5
v -9.3 14.5 -0.5
v -8.9 14.5 -0.5
v -6.7 14.5 -0.5
v -6.6 14.5 -0.5
v -6.2 14.5 -0.5
v -6.1 14.5 -0.5
v -6 14.5 -0.5
v -12.2 14.5 -0.6
v -12.1 14.5 -0.6
v -12 14.5 -0.6
v -11.8 14.5 -0.6
v -11.7 14.5 -0.6
v -9.3 14.5 -0.6
v -9.2 14.5 -0.6
v -9 14.5 -0.6
v -8.9 14.5 -0.6
v -6.7 14.5 -0.6
v -6.6 14.5 -0.6
v -6.5 14.5 -0.6
v -6.3 14.5 -0.6
v -6.2 14.5 -0.6
v -6.1 14.5 -0.6
v -12.1 14.5 -0.7
v -12 14.5 -0.7
v -11.8 14.5 -0.7
v -11.7 14.5 -0.7
v -9.3 14.5 -0.7
v -9.2 14.5 -0.7
v -9 14.5 -0.7
v -8.9 14.5 -0.7
v -6.6 14.5 -0.7
v -6.5 14.5 -0.7
v -6.3 14.5 -0.7
v -6.2 14.5 -0.7
v -6.1 14.5 -0.8
v -6 14.5 -0.8
v -12.2 14.8 1.1
v -12.1 14.8 1.1
v -12.2 14.8 1
v -12.1 14.8 1
v -12.2 14.8 0.6
v -12.1 14.8 0.6
v -12.2 14.8 0.5
v -12.1 14.8 0.5
v -12.2 14.8 0.1
v -12.1 14.8 0.1
v -12.2 14.8 2.38419e-07
v -12.1 14.8 2.38419e-07
v -12.2 14.8 -0.4
v -12.1 14.8 -0.4
v -12.2 14.8 -0.5
v -12.1 14.8 -0.5
v -12.2 14.9 1
v -12.1 14.9 1
v -12.2 14.9 0.9
v -12.1 14.9 0.9
v -12.2 14.9 0.7
v -12.1 14.9 0.7
v -12.2 14.9 0.6
v -12.1 14.9 0.6
v -12.2 14.9 0.4
v -11.7 14.9 0.4
v -9.3 14.9 0.4
v -8.9 14.9 0.4
v -6.7 14.9 0.4
v -6.1 14.9 0.4
v -12.2 14.9 0.2
v -11.7 14.9 0.2
v -9.3 14.9 0.2
v -8.9 14.9 0.2
v -6.7 14.9 0.2
v -6.1 14.9 0.2
v -12.2 14.9 2.38419e-07
v -12.1 14.9 2.38419e-07
v -12.2 14.9 -0.0999997
v -12.1 14.9 -0.0999997
v -12.2 14.9 -0.3
v -12.1 14.9 -0.3
v -12.2 14.9 -0.4
v -12.1 14.9 -0.4
v -12.2 15 0.9
v -12.1 15 0.9
v -12.2 15 0.7
v -12.1 15 0.7
v -12.2 15 -0.0999997
v -12.1 15 -0.0999997
v -12.2 15 -0.3
v -12.1 15 -0.3
v -0.1 15.3 0.4
v 0 15.3 0.4
v -0.1 15.3 2.38419e-07
v 0 15.3 2.38419e-07
v -12.2 15.4 0.6
v -12.1 15.4 0.6
v -12.2 15.4 0.5
v -12.1 15.4 0.5
v -12.2 15.4 0.1
v -12.1 15.4 0.1
v -12.2 15.4 2.38419e-07
v -12.1 15.4 2.38419e-07
v -12.2 15.5 0.5
v -12.1 15.5 0.5
v -12.2 15.5 0.4
v -12.1 15.5 0.4
v 0 15.5 0.4
v 0.1 15.5 0.4
v 0.1 15.5 0.3
v 0.2 15.5 0.3
v -12.2 15.5 0.2
v -12.1 15.5 0.2
v -12.2 15.5 0.1
v -12.1 15.5 0.1
v 0 15.5 2.38419e-07
v 0.1 15.5 2.38419e-07
v 0.2 15.5 2.38419e-07
v -12.2 15.6 0.4
v -12.1 15.6 0.4
v 0.1 15.6 0.4
v 0.2 15.6 0.4
v 0.3 15.6 0.4
v 0.1 15.6 0.3
v 0.2 15.6 0.3
v -12.2 15.6 0.2
v -12.1 15.6 0.2
v 0.2 15.6 2.38419e-07
v 0.3 15.6 2.38419e-07
v 0.3 15.7 0.4
v 0.4 15.7 0.4
v 0.5 15.7 0.4
v 0.6 15.7 0.4
v 0.3 15.7 0.2
v 0.4 15.7 0.2
v 0.5 15.7 0.2
v 0.6 15.7 0.2
v 0.3 15.7 2.38419e-07
v 0.4 15.7 2.38419e-07
v 0.6 15.7 2.38419e-07
v 0.6 15.8 0.4
v 0.7 15.8 0.4
v 0.6 15.8 0.2
v 0.6 15.8 2.38419e-07
v 0.7 15.8 2.38419e-07
v 0.7 15.9 0.4
v 0.8 15.9 0.4
v 0.7 15.9 2.38419e-07
v 0.8 15.9 2.38419e-07
v 1.4 8.8 0.6
v 1.5 8.8 0.6
v 1.6 8.8 0.6
v 1.4 8.8 -0.0999997
v 1.5 8.8 -0.0999997
v 1.6 8.8 -0.0999997
v 0.9 8.9 0.6
v 1 8.9 0.6
v 1.4 8.9 0.6
v 0.9 8.9 -0.0999997
v 1 8.9 -0.0999997
v 1.4 8.9 -0.0999997
v 0.6 9 0.6
v 0.9 9 0.6
v 0.6 9 -0.0999997
v 0.9 9 -0.0999997
v 0.4 9.1 0.6
v 0.6 9.1 0.6
v 3.4 9.1 0.6
v 3.5 9.1 0.6
v 0.4 9.1 -0.0999997
v 0.6 9.1 -0.0999997
v 3.4 9.1 -0.2
v 3.5 9.1 -0.2
v 0.1 9.2 0.6
v 0.4 9.2 0.6
v 0.1 9.2 -0.0999997
v 0.4 9.2 -0.0999997
v 0 9.3 0.6
v 0.1 9.3 0.6
v 0 9.3 -0.0999997
v 0.1 9.3 -0.0999997
v -0.1 9.4 0.6
v 0 9.4 0.6
v -0.1 9.4 -0.0999997
v 0 9.4 -0.0999997
v -0.2 9.5 0.6
v -0.1 9.5 0.6
v -0.2 9.5 -0.0999997
v -0.1 9.5 -0.0999997
v -0.3 9.6 0.6
v -0.2 9.6 0.6
v -0.3 9.6 -0.0999997
v -0.2 9.6 -0.0999997
v 3.3 9.7 0.6
v 3.4 9.7 0.6
v 3.3 9.7 -0.2
v 3.4 9.7 -0.2
v -0.4 9.8 0.6
v -0.3 9.8 0.6
v -0.4 9.8 -0.0999997
v -0.3 9.8 -0.0999997
v -8.5 10 0.8
v -8.4 10 0.8
v -8.5 10 0.7
v -8.4 10 0.7
v -8.3 10 0.7
v -0.5 10 0.6
v -0.4 10 0.6
v -8.4 10 0.5
v -8.3 10 0.5
v -8.3 10 0.4
v -8.2 10 0.4
v -8.3 10 0.1
v -8.2 10 0.1
v -8.4 10 -0.0999997
v -8.3 10 -0.0999997
v -0.5 10 -0.0999997
v -0.4 10 -0.0999997
v -8.5 10 -0.2
v -8.4 10 -0.2
v -8.3 10 -0.2
v -8.5 10 -0.3
v -8.4 10 -0.3
v 3.2 10.1 0.6
v 3.3 10.1 0.6
v 3.2 10.1 -0.2
v 3.3 10.1 -0.2
v -8.6 10.2 0.8
v -8.5 10.2 0.8
v -8.6 10.2 0.7
v -8.5 10.2 0.7
v -8.6 10.2 -0.2
v -8.5 10.2 -0.2
v -8.6 10.2 -0.3
v -8.5 10.2 -0.3
v -5.6 10.3 0.5
v -5.2 10.3 0.5
v -5 10.3 0.5
v -4.9 10.3 0.5
v -5.6 10.3 2.38419e-07
v -5.2 10.3 2.38419e-07
v -5 10.3 2.38419e-07
v -4.9 10.3 2.38419e-07
v -0.6 10.4 0.6
v -0.5 10.4 0.6
v 3.1 10.4 0.6
v 3.2 10.4 0.6
v -4.9 10.4 0.5
v -4.8 10.4 0.5
v -4.7 10.4 0.5
v -4.7 10.4 0.4
v -4.9 10.4 2.38419e-07
v -4.8 10.4 2.38419e-07
v -4.7 10.4 2.38419e-07
v -0.6 10.4 -0.2
v -0.5 10.4 -0.2
v 3.1 10.4 -0.2
v 3.2 10.4 -0.2
v -9.1 10.5 0.8
v -9 10.5 0.8
v -9.2 10.5 0.7
v -9.1 10.5 0.7
v -9 10.5 0.7
v -9.3 10.5 0.5
v -9.2 10.5 0.5
v -9.1 10.5 0.5
v -9.3 10.5 2.38419e-07
v -9.2 10.5 2.38419e-07
v -9.3 10.5 -0.0999997
v -9.2 10.5 -0.0999997
v -9.1 10.5 -0.0999997
v -9.2 10.5 -0.2
v -9.1 10.5 -0.2
v -9 10.5 -0.2
v -9.1 10.5 -0.3
v -9 10.5 -0.3
v -8.4 10.8 0.7
v -8.3 10.8 0.7
v -0.9 10.8 0.6
v -0.8 10.8 0.6
v -8.4 10.8 0.5
v -8.3 10.8 0.5
v -4.7 10.8 0.5
v -3.7 10.8 0.5
v -1.9 10.8 0.5
v -1.1 10.8 0.5
v -0.9 10.8 0.5
v -4.7 10.8 0.4
v -4.5 10.8 0.4
v -4.3 10.8 0.4
v -4.7 10.8 2.38419e-07
v -4.5 10.8 2.38419e-07
v -4.3 10.8 2.38419e-07
v -8.4 10.8 -0.0999997
v -8.3 10.8 -0.0999997
v -4.7 10.8 -0.0999997
v -3.7 10.8 -0.0999997
v -1.9 10.8 -0.0999997
v -1.1 10.8 -0.0999997
v -0.9 10.8 -0.0999997
v -8.4 10.8 -0.2
v -8.3 10.8 -0.2
v -0.9 10.8 -0.2
v -0.8 10.8 -0.2
v -5 10.9 0.7
v -4.8 10.9 0.7
v 3 10.9 0.6
v 3.1 10.9 0.6
v 3 10.9 -0.2
v 3.1 10.9 -0.2
v -5 10.9 -0.3
v -4.8 10.9 -0.3
v -8.6 11.2 0.8
v -8.5 11.2 0.8
v -8.6 11.2 0.7
v -8.5 11.2 0.7
v -8.4 11.2 0.7
v -8.5 11.2 0.5
v -8.4 11.2 0.5
v -8.3 11.2 0.5
v -8.4 11.2 0.4
v -8.3 11.2 0.4
v -8.4 11.2 0.1
v -8.3 11.2 0.1
v -8.5 11.2 -0.0999997
v -8.4 11.2 -0.0999997
v -8.3 11.2 -0.0999997
v -8.6 11.2 -0.2
v -8.5 11.2 -0.2
v -8.4 11.2 -0.2
v -8.6 11.2 -0.3
v -8.5 11.2 -0.3
v 2.9 11.3 0.6
v 3 11.3 0.6
v 2.9 11.3 -0.2
v 3 11.3 -0.2
v 0.4 11.4 0.4
v 0.5 11.4 0.4
v 0.4 11.4 0.2
v 0.5 11.4 0.2
v -9.2 11.6 0.8
v -9.1 11.6 0.8
v -9.3 11.6 0.7
v -9.2 11.6 0.7
v -9.1 11.6 0.7
v 2.8 11.6 0.6
v 2.9 11.6 0.6
v -9.4 11.6 0.5
v -9.3 11.6 0.5
v -9.2 11.6 0.5
v -9.4 11.6 2.38419e-07
v -9.3 11.6 2.38419e-07
v -9.4 11.6 -0.0999997
v -9.3 11.6 -0.0999997
v -9.2 11.6 -0.0999997
v -9.3 11.6 -0.2
v -9.2 11.6 -0.2
v -9.1 11.6 -0.2
v 2.8 11.6 -0.2
v 2.9 11.6 -0.2
v -9.2 11.6 -0.3
v -9.1 11.6 -0.3
v 0.5 11.7 0.4
v 0.6 11.7 0.4
v 0.5 11.7 0.2
v 0.6 11.7 0.2
v -8.4 11.8 0.5
v -8.3 11.8 0.5
v -8.4 11.8 0.4
v -8.3 11.8 0.4
v -8.4 11.8 0.1
v -8.3 11.8 0.1
v -8.4 11.8 -0.0999997
v -8.3 11.8 -0.0999997
v -8.6 12 0.8
v -8.5 12 0.8
v -8.6 12 0.7
v -8.5 12 0.7
v -8.4 12 0.7
v 2.7 12 0.6
v 2.8 12 0.6
v -8.5 12 0.5
v -8.4 12 0.5
v -8.5 12 -0.0999997
v -8.4 12 -0.0999997
v -8.6 12 -0.2
v -8.5 12 -0.2
v -8.4 12 -0.2
v 2.7 12 -0.2
v 2.8 12 -0.2
v -8.6 12 -0.3
v -8.5 12 -0.3
v -8.4 12.1 0.4
v -8.3 12.1 0.4
v -8.4 12.1 0.2
v -8.3 12.1 0.2
v 0.8 12.2 0.4
v 0.9 12.2 0.4
v -8.4 12.2 0.2
v -8.3 12.2 0.2
v 0.8 12.2 0.2
v 0.9 12.2 0.2
v -8.4 12.2 0.1
v -8.3 12.2 0.1
v 0.3 12.2 0.1
v 0.4 12.2 0.1
v 0.3 12.2 -0.0999997
v 0.4 12.2 -0.0999997
v 2.6 12.4 0.6
v 2.7 12.4 0.6
v 0.6 12.4 0.1
v 0.7 12.4 0.1
v 0.6 12.4 -0.0999997
v 0.7 12.4 -0.0999997
v 2.6 12.4 -0.2
v 2.7 12.4 -0.2
v -8.7 12.6 0.8
v -8.6 12.6 0.8
v -8.7 12.6 0.7
v -8.6 12.6 0.7
v -8.5 12.6 0.5
v -8.4 12.6 0.5
v -8.5 12.6 0.4
v -8.4 12.6 0.4
v -8.5 12.6 0.1
v -8.4 12.6 0.1
v -8.5 12.6 -0.0999997
v -8.4 12.6 -0.0999997
v -8.7 12.6 -0.2
v -8.6 12.6 -0.2
v -8.7 12.6 -0.3
v -8.6 12.6 -0.3
v 2.5 12.7 0.6
v 2.6 12.7 0.6
v 2.5 12.7 -0.2
v 2.6 12.7 -0.2
v -9.2 12.8 0.8
v -9.1 12.8 0.8
v -9.3 12.8 0.7
v -9.2 12.8 0.7
v -9.1 12.8 0.7
v 2.2 12.8 0.6
v 2.5 12.8 0.6
v -9.4 12.8 0.5
v -9.3 12.8 0.5
v -9.2 12.8 0.5
v -9.4 12.8 2.38419e-07
v -9.3 12.8 2.38419e-07
v -9.4 12.8 -0.0999997
v -9.3 12.8 -0.0999997
v -9.2 12.8 -0.0999997
v -9.3 12.8 -0.2
v -9.2 12.8 -0.2
v -9.1 12.8 -0.2
v 2.2 12.8 -0.2
v 2.5 12.8 -0.2
v -9.2 12.8 -0.3
v -9.1 12.8 -0.3
v -8.5 13 0.7
v -8.4 13 0.7
v -8.5 13 0.5
v -8.4 13 0.5
v -8.5 13 -0.0999997
v -8.4 13 -0.0999997
v -8.5 13 -0.2
v -8.4 13 -0.2
v 2.1 13.3 0.9
v 2.2 13.3 0.9
v 2.1 13.3 -0.5
v 2.2 13.3 -0.5
v -8.7 13.4 0.8
v -8.6 13.4 0.8
v -8.7 13.4 0.7
v -8.6 13.4 0.7
v -8.7 13.4 -0.2
v -8.6 13.4 -0.2
v -8.7 13.4 -0.3
v -8.6 13.4 -0.3
v -8.6 13.6 0.7
v -8.5 13.6 0.7
v -8.6 13.6 0.5
v -8.5 13.6 0.5
v -8.4 13.6 0.5
v -8.5 13.6 0.4
v -8.4 13.6 0.4
v -8.5 13.6 0.1
v -8.4 13.6 0.1
v -8.6 13.6 -0.0999997
v -8.5 13.6 -0.0999997
v -8.4 13.6 -0.0999997
v -8.6 13.6 -0.2
v -8.5 13.6 -0.2
v -4.7 13.7 3
v -4.4 13.7 3
v -1.1 13.7 3
v -0.8 13.7 3
v -4.7 13.7 2.9
v -4.4 13.7 2.9
v -1.1 13.7 2.9
v -0.8 13.7 2.9
v -4.7 13.7 -2.5
v -4.4 13.7 -2.5
v -1.1 13.7 -2.5
v -0.8 13.7 -2.5
v -4.7 13.7 -2.6
v -4.4 13.7 -2.6
v -1.1 13.7 -2.6
v -0.8 13.7 -2.6
v 2 13.8 0.9
v 2.1 13.8 0.9
v -6.2 13.8 0.4
v -6.1 13.8 0.4
v -5.9 13.8 0.4
v -5.8 13.8 0.4
v -6.2 13.8 0.3
v -6.1 13.8 0.3
v -5.9 13.8 0.3
v -5.8 13.8 0.3
v -5.6 13.8 0.3
v -6.2 13.8 0.1
v -6.1 13.8 0.1
v -5.9 13.8 0.1
v -5.8 13.8 0.1
v -5.6 13.8 0.1
v -6.2 13.8 2.38419e-07
v -6.1 13.8 2.38419e-07
v -5.9 13.8 2.38419e-07
v -5.8 13.8 2.38419e-07
v 2 13.8 -0.5
v 2.1 13.8 -0.5
v -6.1 13.9 0.4
v -6 13.9 0.4
v -5.9 13.9 0.4
v -5.6 13.9 0.4
v -5.5 13.9 0.4
v -6.2 13.9 0.3
v -6.1 13.9 0.3
v -6 13.9 0.3
v -5.9 13.9 0.3
v -5.8 13.9 0.3
v -6.2 13.9 0.1
v -6.1 13.9 0.1
v -6 13.9 0.1
v -5.9 13.9 0.1
v -5.8 13.9 0.1
v -6.1 13.9 2.38419e-07
v -6 13.9 2.38419e-07
v -5.9 13.9 2.38419e-07
v -5.6 13.9 2.38419e-07
v -5.5 13.9 2.38419e-07
v -0.8 14 1.2
v -0.7 14 1.2
v -0.8 14 1.1
v -0.7 14 1.1
v -0.8 14 -0.7
v -0.7 14 -0.7
v -0.8 14 -0.8
v -0.7 14 -0.8
v -0.8 14.1 1.1
v -0.7 14.1 1.1
v -0.8 14.1 1
v -0.7 14.1 1
v 1.9 14.1 0.9
v 2 14.1 0.9
v 1.9 14.1 -0.5
v 2 14.1 -0.5
v -0.8 14.1 -0.6
v -0.7 14.1 -0.6
v -0.8 14.1 -0.7
v -0.7 14.1 -0.7
v -0.8 14.2 1
v -0.7 14.2 1
v -0.8 14.2 0.9
v -0.7 14.2 0.9
v -0.8 14.2 -0.5
v -0.7 14.2 -0.5
v -0.8 14.2 -0.6
v -0.7 14.2 -0.6
v -4.7 14.3 2.9
v -4.4 14.3 2.9
v -1.1 14.3 2.9
v -0.8 14.3 2.9
v -4.7 14.3 2.8
v -4.4 14.3 2.8
v -1.1 14.3 2.8
v -0.8 14.3 2.8
v 1.8 14.3 0.9
v 1.9 14.3 0.9
v 1.8 14.3 -0.5
v 1.9 14.3 -0.5
v -4.7 14.3 -2.4
v -4.4 14.3 -2.4
v -1.1 14.3 -2.4
v -0.8 14.3 -2.4
v -4.7 14.3 -2.5
v -4.4 14.3 -2.5
v -1.1 14.3 -2.5
v -0.8 14.3 -2.5
v -12.2 14.4 0.9
v -12.1 14.4 0.9
v -12.2 14.4 0.7
v -12.1 14.4 0.7
v -12.2 14.4 -0.0999997
v -12.1 14.4 -0.0999997
v -12.2 14.4 -0.3
v -12.1 14.4 -0.3
v -4.7 14.5 2.8
v -4.4 14.5 2.8
v -1.1 14.5 2.8
v -0.8 14.5 2.8
v -4.7 14.5 2.7
v -4.4 14.5 2.7
v -1.1 14.5 2.7
v -0.8 14.5 2.7
v -12.2 14.5 1
v -12.1 14.5 1
v -12.2 14.5 0.9
v -12.1 14.5 0.9
v 1.7 14.5 0.9
v 1.8 14.5 0.9
v -12.2 14.5 0.7
v -12.1 14.5 0.7
v -12.2 14.5 0.6
v -12.1 14.5 0.6
v -12.1 14.5 0.4
v -11.8 14.5 0.4
v -11.7 14.5 0.4
v -11.6 14.5 0.4
v -9.9 14.5 0.4
v -9.5 14.5 0.4
v -9.3 14.5 0.4
v -9 14.5 0.4
v -8.9 14.5 0.4
v -8.3 14.5 0.4
v -6.7 14.5 0.4
v -6.6 14.5 0.4
v -6.3 14.5 0.4
v -6.1 14.5 0.4
v -12.1 14.5 0.2
v -11.8 14.5 0.2
v -11.7 14.5 0.2
v -11.6 14.5 0.2
v -9.9 14.5 0.2
v -9.5 14.5 0.2
v -9.3 14.5 0.2
v -9 14.5 0.2
v -8.9 14.5 0.2
v -8.3 14.5 0.2
v -6.7 14.5 0.2
v -6.6 14.5 0.2
v -6.3 14.5 0.2
v -6.1 14.5 0.2
v -12.2 14.5 2.38419e-07
v -12.1 14.5 2.38419e-07
v -12.2 14.5 -0.0999997
v -12.1 14.5 -0.0999997
v -12.2 14.5 -0.3
v -12.1 14.5 -0.3
v -12.2 14.5 -0.4
v -12.1 14.5 -0.4
v 1.7 14.5 -0.5
v 1.8 14.5 -0.5
v -4.7 14.5 -2.3
v -4.4 14.5 -2.3
v -1.1 14.5 -2.3
v -0.8 14.5 -2.3
v -4.7 14.5 -2.4
v -4.4 14.5 -2.4
v -1.1 14.5 -2.4
v -0.8 14.5 -2.4
v -12.2 14.6 1.1
v -12.1 14.6 1.1
v -12.2 14.6 1
v -12.1 14.6 1
v 1.6 14.6 0.9
v 1.7 14.6 0.9
v -12.2 14.6 0.6
v -12.1 14.6 0.6
v -12.2 14.6 0.5
v -12.1 14.6 0.5
v -12.2 14.6 0.1
v -12.1 14.6 0.1
v -12.2 14.6 2.38419e-07
v -12.1 14.6 2.38419e-07
v -12.2 14.6 -0.4
v -12.1 14.6 -0.4
v -12.2 14.6 -0.5
v -12.1 14.6 -0.5
v 1.6 14.6 -0.5
v 1.7 14.6 -0.5
v 1.4 14.7 0.9
v 1.6 14.7 0.9
v 1.4 14.7 -0.5
v 1.6 14.7 -0.5
v -4.7 14.8 2.7
v -4.4 14.8 2.7
v -1.1 14.8 2.7
v -0.8 14.8 2.7
v -4.7 14.8 2.6
v -4.4 14.8 2.6
v -1.1 14.8 2.6
v -0.8 14.8 2.6
v 1.2 14.8 0.9
v 1.4 14.8 0.9
v 1.2 14.8 -0.5
v 1.4 14.8 -0.5
v -4.7 14.8 -2.2
v -4.4 14.8 -2.2
v -1.1 14.8 -2.2
v -0.8 14.8 -2.2
v -4.7 14.8 -2.3
v -4.4 14.8 -2.3
v -1.1 14.8 -2.3
v -0.8 14.8 -2.3
v -4.7 14.9 2.6
v -4.4 14.9 2.6
v -1.1 14.9 2.6
v -0.8 14.9 2.6
v -4.7 14.9 2.5
v -4.4 14.9 2.5
v -1.1 14.9 2.5
v -0.8 14.9 2.5
v -12.1 14.9 1.3
v -12 14.9 1.3
v -11.8 14.9 1.3
v -11.7 14.9 1.3
v -9.3 14.9 1.3
v -9.2 14.9 1.3
v -9 14.9 1.3
v -8.9 14.9 1.3
v -6.6 14.9 1.3
v -6.5 14.9 1.3
v -6.3 14.9 1.3
v -6.2 14.9 1.3
v -12.2 14.9 1.2
v -12.1 14.9 1.2
v -12 14.9 1.2
v -11.8 14.9 1.2
v -11.7 14.9 1.2
v -9.3 14.9 1.2
v -9.2 14.9 1.2
v -9 14.9 1.2
v -8.9 14.9 1.2
v -6.7 14.9 1.2
v -6.6 14.9 1.2
v -6.5 14.9 1.2
v -6.3 14.9 1.2
v -6.2 14.9 1.2
v -6.1 14.9 1.2
v -12.2 14.9 1.1
v -12.1 14.9 1.1
v -11.7 14.9 1.1
v -9.3 14.9 1.1
v -8.9 14.9 1.1
v -6.7 14.9 1.1
v -6.6 14.9 1.1
v -6.2 14.9 1.1
v -6.1 14.9 1.1
v 1 14.9 0.9
v 1.2 14.9 0.9
v -12.2 14.9 -0.5
v -12.1 14.9 -0.5
v -11.7 14.9 -0.5
v -9.3 14.9 -0.5
v -8.9 14.9 -0.5
v -6.7 14.9 -0.5
v -6.6 14.9 -0.5
v -6.2 14.9 -0.5
v -6.1 14.9 -0.5
v 1 14.9 -0.5
v 1.2 14.9 -0.5
v -12.2 14.9 -0.6
v -12.1 14.9 -0.6
v -12 14.9 -0.6
v -11.8 14.9 -0.6
v -11.7 14.9 -0.6
v -9.3 14.9 -0.6
v -9.2 14.9 -0.6
v -9 14.9 -0.6
v -8.9 14.9 -0.6
v -6.7 14.9 -0.6
v -6.6 14.9 -0.6
v -6.5 14.9 -0.6
v -6.3 14.9 -0.6
v -6.2 14.9 -0.6
v -6.1 14.9 -0.6
v -12.1 14.9 -0.7
v -12 14.9 -0.7
v -11.8 14.9 -0.7
v -11.7 14.9 -0.7
v -9.3 14.9 -0.7
v -9.2 14.9 -0.7
v -9 14.9 -0.7
v -8.9 14.9 -0.7
v -6.6 14.9 -0.7
v -6.5 14.9 -0.7
v -6.3 14.9 -0.7
v -6.2 14.9 -0.7
v -4.7 14.9 -2.1
v -4.4 14.9 -2.1
v -1.1 14.9 -2.1
v -0.8 14.9 -2.1
v -4.7 14.9 -2.2
v -4.4 14.9 -2.2
v -1.1 14.9 -2.2
v -0.8 14.9 -2.2
v -4.7 15 2.5
v -4.4 15 2.5
v -1.1 15 2.5
v -0.8 15 2.5
v -4.7 15 2.4
v -4.4 15 2.4
v -1.1 15 2.4
v -0.8 15 2.4
v -12.1 15 1.2
v -12 15 1.2
v -11.8 15 1.2
v -11.7 15 1.2
v -9.3 15 1.2
v -9.2 15 1.2
v -9 15 1.2
v -8.9 15 1.2
v -6.6 15 1.2
v -6.5 15 1.2
v -6.3 15 1.2
v -6.2 15 1.2
v -12.2 15 1.1
v -12.1 15 1.1
v -12 15 1.1
v -11.8 15 1.1
v -11.7 15 1.1
v -9.3 15 1.1
v -9.2 15 1.1
v -9 15 1.1
v -8.9 15 1.1
v -6.7 15 1.1
v -6.6 15 1.1
v -6.5 15 1.1
v -6.3 15 1.1
v -6.2 15 1.1
v -6.1 15 1.1
v -12.2 15 1
v -12.1 15 1
v -11.7 15 1
v -9.3 15 1
v -8.9 15 1
v -6.7 15 1
v -6.6 15 1
v -6.2 15 1
v -6.1 15 1
v 0.3 15 0.9
v 0.7 15 0.9
v 1 15 0.9
v 0.3 15 0.5
v 0.6 15 0.5
v -12.2 15 0.4
v -12.1 15 0.4
v 0.3 15 0.4
v 0.5 15 0.4
v 0.6 15 0.4
v 0.7 15 0.4
v -12.2 15 0.2
v -12.1 15 0.2
v 0.3 15 2.38419e-07
v 0.5 15 2.38419e-07
v 0.6 15 2.38419e-07
v 0.7 15 2.38419e-07
v 0.3 15 -0.0999997
v 0.6 15 -0.0999997
v -12.2 15 -0.4
v -12.1 15 -0.4
v -11.7 15 -0.4
v -9.3 15 -0.4
v -8.9 15 -0.4
v -6.7 15 -0.4
v -6.6 15 -0.4
v -6.2 15 -0.4
v -6.1 15 -0.4
v -12.2 15 -0.5
v -12.1 15 -0.5
v -12 15 -0.5
v -11.8 15 -0.5
v -11.7 15 -0.5
v -9.3 15 -0.5
v -9.2 15 -0.5
v -9 15 -0.5
v -8.9 15 -0.5
v -6.7 15 -0.5
v -6.6 15 -0.5
v -6.5 15 -0.5
v -6.3 15 -0.5
v -6.2 15 -0.5
v -6.1 15 -0.5
v 0.3 15 -0.5
v 0.7 15 -0.5
v 1 15 -0.5
v -12.1 15 -0.6
v -12 15 -0.6
v -11.8 15 -0.6
v -11.7 15 -0.6
v -9.3 15 -0.6
v -9.2 15 -0.6
v -9 15 -0.6
v -8.9 15 -0.6
v -6.6 15 -0.6
v -6.5 15 -0.6
v -6.3 15 -0.6
v -6.2 15 -0.6
v -4.7 15 -2
v -4.4 15 -2
v -1.1 15 -2
v -0.8 15 -2
v -4.7 15 -2.1
v -4.4 15 -2.1
v -1.1 15 -2.1
v -0.8 15 -2.1
v -4.7 15.1 2.4
v -4.4 15.1 2.4
v -1.1 15.1 2.4
v -0.8 15.1 2.4
v -4.7 15.1 2.3
v -4.4 15.1 2.3
v -1.1 15.1 2.3
v -0.8 15.1 2.3
v -12.1 15.1 1.1
v -12 15.1 1.1
v -11.8 15.1 1.1
v -11.7 15.1 1.1
v -9.3 15.1 1.1
v -9.2 15.1 1.1
v -9 15.1 1.1
v -8.9 15.1 1.1
v -6.6 15.1 1.1
v -6.5 15.1 1.1
v -6.3 15.1 1.1
v -6.2 15.1 1.1
v -12.2 15.1 1
v -12.1 15.1 1
v -12 15.1 1
v -11.8 15.1 1
v -11.7 15.1 1
v -9.3 15.1 1
v -9.2 15.1 1
v -9 15.1 1
v -8.9 15.1 1
v -6.7 15.1 1
v -6.6 15.1 1
v -6.5 15.1 1
v -6.3 15.1 1
v -6.2 15.1 1
v -6.1 15.1 1
v 0 15.1 0.9
v 0.3 15.1 0.9
v -12.2 15.1 0.7
v -12.1 15.1 0.7
v -11.7 15.1 0.7
v -9.3 15.1 0.7
v -8.9 15.1 0.7
v -6.7 15.1 0.7
v -6.6 15.1 0.7
v -6.2 15.1 0.7
v -6.1 15.1 0.7
v -12.2 15.1 0.5
v -12.1 15.1 0.5
v 0 15.1 0.5
v 0.3 15.1 0.5
v 0.6 15.1 0.5
v -12.2 15.1 0.4
v -12.1 15.1 0.4
v 0 15.1 0.4
v 0.3 15.1 0.4
v 0.5 15.1 0.4
v 0.6 15.1 0.4
v 0.7 15.1 0.4
v -12.2 15.1 0.2
v -12.1 15.1 0.2
v -12.2 15.1 0.1
v -12.1 15.1 0.1
v 0 15.1 2.38419e-07
v 0.3 15.1 2.38419e-07
v 0.5 15.1 2.38419e-07
v 0.6 15.1 2.38419e-07
v 0.7 15.1 2.38419e-07
v -12.2 15.1 -0.0999997
v -12.1 15.1 -0.0999997
v -11.7 15.1 -0.0999997
v -9.3 15.1 -0.0999997
v -8.9 15.1 -0.0999997
v -6.7 15.1 -0.0999997
v -6.6 15.1 -0.0999997
v -6.2 15.1 -0.0999997
v -6.1 15.1 -0.0999997
v 0 15.1 -0.0999997
v 0.3 15.1 -0.0999997
v 0.6 15.1 -0.0999997
v -12.2 15.1 -0.4
v -12.1 15.1 -0.4
v -12 15.1 -0.4
v -11.8 15.1 -0.4
v -11.7 15.1 -0.4
v -9.3 15.1 -0.4
v -9.2 15.1 -0.4
v -9 15.1 -0.4
v -8.9 15.1 -0.4
v -6.7 15.1 -0.4
v -6.6 15.1 -0.4
v -6.5 15.1 -0.4
v -6.3 15.1 -0.4
v -6.2 15.1 -0.4
v -6.1 15.1 -0.4
v -12.1 15.1 -0.5
v -12 15.1 -0.5
v -11.8 15.1 -0.5
v -11.7 15.1 -0.5
v -9.3 15.1 -0.5
v -9.2 15.1 -0.5
v -9 15.1 -0.5
v -8.9 15.1 -0.5
v -6.6 15.1 -0.5
v -6.5 15.1 -0.5
v -6.3 15.1 -0.5
v -6.2 15.1 -0.5
v 0 15.1 -0.5
v 0.3 15.1 -0.5
v -4.7 15.1 -1.9
v -4.4 15.1 -1.9
v -1.1 15.1 -1.9
v -0.8 15.1 -1.9
v -4.7 15.1 -2
v -4.4 15.1 -2
v -1.1 15.1 -2
v -0.8 15.1 -2
v -12.1 15.2 1
v -12 15.2 1
v -11.8 15.2 1
v -11.7 15.2 1
v -9.3 15.2 1
v -9.2 15.2 1
v -9 15.2 1
v -8.9 15.2 1
v -6.6 15.2 1
v -6.5 15.2 1
v -6.3 15.2 1
v -6.2 15.2 1
v -0.2 15.2 0.9
v 0 15.2 0.9
v -12.1 15.2 0.8
v -12 15.2 0.8
v -11.8 15.2 0.8
v -11.7 15.2 0.8
v -9.3 15.2 0.8
v -9.2 15.2 0.8
v -9 15.2 0.8
v -8.9 15.2 0.8
v -6.6 15.2 0.8
v -6.5 15.2 0.8
v -6.3 15.2 0.8
v -6.2 15.2 0.8
v -12.2 15.2 0.6
v -12.1 15.2 0.6
v -12.2 15.2 0.5
v -12.1 15.2 0.5
v -0.2 15.2 0.5
v 0 15.2 0.5
v 0.3 15.2 0.5
v -0.1 15.2 0.4
v 0 15.2 0.4
v 0.3 15.2 0.4
v -12.2 15.2 0.1
v -12.1 15.2 0.1
v -12.2 15.2 2.38419e-07
v -12.1 15.2 2.38419e-07
v -0.1 15.2 2.38419e-07
v 0 15.2 2.38419e-07
v 0.3 15.2 2.38419e-07
v -0.2 15.2 -0.0999997
v 0 15.2 -0.0999997
v 0.3 15.2 -0.0999997
v -12.1 15.2 -0.2
v -12 15.2 -0.2
v -11.8 15.2 -0.2
v -11.7 15.2 -0.2
v -9.3 15.2 -0.2
v -9.2 15.2 -0.2
v -9 15.2 -0.2
v -8.9 15.2 -0.2
v -6.6 15.2 -0.2
v -6.5 15.2 -0.2
v -6.3 15.2 -0.2
v -6.2 15.2 -0.2
v -12.1 15.2 -0.4
v -12 15.2 -0.4
v -11.8 15.2 -0.4
v -11.7 15.2 -0.4
v -9.3 15.2 -0.4
v -9.2 15.2 -0.4
v -9 15.2 -0.4
v -8.9 15.2 -0.4
v -6.6 15.2 -0.4
v -6.5 15.2 -0.4
v -6.3 15.2 -0.4
v -6.2 15.2 -0.4
v -0.2 15.2 -0.5
v 0 15.2 -0.5
v -0.6 15.3 0.9
v -0.2 15.3 0.9
v -0.6 15.3 0.5
v -0.2 15.3 0.5
v 0 15.3 0.5
v -0.2 15.3 0.4
v -0.1 15.3 0.4
v 0 15.3 0.4
v -0.2 15.3 2.38419e-07
v -0.1 15.3 2.38419e-07
v 0 15.3 2.38419e-07
v -0.6 15.3 -0.0999997
v -0.2 15.3 -0.0999997
v 0 15.3 -0.0999997
v -0.6 15.3 -0.5
v -0.2 15.3 -0.5
v -4.7 15.4 2.3
v -4.4 15.4 2.3
v -1.1 15.4 2.3
v -0.8 15.4 2.3
v -4.7 15.4 2.2
v -4.4 15.4 2.2
v -1.1 15.4 2.2
v -0.8 15.4 2.2
v -0.8 15.4 0.9
v -0.6 15.4 0.9
v -0.6 15.4 0.5
v -0.2 15.4 0.5
v -0.5 15.4 0.4
v -0.4 15.4 0.4
v -0.3 15.4 0.4
v -0.2 15.4 0.4
v -0.5 15.4 2.38419e-07
v -0.4 15.4 2.38419e-07
v -0.3 15.4 2.38419e-07
v -0.2 15.4 2.38419e-07
v -0.6 15.4 -0.0999997
v -0.2 15.4 -0.0999997
v -0.8 15.4 -0.5
v -0.6 15.4 -0.5
v -4.7 15.4 -1.8
v -4.4 15.4 -1.8
v -1.1 15.4 -1.8
v -0.8 15.4 -1.8
v -4.7 15.4 -1.9
v -4.4 15.4 -1.9
v -1.1 15.4 -1.9
v -0.8 15.4 -1.9
v -4.7 15.5 2.2
v -4.4 15.5 2.2
v -1.1 15.5 2.2
v -0.8 15.5 2.2
v -4.7 15.5 1.9
v -4.4 15.5 1.9
v -1.1 15.5 1.9
v -0.8 15.5 1.9
v -12.1 15.5 0.8
v -12 15.5 0.8
v -11.8 15.5 0.8
v -11.7 15.5 0.8
v -9.3 15.5 0.8
v -9.2 15.5 0.8
v -9 15.5 0.8
v -8.9 15.5 0.8
v -6.6 15.5 0.8
v -6.5 15.5 0.8
v -6.3 15.5 0.8
v -6.2 15.5 0.8
v -12.2 15.5 0.7
v -12.1 15.5 0.7
v -12 15.5 0.7
v -11.8 15.5 0.7
v -11.7 15.5 0.7
v -9.3 15.5 0.7
v -9.2 15.5 0.7
v -9 15.5 0.7
v -8.9 15.5 0.7
v -6.7 15.5 0.7
v -6.6 15.5 0.7
v -6.5 15.5 0.7
v -6.3 15.5 0.7
v -6.2 15.5 0.7
v -6.1 15.5 0.7
v -12.2 15.5 0.6
v -12.1 15.5 0.6
v -11.7 15.5 0.6
v -9.3 15.5 0.6
v -8.9 15.5 0.6
v -6.7 15.5 0.6
v -6.6 15.5 0.6
v -6.2 15.5 0.6
v -6.1 15.5 0.6
v -0.5 15.5 0.4
v -0.4 15.5 0.4
v -12.2 15.5 2.38419e-07
v -12.1 15.5 2.38419e-07
v -11.7 15.5 2.38419e-07
v -9.3 15.5 2.38419e-07
v -8.9 15.5 2.38419e-07
v -6.7 15.5 2.38419e-07
v -6.6 15.5 2.38419e-07
v -6.2 15.5 2.38419e-07
v -6.1 15.5 2.38419e-07
v -0.5 15.5 2.38419e-07
v -0.4 15.5 2.38419e-07
v -12.2 15.5 -0.0999997
v -12.1 15.5 -0.0999997
v -12 15.5 -0.0999997
v -11.8 15.5 -0.0999997
v -11.7 15.5 -0.0999997
v -9.3 15.5 -0.0999997
v -9.2 15.5 -0.0999997
v -9 15.5 -0.0999997
v -8.9 15.5 -0.0999997
v -6.7 15.5 -0.0999997
v -6.6 15.5 -0.0999997
v -6.5 15.5 -0.0999997
v -6.3 15.5 -0.0999997
v -6.2 15.5 -0.0999997
v -6.1 15.5 -0.0999997
v -12.1 15.5 -0.2
v -12 15.5 -0.2
v -11.8 15.5 -0.2
v -11.7 15.5 -0.2
v -9.3 15.5 -0.2
v -9.2 15.5 -0.2
v -9 15.5 -0.2
v -8.9 15.5 -0.2
v -6.6 15.5 -0.2
v -6.5 15.5 -0.2
v -6.3 15.5 -0.2
v -6.2 15.5 -0.2
v -4.7 15.5 -1.5
v -4.4 15.5 -1.5
v -1.1 15.5 -1.5
v -0.8 15.5 -1.5
v -4.7 15.5 -1.8
v -4.4 15.5 -1.8
v -1.1 15.5 -1.8
v -0.8 15.5 -1.8
v -4.7 15.6 1.9
v -4.4 15.6 1.9
v -1.1 15.6 1.9
v -0.8 15.6 1.9
v -4.7 15.6 1.8
v -4.4 15.6 1.8
v -1.1 15.6 1.8
v -0.8 15.6 1.8
v -6.1 15.6 1.4
v -5.3 15.6 1.4
v -4.7 15.6 1.4
v -6.1 15.6 1.3
v -5.3 15.6 1.3
v -4.8 15.6 1.3
v -4.7 15.6 1.3
v -12.1 15.6 0.7
v -12 15.6 0.7
v -11.8 15.6 0.7
v -11.7 15.6 0.7
v -9.3 15.6 0.7
v -9.2 15.6 0.7
v -9 15.6 0.7
v -8.9 15.6 0.7
v -6.6 15.6 0.7
v -6.5 15.6 0.7
v -6.3 15.6 0.7
v -6.2 15.6 0.7
v -12.2 15.6 0.6
v -12.1 15.6 0.6
v -12 15.6 0.6
v -11.8 15.6 0.6
v -11.7 15.6 0.6
v -9.3 15.6 0.6
v -9.2 15.6 0.6
v -9 15.6 0.6
v -8.9 15.6 0.6
v -6.7 15.6 0.6
v -6.6 15.6 0.6
v -6.5 15.6 0.6
v -6.3 15.6 0.6
v -6.2 15.6 0.6
v -6.1 15.6 0.6
v -12.2 15.6 0.5
v -12.1 15.6 0.5
v -11.7 15.6 0.5
v -9.3 15.6 0.5
v -8.9 15.6 0.5
v -6.7 15.6 0.5
v -6.6 15.6 0.5
v -6.2 15.6 0.5
v -6.1 15.6 0.5
v -0.4 15.6 0.4
v -0.3 15.6 0.4
v -12.2 15.6 0.1
v -12.1 15.6 0.1
v -11.7 15.6 0.1
v -9.3 15.6 0.1
v -8.9 15.6 0.1
v -6.7 15.6 0.1
v -6.6 15.6 0.1
v -6.2 15.6 0.1
v -6.1 15.6 0.1
v -12.2 15.6 2.38419e-07
v -12.1 15.6 2.38419e-07
v -12 15.6 2.38419e-07
v -11.8 15.6 2.38419e-07
v -11.7 15.6 2.38419e-07
v -9.3 15.6 2.38419e-07
v -9.2 15.6 2.38419e-07
v -9 15.6 2.38419e-07
v -8.9 15.6 2.38419e-07
v -6.7 15.6 2.38419e-07
v -6.6 15.6 2.38419e-07
v -6.5 15.6 2.38419e-07
v -6.3 15.6 2.38419e-07
v -6.2 15.6 2.38419e-07
v -6.1 15.6 2.38419e-07
v -0.4 15.6 2.38419e-07
v -0.3 15.6 2.38419e-07
v -12.1 15.6 -0.0999997
v -12 15.6 -0.0999997
v -11.8 15.6 -0.0999997
v -11.7 15.6 -0.0999997
v -9.3 15.6 -0.0999997
v -9.2 15.6 -0.0999997
v -9 15.6 -0.0999997
v -8.9 15.6 -0.0999997
v -6.6 15.6 -0.0999997
v -6.5 15.6 -0.0999997
v -6.3 15.6 -0.0999997
v -6.2 15.6 -0.0999997
v -6.1 15.6 -0.7
v -6 15.6 -0.7
v -5.9 15.6 -0.7
v -5.3 15.6 -0.7
v -4.8 15.6 -0.7
v -4.7 15.6 -0.7
v -6.1 15.6 -0.8
v -6 15.6 -0.8
v -5.9 15.6 -0.8
v -5.3 15.6 -0.8
v -4.7 15.6 -0.8
v -4.7 15.6 -1.4
v -4.4 15.6 -1.4
v -1.1 15.6 -1.4
v -0.8 15.6 -1.4
v -4.7 15.6 -1.5
v -4.4 15.6 -1.5
v -1.1 15.6 -1.5
v -0.8 15.6 -1.5
v -4.7 15.7 1.8
v -4.4 15.7 1.8
v -1.1 15.7 1.8
v -0.8 15.7 1.8
v -4.7 15.7 1.7
v -4.4 15.7 1.7
v -1.1 15.7 1.7
v -0.8 15.7 1.7
v -6.1 15.7 1.3
v -4.8 15.7 1.3
v -4.7 15.7 1.3
v -6.1 15.7 1.1
v -4.8 15.7 1.1
v -4.7 15.7 1.1
v -12.1 15.7 0.6
v -12 15.7 0.6
v -11.8 15.7 0.6
v -11.7 15.7 0.6
v -9.3 15.7 0.6
v -9.2 15.7 0.6
v -9 15.7 0.6
v -8.9 15.7 0.6
v -6.6 15.7 0.6
v -6.5 15.7 0.6
v -6.3 15.7 0.6
v -6.2 15.7 0.6
v -12.2 15.7 0.5
v -12.1 15.7 0.5
v -12 15.7 0.5
v -11.8 15.7 0.5
v -11.7 15.7 0.5
v -9.3 15.7 0.5
v -9.2 15.7 0.5
v -9 15.7 0.5
v -8.9 15.7 0.5
v -6.7 15.7 0.5
v -6.6 15.7 0.5
v -6.5 15.7 0.5
v -6.3 15.7 0.5
v -6.2 15.7 0.5
v -6.1 15.7 0.5
v -0.3 15.7 0.4
v -0.2 15.7 0.4
v -12.2 15.7 0.1
v -12.1 15.7 0.1
v -12 15.7 0.1
v -11.8 15.7 0.1
v -11.7 15.7 0.1
v -9.3 15.7 0.1
v -9.2 15.7 0.1
v -9 15.7 0.1
v -8.9 15.7 0.1
v -6.7 15.7 0.1
v -6.6 15.7 0.1
v -6.5 15.7 0.1
v -6.3 15.7 0.1
v -6.2 15.7 0.1
v -6.1 15.7 0.1
v -12.1 15.7 2.38419e-07
v -12 15.7 2.38419e-07
v -11.8 15.7 2.38419e-07
v -11.7 15.7 2.38419e-07
v -9.3 15.7 2.38419e-07
v -9.2 15.7 2.38419e-07
v -9 15.7 2.38419e-07
v -8.9 15.7 2.38419e-07
v -6.6 15.7 2.38419e-07
v -6.5 15.7 2.38419e-07
v -6.3 15.7 2.38419e-07
v -6.2 15.7 2.38419e-07
v -0.3 15.7 2.38419e-07
v -0.2 15.7 2.38419e-07
v -6.1 15.7 -0.5
v -4.8 15.7 -0.5
v -4.7 15.7 -0.5
v -6.1 15.7 -0.7
v -4.8 15.7 -0.7
v -4.7 15.7 -0.7
v -4.7 15.7 -1.3
v -4.4 15.7 -1.3
v -1.1 15.7 -1.3
v -0.8 15.7 -1.3
v -4.7 15.7 -1.4
v -4.4 15.7 -1.4
v -1.1 15.7 -1.4
v -0.8 15.7 -1.4
v -4.7 15.8 1.7
v -4.4 15.8 1.7
v -1.1 15.8 1.7
v -0.8 15.8 1.7
v -4.7 15.8 1.6
v -4.4 15.8 1.6
v -1.1 15.8 1.6
v -0.8 15.8 1.6
v -6.1 15.8 1.1
v -4.8 15.8 1.1
v -4.7 15.8 1.1
v -12.1 15.8 0.5
v -12 15.8 0.5
v -11.8 15.8 0.5
v -11.7 15.8 0.5
v -9.3 15.8 0.5
v -9.2 15.8 0.5
v -9 15.8 0.5
v -8.9 15.8 0.5
v -6.6 15.8 0.5
v -6.5 15.8 0.5
v -6.3 15.8 0.5
v -6.2 15.8 0.5
v -0.2 15.8 0.4
v -0.1 15.8 0.4
v -12.1 15.8 0.1
v -12 15.8 0.1
v -11.8 15.8 0.1
v -11.7 15.8 0.1
v -9.3 15.8 0.1
v -9.2 15.8 0.1
v -9 15.8 0.1
v -8.9 15.8 0.1
v -6.6 15.8 0.1
v -6.5 15.8 0.1
v -6.3 15.8 0.1
v -6.2 15.8 0.1
v -0.2 15.8 2.38419e-07
v -0.1 15.8 2.38419e-07
v -6.1 15.8 -0.5
v -4.8 15.8 -0.5
v -4.7 15.8 -0.5
v -4.7 15.8 -1.2
v -4.4 15.8 -1.2
v -1.1 15.8 -1.2
v -0.8 15.8 -1.2
v -4.7 15.8 -1.3
v -4.4 15.8 -1.3
v -1.1 15.8 -1.3
v -0.8 15.8 -1.3
v -4.7 15.9 1.6
v -4.4 15.9 1.6
v -1.1 15.9 1.6
v -0.8 15.9 1.6
v -4.7 15.9 1.3
v -4.4 15.9 1.3
v -1.1 15.9 1.3
v -0.8 15.9 1.3
v -0.1 15.9 0.4
v 0 15.9 0.4
v -0.1 15.9 2.38419e-07
v 0 15.9 2.38419e-07
v -4.7 15.9 -0.9
v -4.4 15.9 -0.9
v -1.1 15.9 -0.9
v -0.8 15.9 -0.9
v -4.7 15.9 -1.2
v -4.4 15.9 -1.2
v -1.1 15.9 -1.2
v -0.8 15.9 -1.2
v -4.7 16 1.3
v -4.4 16 1.3
v -1.1 16 1.3
v -0.8 16 1.3
v -4.7 16 1.1
v -4.4 16 1.1
v -1.1 16 1.1
v -0.8 16 1.1
v 0 16 0.4
v 0.4 16 0.4
v 0.8 16 0.4
v 0.2 16 0.2
v 0.4 16 0.2
v 0 16 2.38419e-07
v 0.2 16 2.38419e-07
v 0.8 16 2.38419e-07
v -4.7 16 -0.7
v -4.4 16 -0.7
v -1.1 16 -0.7
v -0.8 16 -0.7
v -4.7 16 -0.9
v -4.4 16 -0.9
v -1.1 16 -0.9
v -0.8 16 -0.9
v -4.7 16.1 1.1
v -4.4 16.1 1.1
v -1.1 16.1 1.1
v -0.8 16.1 1.1
v -4.7 16.1 0.5
v -4.4 16.1 0.5
v -1.1 16.1 0.5
v -0.8 16.1 0.5
v -4.7 16.1 -0.0999997
v -4.4 16.1 -0.0999997
v -1.1 16.1 -0.0999997
v -0.8 16.1 -0.0999997
v -4.7 16.1 -0.7
v -4.4 16.1 -0.7
v -1.1 16.1 -0.7
v -0.8 16.1 -0.7
v -4.7 16.2 0.5
v -4.4 16.2 0.5
v -1.1 16.2 0.5
v -0.8 16.2 0.5
v -4.7 16.2 -0.0999997
v -4.4 16.2 -0.0999997
v -1.1 16.2 -0.0999997
v -0.8 16.2 -0.0999997

# faces
f 6/15/1 2/15/1 1/15/1
f 7/15/1 2/15/1 6/15/1
f 8/15/1 2/15/1 7/15/1
f 9/15/1 2/15/1 8/15/1
f 12/15/1 4/15/1 3/15/1
f 13/15/1 4/15/1 12/15/1
f 14/15/1 4/15/1 13/15/1
f 15/15/1 4/15/1 14/15/1
f 18/15/1 6/15/1 5/15/1
f 18/15/1 7/15/1 6/15/1
f 19/15/1 7/15/1 18/15/1
f 20/15/1 7/15/1 19/15/1
f 21/15/1 10/15/1 9/15/1
f 21/15/1 9/15/1 8/15/1
f 22/15/1 10/15/1 21/15/1
f 23/15/1 13/15/1 12/15/1
f 23/15/1 12/15/1 11/15/1
f 24/15/1 13/15/1 23/15/1
f 25/15/1 15/15/1 14/15/1
f 25/15/1 16/15/1 15/15/1
f 26/15/1 16/15/1 25/15/1
f 27/15/1 16/15/1 26/15/1
f 29/15/1 19/15/1 18/15/1
f 29/15/1 18/15/1 17/15/1
f 30/15/1 19/15/1 29/15/1
f 31/15/1 10/15/1 22/15/1
f 32/15/1 10/15/1 31/15/1
f 33/15/1 23/15/1 11/15/1
f 34/15/1 23/15/1 33/15/1
f 35/15/1 28/15/1 27/15/1
f 35/15/1 27/15/1 26/15/1
f 36/15/1 28/15/1 35/15/1
f 37/15/1 29/15/1 17/15/1
f 40/15/1 10/15/1 32/15/1
f 41/15/1 33/15/1 11/15/1
f 44/15/1 28/15/1 36/15/1
f 45/15/1 38/15/1 37/15/1
f 45/15/1 37/15/1 17/15/1
f 46/15/1 38/15/1 45/15/1
f 47/15/1 38/15/1 46/15/1
f 50/15/1 40/15/1 39/15/1
f 51/15/1 10/15/1 40/15/1
f 51/15/1 40/15/1 50/15/1
f 52/15/1 42/15/1 41/15/1
f 52/15/1 41/15/1 11/15/1
f 53/15/1 42/15/1 52/15/1
f 56/15/1 44/15/1 43/15/1
f 57/15/1 28/15/1 44/15/1
f 57/15/1 44/15/1 56/15/1
f 58/15/1 28/15/1 57/15/1
f 59/15/1 48/15/1 47/15/1
f 59/15/1 47/15/1 46/15/1
f 60/15/1 48/15/1 59/15/1
f 61/15/1 48/15/1 60/15/1
f 62/15/1 51/15/1 50/15/1
f 62/15/1 54/15/1 53/15/1
f 62/15/1 50/15/1 49/15/1
f 62/15/1 52/15/1 51/15/1
f 62/15/1 53/15/1 52/15/1
f 63/15/1 54/15/1 62/15/1
f 64/15/1 54/15/1 63/15/1
f 65/15/1 54/15/1 64/15/1
f 66/15/1 56/15/1 55/15/1
f 66/15/1 57/15/1 56/15/1
f 67/15/1 57/15/1 66/15/1
f 68/15/1 57/15/1 67/15/1
f 69/15/1 61/15/1 60/15/1
f 69/15/1 62/15/1 61/15/1
f 69/15/1 63/15/1 62/15/1
f 70/15/1 63/15/1 69/15/1
f 71/15/1 63/15/1 70/15/1
f 72/15/1 63/15/1 71/15/1
f 73/15/1 67/15/1 66/15/1
f 73/15/1 65/15/1 64/15/1
f 73/15/1 66/15/1 65/15/1
f 74/15/1 67/15/1 73/15/1
f 75/15/1 67/15/1 74/15/1
f 76/15/1 67/15/1 75/15/1
f 77/15/1 71/15/1 70/15/1
f 78/15/1 71/15/1 77/15/1
f 79/15/1 75/15/1 74/15/1
f 80/15/1 75/15/1 79/15/1
f 81/15/1 77/15/1 70/15/1
f 84/15/1 75/15/1 80/15/1
f 85/15/1 82/15/1 81/15/1
f 85/15/1 81/15/1 70/15/1
f 86/15/1 82/15/1 85/15/1
f 87/15/1 82/15/1 86/15/1
f 90/15/1 84/15/1 83/15/1
f 91/15/1 75/15/1 84/15/1
f 91/15/1 84/15/1 90/15/1
f 92/15/1 75/15/1 91/15/1
f 93/15/1 88/15/1 87/15/1
f 93/15/1 87/15/1 86/15/1
f 94/15/1 88/15/1 93/15/1
f 95/15/1 88/15/1 94/15/1
f 96/15/1 90/15/1 89/15/1
f 96/15/1 91/15/1 90/15/1
f 97/15/1 91/15/1 96/15/1
f 98/15/1 91/15/1 97/15/1
f 99/15/1 95/15/1 94/15/1
f 99/15/1 97/15/1 96/15/1
f 99/15/1 96/15/1 95/15/1
f 100/15/1 97/15/1 99/15/1
f 106/16/1 102/16/1 101/16/1
f 107/16/1 102/16/1 106/16/1
f 110/16/1 104/16/1 103/16/1
f 111/16/1 104/16/1 110/16/1
f 114/16/1 106/16/1 105/16/1
f 115/16/1 106/16/1 114/16/1
f 116/16/1 106/16/1 115/16/1
f 117/16/1 106/16/1 116/16/1
f 120/16/1 108/16/1 107/16/1
f 121/16/1 108/16/1 120/16/1
f 124/16/1 110/16/1 109/16/1
f 125/16/1 110/16/1 124/16/1
f 127/17/1 113/17/1 112/17/1
f 128/17/1 113/17/1 127/17/1
f 130/16/1 116/16/1 115/16/1
f 131/16/1 116/16/1 130/16/1
f 133/17/1 119/17/1 118/17/1
f 134/17/1 119/17/1 133/17/1
f 136/16/1 122/16/1 121/16/1
f 137/16/1 122/16/1 136/16/1
f 140/17/1 129/17/1 128/17/1
f 140/17/1 127/17/1 126/17/1
f 140/17/1 128/17/1 127/17/1
f 141/17/1 129/17/1 140/17/1
f 144/17/1 134/17/1 133/17/1
f 144/17/1 135/17/1 134/17/1
f 144/17/1 133/17/1 132/17/1
f 145/17/1 135/17/1 144/17/1
f 147/17/1 142/17/1 141/17/1
f 147/17/1 141/17/1 140/17/1
f 147/17/1 140/17/1 139/17/1
f 148/17/1 142/17/1 147/17/1
f 149/17/1 142/17/1 148/17/1
f 150/17/1 142/17/1 149/17/1
f 151/17/1 146/17/1 145/17/1
f 151/17/1 145/17/1 144/17/1
f 151/17/1 144/17/1 143/17/1
f 152/17/1 146/17/1 151/17/1
f 153/17/1 146/17/1 152/17/1
f 154/17/1 146/17/1 153/17/1
f 155/16/1 124/16/1 123/16/1
f 156/16/1 124/16/1 155/16/1
f 158/17/1 149/17/1 148/17/1
f 159/17/1 149/17/1 158/17/1
f 160/17/1 149/17/1 159/17/1
f 161/17/1 149/17/1 160/17/1
f 162/17/1 153/17/1 152/17/1
f 163/17/1 153/17/1 162/17/1
f 164/17/1 153/17/1 163/17/1
f 165/17/1 153/17/1 164/17/1
f 167/16/1 138/16/1 137/16/1
f 168/16/1 138/16/1 167/16/1
f 169/16/1 157/16/1 156/16/1
f 170/16/1 157/16/1 169/16/1
f 172/17/1 160/17/1 159/17/1
f 173/17/1 160/17/1 172/17/1
f 176/17/1 164/17/1 163/17/1
f 177/17/1 164/17/1 176/17/1
f 179/16/1 167/16/1 166/16/1
f 180/16/1 167/16/1 179/16/1
f 181/16/1 171/16/1 170/16/1
f 182/16/1 171/16/1 181/16/1
f 185/17/1 175/17/1 174/17/1
f 186/17/1 175/17/1 185/17/1
f 189/16/1 179/16/1 178/16/1
f 190/16/1 179/16/1 189/16/1
f 191/16/1 183/16/1 182/16/1
f 192/16/1 183/16/1 191/16/1
f 194/17/1 187/17/1 186/17/1
f 194/17/1 185/17/1 184/17/1
f 194/17/1 186/17/1 185/17/1
f 195/17/1 187/17/1 194/17/1
f 197/16/1 189/16/1 188/16/1
f 198/16/1 189/16/1 197/16/1
f 199/17/1 196/17/1 195/17/1
f 199/17/1 194/17/1 193/17/1
f 199/17/1 195/17/1 194/17/1
f 200/17/1 196/17/1 199/17/1
f 201/17/1 196/17/1 200/17/1
f 202/17/1 196/17/1 201/17/1
f 203/16/1 183/16/1 192/16/1
f 204/16/1 183/16/1 203/16/1
f 206/17/1 201/17/1 200/17/1
f 207/17/1 201/17/1 206/17/1
f 208/17/1 201/17/1 207/17/1
f 209/17/1 201/17/1 208/17/1
f 211/16/1 197/16/1 188/16/1
f 212/16/1 197/16/1 211/16/1
f 213/16/1 205/16/1 204/16/1
f 214/16/1 205/16/1 213/16/1
f 216/17/1 208/17/1 207/17/1
f 217/17/1 208/17/1 216/17/1
f 219/16/1 211/16/1 210/16/1
f 220/16/1 211/16/1 219/16/1
f 221/16/1 215/16/1 214/16/1
f 222/16/1 215/16/1 221/16/1
f 223/16/1 219/16/1 218/16/1
f 224/16/1 219/16/1 223/16/1
f 225/16/1 223/16/1 222/16/1
f 226/16/1 223/16/1 225/16/1
f 229/5/1 228/5/1 227/5/1
f 230/5/1 228/5/1 229/5/1
f 237/16/1 232/16/1 231/16/1
f 238/16/1 232/16/1 237/16/1
f 239/16/1 234/16/1 233/16/1
f 240/16/1 234/16/1 239/16/1
f 241/16/1 236/16/1 235/16/1
f 242/16/1 236/16/1 241/16/1
f 244/16/1 243/16/1 242/16/1
f 245/16/1 243/16/1 244/16/1
f 249/16/1 247/16/1 246/16/1
f 250/16/1 247/16/1 249/16/1
f 253/16/1 249/16/1 248/16/1
f 253/16/1 251/16/1 250/16/1
f 253/16/1 250/16/1 249/16/1
f 254/16/1 251/16/1 253/16/1
f 256/16/1 253/16/1 252/16/1
f 256/16/1 255/16/1 254/16/1
f 256/16/1 254/16/1 253/16/1
f 257/16/1 255/16/1 256/16/1
f 258/5/1 257/5/1 256/5/1
f 259/5/1 257/5/1 258/5/1
f 260/5/1 257/5/1 259/5/1
f 261/5/1 257/5/1 260/5/1
f 262/5/1 260/5/1 259/5/1
f 263/5/1 260/5/1 262/5/1
f 264/5/1 260/5/1 263/5/1
f 265/5/1 260/5/1 264/5/1
f 268/5/1 267/5/1 266/5/1
f 269/5/1 267/5/1 268/5/1
f 272/5/1 271/5/1 270/5/1
f 274/5/1 272/5/1 270/5/1
f 275/16/1 273/16/1 272/16/1
f 275/5/1 272/5/1 274/5/1
f 276/16/1 273/16/1 275/16/1
f 279/5/1 278/5/1 277/5/1
f 281/5/1 279/5/1 277/5/1
f 282/16/1 280/16/1 279/16/1
f 282/5/1 279/5/1 281/5/1
f 283/16/1 280/16/1 282/16/1
f 286/5/1 285/5/1 284/5/1
f 287/5/1 285/5/1 286/5/1
f 289/16/1 288/16/1 287/16/1
f 290/16/1 288/16/1 289/16/1
f 293/16/1 292/16/1 291/16/1
f 294/16/1 292/16/1 293/16/1
f 296/5/1 294/5/1 293/5/1
f 297/16/1 295/16/1 294/16/1
f 297/5/1 294/5/1 296/5/1
f 298/16/1 295/16/1 297/16/1
f 301/5/1 300/5/1 299/5/1
f 302/5/1 300/5/1 301/5/1
f 306/16/1 303/16/1 302/16/1
f 307/16/1 303/16/1 306/16/1
f 309/16/1 305/16/1 304/16/1
f 310/16/1 305/16/1 309/16/1
f 312/16/1 308/16/1 307/16/1
f 313/16/1 308/16/1 312/16/1
f 315/5/1 311/5/1 310/5/1
f 316/16/1 312/16/1 311/16/1
f 316/5/1 311/5/1 315/5/1
f 317/16/1 312/16/1 316/16/1
f 319/16/1 318/16/1 317/16/1
f 319/16/1 317/16/1 316/16/1
f 320/16/1 318/16/1 319/16/1
f 321/16/1 315/16/1 314/16/1
f 322/16/1 315/16/1 321/16/1
f 324/16/1 318/16/1 320/16/1
f 325/16/1 318/16/1 324/16/1
f 327/5/1 323/5/1 322/5/1
f 328/16/1 324/16/1 323/16/1
f 328/5/1 323/5/1 327/5/1
f 329/16/1 324/16/1 328/16/1
f 331/16/1 327/16/1 326/16/1
f 332/16/1 330/16/1 329/16/1
f 332/16/1 329/16/1 328/16/1
f 333/16/1 330/16/1 332/16/1
f 334/16/1 331/16/1 326/16/1
f 335/16/1 331/16/1 334/16/1
f 336/16/1 330/16/1 333/16/1
f 337/16/1 330/16/1 336/16/1
f 342/16/1 339/16/1 338/16/1
f 343/16/1 341/16/1 340/16/1
f 345/16/1 342/16/1 338/16/1
f 346/16/1 342/16/1 345/16/1
f 347/16/1 341/16/1 343/16/1
f 348/16/1 341/16/1 347/16/1
f 350/16/1 345/16/1 344/16/1
f 351/16/1 345/16/1 350/16/1
f 354/16/1 349/16/1 348/16/1
f 355/16/1 349/16/1 354/16/1
f 356/16/1 352/16/1 351/16/1
f 357/16/1 352/16/1 356/16/1
f 360/16/1 354/16/1 353/16/1
f 361/16/1 354/16/1 360/16/1
f 362/16/1 358/16/1 357/16/1
f 363/16/1 358/16/1 362/16/1
f 366/16/1 360/16/1 359/16/1
f 367/16/1 360/16/1 366/16/1
f 368/16/1 364/16/1 363/16/1
f 369/16/1 364/16/1 368/16/1
f 370/16/1 366/16/1 365/16/1
f 371/16/1 366/16/1 370/16/1
f 372/16/1 364/16/1 369/16/1
f 373/16/1 364/16/1 372/16/1
f 376/16/1 370/16/1 365/16/1
f 377/16/1 370/16/1 376/16/1
f 378/16/1 374/16/1 373/16/1
f 379/16/1 374/16/1 378/16/1
f 382/16/1 376/16/1 375/16/1
f 383/16/1 376/16/1 382/16/1
f 384/16/1 380/16/1 379/16/1
f 385/16/1 380/16/1 384/16/1
f 386/16/1 382/16/1 381/16/1
f 387/16/1 382/16/1 386/16/1
f 388/16/1 386/16/1 385/16/1
f 389/16/1 386/16/1 388/16/1
f 393/16/1 391/16/1 390/16/1
f 394/16/1 391/16/1 393/16/1
f 395/16/1 391/16/1 394/16/1
f 397/16/1 393/16/1 392/16/1
f 398/16/1 396/16/1 395/16/1
f 398/16/1 395/16/1 394/16/1
f 399/16/1 396/16/1 398/16/1
f 400/16/1 397/16/1 392/16/1
f 401/16/1 397/16/1 400/16/1
f 403/16/1 396/16/1 399/16/1
f 404/16/1 396/16/1 403/16/1
f 406/5/1 402/5/1 401/5/1
f 407/16/1 403/16/1 402/16/1
f 407/5/1 402/5/1 406/5/1
f 408/16/1 403/16/1 407/16/1
f 410/16/1 406/16/1 405/16/1
f 411/16/1 409/16/1 408/16/1
f 411/16/1 408/16/1 407/16/1
f 412/16/1 409/16/1 411/16/1
f 414/16/1 410/16/1 405/16/1
f 415/16/1 410/16/1 414/16/1
f 416/16/1 409/16/1 412/16/1
f 417/16/1 409/16/1 416/16/1
f 419/16/1 414/16/1 413/16/1
f 420/16/1 414/16/1 419/16/1
f 423/16/1 418/16/1 417/16/1
f 424/16/1 418/16/1 423/16/1
f 425/16/1 421/16/1 420/16/1
f 426/16/1 421/16/1 425/16/1
f 427/16/1 423/16/1 422/16/1
f 428/16/1 423/16/1 427/16/1
f 433/16/1 430/16/1 429/16/1
f 434/16/1 430/16/1 433/16/1
f 437/16/1 432/16/1 431/16/1
f 438/16/1 432/16/1 437/16/1
f 439/16/1 435/16/1 434/16/1
f 440/16/1 435/16/1 439/16/1
f 441/16/1 437/16/1 436/16/1
f 442/16/1 437/16/1 441/16/1
f 447/16/1 444/16/1 443/16/1
f 448/16/1 444/16/1 447/16/1
f 449/16/1 446/16/1 445/16/1
f 450/16/1 446/16/1 449/16/1
f 455/16/1 452/16/1 451/16/1
f 456/16/1 452/16/1 455/16/1
f 457/16/1 454/16/1 453/16/1
f 458/16/1 454/16/1 457/16/1
f 463/16/1 460/16/1 459/16/1
f 464/16/1 460/16/1 463/16/1
f 465/16/1 462/16/1 461/16/1
f 466/16/1 462/16/1 465/16/1
f 471/16/1 468/16/1 467/16/1
f 472/16/1 468/16/1 471/16/1
f 475/16/1 470/16/1 469/16/1
f 476/16/1 470/16/1 475/16/1
f 478/16/1 473/16/1 472/16/1
f 479/16/1 473/16/1 478/16/1
f 480/16/1 475/16/1 474/16/1
f 481/16/1 475/16/1 480/16/1
f 483/16/1 478/16/1 477/16/1
f 484/16/1 478/16/1 483/16/1
f 485/16/1 482/16/1 481/16/1
f 486/16/1 482/16/1 485/16/1
f 491/16/1 488/16/1 487/16/1
f 492/16/1 488/16/1 491/16/1
f 493/16/1 490/16/1 489/16/1
f 494/16/1 490/16/1 493/16/1
f 499/16/1 496/16/1 495/16/1
f 500/16/1 496/16/1 499/16/1
f 501/16/1 498/16/1 497/16/1
f 502/16/1 498/16/1 501/16/1
f 507/16/1 504/16/1 503/16/1
f 508/16/1 504/16/1 507/16/1
f 509/16/1 506/16/1 505/16/1
f 510/16/1 506/16/1 509/16/1
f 515/16/1 512/16/1 511/16/1
f 516/16/1 512/16/1 515/16/1
f 517/16/1 514/16/1 513/16/1
f 518/16/1 514/16/1 517/16/1
f 521/16/1 520/16/1 519/16/1
f 522/16/1 520/16/1 521/16/1
f 527/16/1 524/16/1 523/16/1
f 528/16/1 526/16/1 525/16/1
f 530/16/1 527/16/1 523/16/1
f 531/16/1 527/16/1 530/16/1
f 532/16/1 526/16/1 528/16/1
f 533/16/1 526/16/1 532/16/1
f 535/16/1 530/16/1 529/16/1
f 536/16/1 530/16/1 535/16/1
f 539/16/1 534/16/1 533/16/1
f 540/16/1 534/16/1 539/16/1
f 541/16/1 537/16/1 536/16/1
f 542/16/1 537/16/1 541/16/1
f 545/16/1 539/16/1 538/16/1
f 546/16/1 539/16/1 545/16/1
f 547/16/1 543/16/1 542/16/1
f 548/16/1 543/16/1 547/16/1
f 551/16/1 545/16/1 544/16/1
f 552/16/1 545/16/1 551/16/1
f 553/16/1 549/16/1 548/16/1
f 554/16/1 549/16/1 553/16/1
f 555/16/1 551/16/1 550/16/1
f 556/16/1 551/16/1 555/16/1
f 557/16/1 549/16/1 554/16/1
f 558/16/1 549/16/1 557/16/1
f 561/16/1 555/16/1 550/16/1
f 562/16/1 555/16/1 561/16/1
f 563/16/1 559/16/1 558/16/1
f 564/16/1 559/16/1 563/16/1
f 567/16/1 561/16/1 560/16/1
f 568/16/1 561/16/1 567/16/1
f 569/16/1 565/16/1 564/16/1
f 570/16/1 565/16/1 569/16/1
f 571/16/1 567/16/1 566/16/1
f 572/16/1 567/16/1 571/16/1
f 573/16/1 571/16/1 570/16/1
f 574/16/1 571/16/1 573/16/1
f 579/16/1 576/16/1 575/16/1
f 580/16/1 576/16/1 579/16/1
f 581/16/1 578/16/1 577/16/1
f 582/16/1 578/16/1 581/16/1
f 586/2/1 584/2/1 583/2/1
f 587/2/1 584/2/1 586/2/1
f 589/9/1 586/9/1 585/9/1
f 589/9/1 588/9/1 587/9/1
f 589/9/1 587/9/1 586/9/1
f 590/9/1 588/9/1 589/9/1
f 591/9/1 588/9/1 590/9/1
f 592/9/1 588/9/1 591/9/1
f 593/3/1 591/3/1 590/3/1
f 594/3/1 591/3/1 593/3/1
f 599/9/1 596/9/1 595/9/1
f 600/9/1 596/9/1 599/9/1
f 601/9/1 598/9/1 597/9/1
f 602/9/1 598/9/1 601/9/1
f 607/9/1 604/9/1 603/9/1
f 608/9/1 604/9/1 607/9/1
f 609/9/1 606/9/1 605/9/1
f 610/9/1 606/9/1 609/9/1
f 617/15/1 612/15/1 611/15/1
f 619/15/1 614/15/1 613/15/1
f 620/15/1 614/15/1 619/15/1
f 622/15/1 616/15/1 615/15/1
f 623/15/1 618/15/1 617/15/1
f 626/15/1 622/15/1 621/15/1
f 627/15/1 624/15/1 623/15/1
f 630/15/1 626/15/1 625/15/1
f 631/15/1 628/15/1 627/15/1
f 634/15/1 630/15/1 629/15/1
f 635/15/1 632/15/1 631/15/1
f 635/15/1 617/15/1 611/15/1
f 635/15/1 623/15/1 617/15/1
f 635/15/1 627/15/1 623/15/1
f 635/15/1 631/15/1 627/15/1
f 636/15/1 632/15/1 635/15/1
f 637/15/1 632/15/1 636/15/1
f 640/15/1 634/15/1 633/15/1
f 641/15/1 616/15/1 622/15/1
f 641/15/1 630/15/1 634/15/1
f 641/15/1 634/15/1 640/15/1
f 641/15/1 622/15/1 626/15/1
f 641/15/1 626/15/1 630/15/1
f 642/15/1 616/15/1 641/15/1
f 643/15/1 638/15/1 637/15/1
f 643/15/1 637/15/1 636/15/1
f 644/15/1 638/15/1 643/15/1
f 645/15/1 638/15/1 644/15/1
f 646/15/1 640/15/1 639/15/1
f 646/15/1 641/15/1 640/15/1
f 647/15/1 641/15/1 646/15/1
f 648/15/1 641/15/1 647/15/1
f 649/15/1 645/15/1 644/15/1
f 649/15/1 647/15/1 646/15/1
f 649/15/1 646/15/1 645/15/1
f 650/15/1 647/15/1 649/15/1
f 653/5/1 652/5/1 651/5/1
f 654/5/1 652/5/1 653/5/1
f 659/15/1 656/15/1 655/15/1
f 660/15/1 656/15/1 659/15/1
f 661/15/1 658/15/1 657/15/1
f 662/15/1 658/15/1 661/15/1
f 667/15/1 664/15/1 663/15/1
f 668/15/1 664/15/1 667/15/1
f 669/15/1 666/15/1 665/15/1
f 670/15/1 666/15/1 669/15/1
f 675/15/1 672/15/1 671/15/1
f 676/15/1 672/15/1 675/15/1
f 677/15/1 674/15/1 673/15/1
f 678/15/1 674/15/1 677/15/1
f 682/5/1 680/5/1 679/5/1
f 683/5/1 680/5/1 682/5/1
f 685/15/1 682/15/1 681/15/1
f 686/15/1 682/15/1 685/15/1
f 687/15/1 684/15/1 683/15/1
f 688/15/1 684/15/1 687/15/1
f 691/15/1 690/15/1 689/15/1
f 692/15/1 690/15/1 691/15/1
f 695/12/1 694/12/1 693/12/1
f 696/12/1 694/12/1 695/12/1
f 697/12/1 694/12/1 696/12/1
f 698/12/1 694/12/1 697/12/1
f 699/3/1 696/3/1 695/3/1
f 700/3/1 696/3/1 699/3/1
f 701/3/1 698/3/1 697/3/1
f 702/3/1 698/3/1 701/3/1
f 703/12/1 700/12/1 699/12/1
f 703/12/1 701/12/1 700/12/1
f 703/12/1 702/12/1 701/12/1
f 704/12/1 702/12/1 703/12/1
f 707/15/1 706/15/1 705/15/1
f 708/15/1 706/15/1 707/15/1
f 714/16/1 711/16/1 710/16/1
f 714/16/1 712/16/1 711/16/1
f 714/16/1 710/16/1 709/16/1
f 715/16/1 712/16/1 714/16/1
f 717/15/1 714/15/1 713/15/1
f 718/15/1 714/15/1 717/15/1
f 719/15/1 716/15/1 715/15/1
f 720/15/1 716/15/1 719/15/1
f 723/15/1 722/15/1 721/15/1
f 724/15/1 722/15/1 723/15/1
f 728/15/1 726/15/1 725/15/1
f 729/15/1 726/15/1 728/15/1
f 731/15/1 728/15/1 727/15/1
f 731/15/1 730/15/1 729/15/1
f 731/15/1 729/15/1 728/15/1
f 732/15/1 730/15/1 731/15/1
f 733/15/1 731/15/1 727/15/1
f 734/15/1 730/15/1 732/15/1
f 735/15/1 733/15/1 727/15/1
f 736/15/1 730/15/1 734/15/1
f 737/15/1 735/15/1 727/15/1
f 738/15/1 735/15/1 737/15/1
f 739/15/1 730/15/1 736/15/1
f 740/15/1 730/15/1 739/15/1
f 743/15/1 742/15/1 741/15/1
f 744/15/1 742/15/1 743/15/1
f 747/14/1 746/14/1 745/14/1
f 748/14/1 746/14/1 747/14/1
f 749/4/1 748/4/1 747/4/1
f 750/4/1 748/4/1 749/4/1
f 751/14/1 750/14/1 749/14/1
f 752/14/1 750/14/1 751/14/1
f 755/15/1 754/15/1 753/15/1
f 756/15/1 754/15/1 755/15/1
f 757/15/1 755/15/1 753/15/1
f 758/15/1 755/15/1 757/15/1
f 759/15/1 754/15/1 756/15/1
f 760/15/1 754/15/1 759/15/1
f 761/15/1 757/15/1 753/15/1
f 762/15/1 757/15/1 761/15/1
f 763/15/1 754/15/1 760/15/1
f 764/15/1 754/15/1 763/15/1
f 767/5/1 766/5/1 765/5/1
f 768/5/1 766/5/1 767/5/1
f 773/17/1 770/17/1 769/17/1
f 773/17/1 772/17/1 771/17/1
f 773/17/1 771/17/1 770/17/1
f 774/17/1 772/17/1 773/17/1
f 779/15/1 776/15/1 775/15/1
f 780/15/1 778/15/1 777/15/1
f 781/5/1 779/5/1 778/5/1
f 781/15/1 778/15/1 780/15/1
f 782/15/1 776/15/1 779/15/1
f 782/5/1 779/5/1 781/5/1
f 783/15/1 776/15/1 782/15/1
f 791/5/1 785/5/1 784/5/1
f 792/5/1 785/5/1 791/5/1
f 793/5/1 787/5/1 786/5/1
f 794/5/1 787/5/1 793/5/1
f 799/5/1 789/5/1 788/5/1
f 800/5/1 789/5/1 799/5/1
f 801/5/1 792/5/1 791/5/1
f 801/5/1 791/5/1 790/5/1
f 802/5/1 794/5/1 793/5/1
f 802/5/1 795/5/1 794/5/1
f 803/5/1 797/5/1 796/5/1
f 804/5/1 797/5/1 803/5/1
f 807/5/1 800/5/1 799/5/1
f 807/5/1 799/5/1 798/5/1
f 807/5/1 801/5/1 800/5/1
f 808/5/1 805/5/1 804/5/1
f 808/5/1 804/5/1 803/5/1
f 808/5/1 803/5/1 802/5/1
f 811/5/1 807/5/1 806/5/1
f 812/5/1 809/5/1 808/5/1
f 815/5/1 811/5/1 810/5/1
f 816/5/1 813/5/1 812/5/1
f 819/5/1 815/5/1 814/5/1
f 820/5/1 817/5/1 816/5/1
f 822/5/1 819/5/1 818/5/1
f 822/5/1 801/5/1 807/5/1
f 822/5/1 792/5/1 801/5/1
f 822/5/1 815/5/1 819/5/1
f 822/5/1 807/5/1 811/5/1
f 822/5/1 811/5/1 815/5/1
f 823/5/1 792/5/1 822/5/1
f 824/5/1 802/5/1 793/5/1
f 824/5/1 821/5/1 820/5/1
f 824/5/1 820/5/1 816/5/1
f 824/5/1 808/5/1 802/5/1
f 824/5/1 812/5/1 808/5/1
f 824/5/1 816/5/1 812/5/1
f 825/5/1 821/5/1 824/5/1
f 826/5/1 822/5/1 818/5/1
f 827/16/1 823/16/1 822/16/1
f 827/5/1 822/5/1 826/5/1
f 828/5/1 821/5/1 825/5/1
f 828/16/1 825/16/1 824/16/1
f 829/5/1 821/5/1 828/5/1
f 831/5/1 826/5/1 818/5/1
f 832/5/1 826/5/1 831/5/1
f 833/16/1 827/16/1 826/16/1
f 833/5/1 826/5/1 832/5/1
f 834/5/1 821/5/1 829/5/1
f 834/16/1 829/16/1 828/16/1
f 835/5/1 821/5/1 834/5/1
f 836/5/1 821/5/1 835/5/1
f 839/5/1 832/5/1 831/5/1
f 839/5/1 831/5/1 830/5/1
f 840/5/1 832/5/1 839/5/1
f 841/16/1 833/16/1 832/16/1
f 841/5/1 832/5/1 840/5/1
f 842/16/1 827/16/1 833/16/1
f 842/16/1 833/16/1 841/16/1
f 843/16/1 823/16/1 827/16/1
f 843/16/1 827/16/1 842/16/1
f 844/16/1 828/16/1 824/16/1
f 844/16/1 834/16/1 828/16/1
f 844/16/1 835/16/1 834/16/1
f 845/16/1 835/16/1 844/16/1
f 846/5/1 837/5/1 836/5/1
f 846/16/1 835/16/1 845/16/1
f 846/5/1 836/5/1 835/5/1
f 847/5/1 837/5/1 846/5/1
f 848/5/1 837/5/1 847/5/1
f 851/5/1 840/5/1 839/5/1
f 851/5/1 839/5/1 838/5/1
f 852/5/1 840/5/1 851/5/1
f 853/16/1 841/16/1 840/16/1
f 853/5/1 840/5/1 852/5/1
f 853/16/1 842/16/1 841/16/1
f 854/16/1 842/16/1 853/16/1
f 855/5/1 843/5/1 842/5/1
f 855/16/1 842/16/1 854/16/1
f 856/5/1 845/5/1 844/5/1
f 856/16/1 846/16/1 845/16/1
f 856/16/1 847/16/1 846/16/1
f 857/16/1 847/16/1 856/16/1
f 858/5/1 849/5/1 848/5/1
f 858/16/1 847/16/1 857/16/1
f 858/5/1 848/5/1 847/5/1
f 859/5/1 849/5/1 858/5/1
f 860/5/1 849/5/1 859/5/1
f 863/5/1 852/5/1 851/5/1
f 863/5/1 851/5/1 850/5/1
f 864/5/1 852/5/1 863/5/1
f 865/16/1 854/16/1 853/16/1
f 865/5/1 852/5/1 864/5/1
f 865/16/1 853/16/1 852/16/1
f 866/16/1 854/16/1 865/16/1
f 867/5/1 855/5/1 854/5/1
f 867/16/1 854/16/1 866/16/1
f 868/5/1 857/5/1 856/5/1
f 868/16/1 858/16/1 857/16/1
f 868/16/1 859/16/1 858/16/1
f 869/16/1 859/16/1 868/16/1
f 870/5/1 861/5/1 860/5/1
f 870/16/1 859/16/1 869/16/1
f 870/5/1 860/5/1 859/5/1
f 871/5/1 861/5/1 870/5/1
f 872/5/1 861/5/1 871/5/1
f 874/5/1 864/5/1 863/5/1
f 874/5/1 863/5/1 862/5/1
f 875/16/1 866/16/1 865/16/1
f 875/5/1 864/5/1 874/5/1
f 875/16/1 865/16/1 864/16/1
f 876/16/1 866/16/1 875/16/1
f 877/5/1 867/5/1 866/5/1
f 877/16/1 866/16/1 876/16/1
f 878/5/1 869/5/1 868/5/1
f 878/16/1 871/16/1 870/16/1
f 878/16/1 870/16/1 869/16/1
f 879/16/1 871/16/1 878/16/1
f 880/5/1 873/5/1 872/5/1
f 880/16/1 871/16/1 879/16/1
f 880/5/1 872/5/1 871/5/1
f 881/5/1 873/5/1 880/5/1
f 882/5/1 874/5/1 862/5/1
f 882/16/1 876/16/1 875/16/1
f 882/16/1 875/16/1 874/16/1
f 883/16/1 876/16/1 882/16/1
f 884/16/1 876/16/1 883/16/1
f 885/5/1 877/5/1 876/5/1
f 885/16/1 876/16/1 884/16/1
f 886/5/1 879/5/1 878/5/1
f 886/16/1 881/16/1 880/16/1
f 886/16/1 880/16/1 879/16/1
f 887/16/1 881/16/1 886/16/1
f 888/16/1 881/16/1 887/16/1
f 889/5/1 873/5/1 881/5/1
f 889/16/1 881/16/1 888/16/1
f 891/5/1 883/5/1 882/5/1
f 891/5/1 882/5/1 862/5/1
f 892/5/1 883/5/1 891/5/1
f 893/16/1 884/16/1 883/16/1
f 893/5/1 883/5/1 892/5/1
f 894/5/1 885/5/1 884/5/1
f 894/16/1 884/16/1 893/16/1
f 895/16/1 888/16/1 887/16/1
f 895/5/1 887/5/1 886/5/1
f 896/5/1 889/5/1 888/5/1
f 896/16/1 888/16/1 895/16/1
f 897/5/1 873/5/1 889/5/1
f 897/5/1 889/5/1 896/5/1
f 898/5/1 873/5/1 897/5/1
f 900/5/1 892/5/1 891/5/1
f 900/5/1 891/5/1 890/5/1
f 901/16/1 893/16/1 892/16/1
f 901/5/1 892/5/1 900/5/1
f 902/5/1 894/5/1 893/5/1
f 902/16/1 893/16/1 901/16/1
f 903/5/1 885/5/1 894/5/1
f 903/5/1 894/5/1 902/5/1
f 904/5/1 896/5/1 895/5/1
f 904/5/1 895/5/1 886/5/1
f 905/16/1 897/16/1 896/16/1
f 905/5/1 896/5/1 904/5/1
f 906/5/1 899/5/1 898/5/1
f 906/16/1 897/16/1 905/16/1
f 906/5/1 898/5/1 897/5/1
f 907/5/1 899/5/1 906/5/1
f 909/5/1 900/5/1 890/5/1
f 910/5/1 900/5/1 909/5/1
f 911/16/1 902/16/1 901/16/1
f 911/5/1 900/5/1 910/5/1
f 911/16/1 903/16/1 902/16/1
f 911/16/1 901/16/1 900/16/1
f 912/16/1 903/16/1 911/16/1
f 913/5/1 885/5/1 903/5/1
f 913/16/1 903/16/1 912/16/1
f 914/16/1 905/16/1 904/16/1
f 914/5/1 904/5/1 886/5/1
f 914/16/1 906/16/1 905/16/1
f 914/16/1 907/16/1 906/16/1
f 915/16/1 907/16/1 914/16/1
f 916/5/1 899/5/1 907/5/1
f 916/16/1 907/16/1 915/16/1
f 917/5/1 899/5/1 916/5/1
f 918/5/1 899/5/1 917/5/1
f 920/16/1 912/16/1 911/16/1
f 920/16/1 911/16/1 910/16/1
f 921/5/1 913/5/1 912/5/1
f 921/16/1 912/16/1 920/16/1
f 922/5/1 915/5/1 914/5/1
f 922/16/1 916/16/1 915/16/1
f 922/16/1 917/16/1 916/16/1
f 923/16/1 917/16/1 922/16/1
f 924/16/1 920/16/1 910/16/1
f 925/5/1 921/5/1 920/5/1
f 925/16/1 920/16/1 924/16/1
f 926/16/1 917/16/1 923/16/1
f 926/5/1 923/5/1 922/5/1
f 927/16/1 917/16/1 926/16/1
f 928/16/1 924/16/1 910/16/1
f 928/5/1 925/5/1 924/5/1
f 929/5/1 921/5/1 925/5/1
f 929/5/1 925/5/1 928/5/1
f 930/5/1 927/5/1 926/5/1
f 930/5/1 926/5/1 922/5/1
f 931/16/1 917/16/1 927/16/1
f 931/5/1 927/5/1 930/5/1
f 932/5/1 910/5/1 909/5/1
f 932/5/1 909/5/1 908/5/1
f 933/16/1 928/16/1 910/16/1
f 933/5/1 910/5/1 932/5/1
f 933/16/1 929/16/1 928/16/1
f 934/16/1 917/16/1 931/16/1
f 934/5/1 919/5/1 918/5/1
f 934/16/1 931/16/1 930/16/1
f 934/5/1 918/5/1 917/5/1
f 935/5/1 919/5/1 934/5/1
f 936/16/1 929/16/1 933/16/1
f 936/16/1 933/16/1 932/16/1
f 937/5/1 921/5/1 929/5/1
f 937/16/1 929/16/1 936/16/1
f 938/5/1 867/5/1 877/5/1
f 938/5/1 921/5/1 937/5/1
f 938/5/1 843/5/1 855/5/1
f 938/5/1 877/5/1 885/5/1
f 938/5/1 855/5/1 867/5/1
f 938/5/1 913/5/1 921/5/1
f 938/5/1 885/5/1 913/5/1
f 939/5/1 843/5/1 938/5/1
f 940/5/1 868/5/1 856/5/1
f 940/5/1 930/5/1 922/5/1
f 940/5/1 914/5/1 886/5/1
f 940/5/1 856/5/1 844/5/1
f 940/5/1 878/5/1 868/5/1
f 940/5/1 886/5/1 878/5/1
f 940/5/1 922/5/1 914/5/1
f 941/5/1 930/5/1 940/5/1
f 942/16/1 934/16/1 930/16/1
f 942/5/1 930/5/1 941/5/1
f 942/16/1 935/16/1 934/16/1
f 943/16/1 935/16/1 942/16/1
f 945/5/1 932/5/1 908/5/1
f 946/16/1 936/16/1 932/16/1
f 947/5/1 937/5/1 936/5/1
f 947/16/1 936/16/1 946/16/1
f 947/5/1 938/5/1 937/5/1
f 948/5/1 938/5/1 947/5/1
f 949/16/1 939/16/1 938/16/1
f 949/5/1 938/5/1 948/5/1
f 950/16/1 941/16/1 940/16/1
f 950/5/1 942/5/1 941/5/1
f 950/5/1 943/5/1 942/5/1
f 951/5/1 943/5/1 950/5/1
f 952/16/1 935/16/1 943/16/1
f 952/5/1 943/5/1 951/5/1
f 953/16/1 935/16/1 952/16/1
f 954/5/1 919/5/1 935/5/1
f 956/16/1 946/16/1 932/16/1
f 956/5/1 948/5/1 947/5/1
f 956/5/1 947/5/1 946/5/1
f 957/5/1 948/5/1 956/5/1
f 958/5/1 948/5/1 957/5/1
f 959/16/1 949/16/1 948/16/1
f 959/5/1 948/5/1 958/5/1
f 960/16/1 951/16/1 950/16/1
f 960/5/1 953/5/1 952/5/1
f 960/5/1 952/5/1 951/5/1
f 961/5/1 953/5/1 960/5/1
f 962/5/1 953/5/1 961/5/1
f 963/16/1 935/16/1 953/16/1
f 963/5/1 953/5/1 962/5/1
f 964/16/1 949/16/1 959/16/1
f 964/16/1 959/16/1 958/16/1
f 965/16/1 939/16/1 949/16/1
f 965/16/1 949/16/1 964/16/1
f 966/16/1 950/16/1 940/16/1
f 966/16/1 960/16/1 950/16/1
f 966/16/1 961/16/1 960/16/1
f 967/16/1 961/16/1 966/16/1
f 968/16/1 964/16/1 958/16/1
f 969/17/1 965/17/1 964/17/1
f 969/16/1 964/16/1 968/16/1
f 970/17/1 965/17/1 969/17/1
f 971/17/1 967/17/1 966/17/1
f 972/16/1 961/16/1 967/16/1
f 972/17/1 967/17/1 971/17/1
f 973/16/1 961/16/1 972/16/1
f 974/5/1 945/5/1 944/5/1
f 975/5/1 932/5/1 945/5/1
f 975/5/1 945/5/1 974/5/1
f 976/16/1 968/16/1 958/16/1
f 976/17/1 969/17/1 968/17/1
f 977/16/1 970/16/1 969/16/1
f 977/17/1 969/17/1 976/17/1
f 978/16/1 972/16/1 971/16/1
f 978/17/1 973/17/1 972/17/1
f 979/16/1 961/16/1 973/16/1
f 979/17/1 973/17/1 978/17/1
f 980/5/1 955/5/1 954/5/1
f 980/5/1 954/5/1 935/5/1
f 981/5/1 955/5/1 980/5/1
f 982/5/1 932/5/1 975/5/1
f 982/16/1 957/16/1 956/16/1
f 982/16/1 956/16/1 932/16/1
f 983/5/1 958/5/1 957/5/1
f 983/16/1 957/16/1 982/16/1
f 984/16/1 977/16/1 976/16/1
f 984/5/1 958/5/1 983/5/1
f 984/16/1 976/16/1 958/16/1
f 985/16/1 977/16/1 984/16/1
f 986/16/1 970/16/1 977/16/1
f 986/16/1 977/16/1 985/16/1
f 987/16/1 979/16/1 978/16/1
f 987/16/1 978/16/1 971/16/1
f 988/16/1 961/16/1 979/16/1
f 988/16/1 979/16/1 987/16/1
f 989/5/1 962/5/1 961/5/1
f 989/16/1 961/16/1 988/16/1
f 990/16/1 963/16/1 962/16/1
f 990/5/1 962/5/1 989/5/1
f 991/16/1 935/16/1 963/16/1
f 991/16/1 963/16/1 990/16/1
f 991/5/1 980/5/1 935/5/1
f 992/5/1 984/5/1 983/5/1
f 992/5/1 983/5/1 982/5/1
f 992/5/1 985/5/1 984/5/1
f 993/5/1 985/5/1 992/5/1
f 994/17/1 986/17/1 985/17/1
f 994/5/1 985/5/1 993/5/1
f 995/16/1 970/16/1 986/16/1
f 995/17/1 986/17/1 994/17/1
f 996/16/1 970/16/1 995/16/1
f 997/16/1 987/16/1 971/16/1
f 998/16/1 987/16/1 997/16/1
f 999/17/1 988/17/1 987/17/1
f 999/16/1 987/16/1 998/16/1
f 1000/5/1 990/5/1 989/5/1
f 1000/17/1 988/17/1 999/17/1
f 1000/5/1 989/5/1 988/5/1
f 1000/5/1 991/5/1 990/5/1
f 1001/5/1 991/5/1 1000/5/1
f 1002/5/1 991/5/1 1001/5/1
f 1003/5/1 994/5/1 993/5/1
f 1004/5/1 994/5/1 1003/5/1
f 1005/16/1 999/16/1 998/16/1
f 1005/16/1 1000/16/1 999/16/1
f 1006/5/1 1001/5/1 1000/5/1
f 1006/16/1 1000/16/1 1005/16/1
f 1007/5/1 1001/5/1 1006/5/1
f 1008/5/1 1003/5/1 993/5/1
f 1009/5/1 1001/5/1 1007/5/1
f 1010/5/1 982/5/1 975/5/1
f 1010/5/1 992/5/1 982/5/1
f 1011/5/1 992/5/1 1010/5/1
f 1012/16/1 993/16/1 992/16/1
f 1012/5/1 992/5/1 1011/5/1
f 1013/5/1 1008/5/1 993/5/1
f 1013/16/1 993/16/1 1012/16/1
f 1014/5/1 1008/5/1 1013/5/1
f 1015/5/1 1001/5/1 1009/5/1
f 1016/16/1 1002/16/1 1001/16/1
f 1016/5/1 1001/5/1 1015/5/1
f 1017/5/1 991/5/1 1002/5/1
f 1017/16/1 1002/16/1 1016/16/1
f 1018/5/1 980/5/1 991/5/1
f 1018/5/1 991/5/1 1017/5/1
f 1019/5/1 980/5/1 1018/5/1
f 1020/5/1 1012/5/1 1011/5/1
f 1020/5/1 1013/5/1 1012/5/1
f 1021/5/1 1013/5/1 1020/5/1
f 1022/5/1 1018/5/1 1017/5/1
f 1022/5/1 1017/5/1 1016/5/1
f 1023/5/1 1018/5/1 1022/5/1
f 1024/5/1 1008/5/1 1014/5/1
f 1024/16/1 1014/16/1 1013/16/1
f 1025/5/1 1008/5/1 1024/5/1
f 1026/5/1 1015/5/1 1009/5/1
f 1027/16/1 1016/16/1 1015/16/1
f 1027/5/1 1015/5/1 1026/5/1
f 1028/5/1 1013/5/1 1021/5/1
f 1028/16/1 1024/16/1 1013/16/1
f 1028/16/1 1025/16/1 1024/16/1
f 1029/16/1 1025/16/1 1028/16/1
f 1030/5/1 1008/5/1 1025/5/1
f 1030/16/1 1025/16/1 1029/16/1
f 1031/5/1 1008/5/1 1030/5/1
f 1032/5/1 1026/5/1 1009/5/1
f 1033/16/1 1027/16/1 1026/16/1
f 1033/5/1 1026/5/1 1032/5/1
f 1034/16/1 1016/16/1 1027/16/1
f 1034/16/1 1027/16/1 1033/16/1
f 1035/5/1 1022/5/1 1016/5/1
f 1035/16/1 1016/16/1 1034/16/1
f 1036/5/1 1029/5/1 1028/5/1
f 1036/5/1 1028/5/1 1021/5/1
f 1037/5/1 1029/5/1 1036/5/1
f 1038/16/1 1031/16/1 1030/16/1
f 1038/5/1 1029/5/1 1037/5/1
f 1038/16/1 1030/16/1 1029/16/1
f 1039/16/1 1031/16/1 1038/16/1
f 1040/16/1 1033/16/1 1032/16/1
f 1040/16/1 1034/16/1 1033/16/1
f 1041/5/1 1035/5/1 1034/5/1
f 1041/16/1 1034/16/1 1040/16/1
f 1042/5/1 1022/5/1 1035/5/1
f 1042/5/1 1035/5/1 1041/5/1
f 1043/5/1 1022/5/1 1042/5/1
f 1044/5/1 1039/5/1 1038/5/1
f 1044/5/1 1038/5/1 1037/5/1
f 1045/5/1 1039/5/1 1044/5/1
f 1046/16/1 1031/16/1 1039/16/1
f 1046/5/1 1039/5/1 1045/5/1
f 1047/16/1 1031/16/1 1046/16/1
f 1048/5/1 1032/5/1 1009/5/1
f 1049/16/1 1040/16/1 1032/16/1
f 1049/5/1 1032/5/1 1048/5/1
f 1050/16/1 1040/16/1 1049/16/1
f 1051/5/1 1041/5/1 1040/5/1
f 1051/16/1 1040/16/1 1050/16/1
f 1051/5/1 1042/5/1 1041/5/1
f 1052/5/1 1042/5/1 1051/5/1
f 1053/5/1 1042/5/1 1052/5/1
f 1054/5/1 1046/5/1 1045/5/1
f 1054/5/1 1047/5/1 1046/5/1
f 1055/5/1 1047/5/1 1054/5/1
f 1056/5/1 1048/5/1 1009/5/1
f 1057/16/1 1050/16/1 1049/16/1
f 1057/5/1 1048/5/1 1056/5/1
f 1057/16/1 1049/16/1 1048/16/1
f 1058/16/1 1050/16/1 1057/16/1
f 1059/5/1 1052/5/1 1051/5/1
f 1059/5/1 1051/5/1 1050/5/1
f 1060/5/1 1052/5/1 1059/5/1
f 1061/5/1 1047/5/1 1055/5/1
f 1062/5/1 1047/5/1 1061/5/1
f 1063/16/1 1031/16/1 1047/16/1
f 1063/5/1 1047/5/1 1062/5/1
f 1064/16/1 1031/16/1 1063/16/1
f 1065/16/1 1057/16/1 1056/16/1
f 1066/5/1 1058/5/1 1057/5/1
f 1066/16/1 1057/16/1 1065/16/1
f 1067/16/1 1050/16/1 1058/16/1
f 1067/5/1 1058/5/1 1066/5/1
f 1068/5/1 1059/5/1 1050/5/1
f 1068/16/1 1050/16/1 1067/16/1
f 1069/5/1 1059/5/1 1068/5/1
f 1070/5/1 1059/5/1 1069/5/1
f 1071/5/1 1064/5/1 1063/5/1
f 1071/5/1 1063/5/1 1062/5/1
f 1072/5/1 1064/5/1 1071/5/1
f 1073/5/1 1067/5/1 1066/5/1
f 1073/5/1 1066/5/1 1065/5/1
f 1073/5/1 1069/5/1 1068/5/1
f 1073/5/1 1068/5/1 1067/5/1
f 1074/5/1 1069/5/1 1073/5/1
f 1075/5/1 1064/5/1 1072/5/1
f 1076/5/1 1064/5/1 1075/5/1
f 1077/5/1 1073/5/1 1065/5/1
f 1078/5/1 1073/5/1 1077/5/1
f 1079/5/1 1064/5/1 1076/5/1
f 1080/5/1 1064/5/1 1079/5/1
f 1081/5/1 1064/5/1 1080/5/1
f 1084/5/1 1077/5/1 1065/5/1
f 1085/5/1 1077/5/1 1084/5/1
f 1086/5/1 1077/5/1 1085/5/1
f 1087/5/1 1082/5/1 1081/5/1
f 1087/5/1 1081/5/1 1080/5/1
f 1088/5/1 1082/5/1 1087/5/1
f 1089/5/1 1082/5/1 1088/5/1
f 1092/5/1 1085/5/1 1084/5/1
f 1092/5/1 1084/5/1 1083/5/1
f 1093/5/1 1085/5/1 1092/5/1
f 1094/5/1 1085/5/1 1093/5/1
f 1095/5/1 1090/5/1 1089/5/1
f 1095/5/1 1089/5/1 1088/5/1
f 1096/5/1 1090/5/1 1095/5/1
f 1097/5/1 1090/5/1 1096/5/1
f 1098/5/1 1093/5/1 1092/5/1
f 1098/5/1 1092/5/1 1091/5/1
f 1099/5/1 1093/5/1 1098/5/1
f 1100/5/1 1093/5/1 1099/5/1
f 1101/5/1 1097/5/1 1096/5/1
f 1101/5/1 1099/5/1 1098/5/1
f 1101/5/1 1098/5/1 1097/5/1
f 1102/5/1 1099/5/1 1101/5/1
f 1103/5/1 1099/5/1 1102/5/1
f 1104/5/1 1099/5/1 1103/5/1
f 1105/5/1 1103/5/1 1102/5/1
f 1106/5/1 1103/5/1 1105/5/1
f 1107/5/1 1103/5/1 1106/5/1
f 1108/5/1 1103/5/1 1107/5/1
f 1109/5/1 1107/5/1 1106/5/1
f 1110/5/1 1107/5/1 1109/5/1
f 1111/5/1 1107/5/1 1110/5/1
f 1112/5/1 1107/5/1 1111/5/1
f 1113/5/1 1111/5/1 1110/5/1
f 1114/5/1 1111/5/1 1113/5/1
f 1119/5/1 1116/5/1 1115/5/1
f 1120/5/1 1116/5/1 1119/5/1
f 1121/5/1 1118/5/1 1117/5/1
f 1122/5/1 1118/5/1 1121/5/1
f 1127/5/1 1124/5/1 1123/5/1
f 1128/5/1 1124/5/1 1127/5/1
f 1129/5/1 1126/5/1 1125/5/1
f 1130/5/1 1126/5/1 1129/5/1
f 1133/5/1 1132/5/1 1131/5/1
f 1134/5/1 1132/5/1 1133/5/1
f 1135/5/1 1133/5/1 1131/5/1
f 1136/5/1 1133/5/1 1135/5/1
f 1137/5/1 1132/5/1 1134/5/1
f 1138/5/1 1132/5/1 1137/5/1
f 1143/5/1 1140/5/1 1139/5/1
f 1144/5/1 1140/5/1 1143/5/1
f 1145/5/1 1142/5/1 1141/5/1
f 1146/5/1 1142/5/1 1145/5/1
f 1149/5/1 1148/5/1 1147/5/1
f 1150/5/1 1148/5/1 1149/5/1
f 1153/12/1 1152/12/1 1151/12/1
f 1154/12/1 1152/12/1 1153/12/1
f 1157/5/1 1156/5/1 1155/5/1
f 1158/5/1 1156/5/1 1157/5/1
f 1161/3/1 1160/3/1 1159/3/1
f 1162/3/1 1160/3/1 1161/3/1
f 1165/5/1 1164/5/1 1163/5/1
f 1166/5/1 1164/5/1 1165/5/1
f 1169/3/1 1168/3/1 1167/3/1
f 1170/3/1 1168/3/1 1169/3/1
f 1173/5/1 1172/5/1 1171/5/1
f 1174/5/1 1172/5/1 1173/5/1
f 1177/11/1 1176/11/1 1175/11/1
f 1178/11/1 1176/11/1 1177/11/1
f 1181/5/1 1180/5/1 1179/5/1
f 1182/5/1 1180/5/1 1181/5/1
f 1185/3/1 1184/3/1 1183/3/1
f 1186/3/1 1184/3/1 1185/3/1
f 1189/5/1 1188/5/1 1187/5/1
f 1190/5/1 1188/5/1 1189/5/1
f 1193/11/1 1192/11/1 1191/11/1
f 1194/11/1 1192/11/1 1193/11/1
f 1197/5/1 1196/5/1 1195/5/1
f 1198/5/1 1196/5/1 1197/5/1
f 1201/6/1 1200/6/1 1199/6/1
f 1202/6/1 1200/6/1 1201/6/1
f 1205/11/1 1204/11/1 1203/11/1
f 1206/11/1 1204/11/1 1205/11/1
f 1207/3/1 1206/3/1 1205/3/1
f 1208/3/1 1206/3/1 1207/3/1
f 1211/3/1 1210/3/1 1209/3/1
f 1212/3/1 1210/3/1 1211/3/1
f 1215/12/1 1214/12/1 1213/12/1
f 1216/12/1 1214/12/1 1215/12/1
f 1219/10/1 1218/10/1 1217/10/1
f 1220/10/1 1218/10/1 1219/10/1
f 1221/11/1 1220/11/1 1219/11/1
f 1222/11/1 1220/11/1 1221/11/1
f 1225/5/1 1224/5/1 1223/5/1
f 1226/5/1 1224/5/1 1225/5/1
f 1229/11/1 1228/11/1 1227/11/1
f 1230/11/1 1228/11/1 1229/11/1
f 1231/3/1 1230/3/1 1229/3/1
f 1232/3/1 1230/3/1 1231/3/1
f 1235/12/1 1234/12/1 1233/12/1
f 1236/12/1 1234/12/1 1235/12/1
f 1237/3/1 1236/3/1 1235/3/1
f 1238/3/1 1236/3/1 1237/3/1
f 1241/14/1 1240/14/1 1239/14/1
f 1242/14/1 1240/14/1 1241/14/1
f 1245/10/1 1244/10/1 1243/10/1
f 1246/10/1 1244/10/1 1245/10/1
f 1247/11/1 1246/11/1 1245/11/1
f 1248/11/1 1246/11/1 1247/11/1
f 1251/16/1 1250/16/1 1249/16/1
f 1252/16/1 1250/16/1 1251/16/1
f 1255/16/1 1254/16/1 1253/16/1
f 1256/16/1 1254/16/1 1255/16/1
f 1259/16/1 1258/16/1 1257/16/1
f 1261/16/1 1259/16/1 1257/16/1
f 1262/6/1 1260/6/1 1259/6/1
f 1262/16/1 1259/16/1 1261/16/1
f 1263/6/1 1260/6/1 1262/6/1
f 1266/16/1 1265/16/1 1264/16/1
f 1267/16/1 1265/16/1 1266/16/1
f 1270/6/1 1269/6/1 1268/6/1
f 1271/6/1 1269/6/1 1270/6/1
f 1274/16/1 1273/16/1 1272/16/1
f 1275/16/1 1273/16/1 1274/16/1
f 1276/6/1 1275/6/1 1274/6/1
f 1277/6/1 1275/6/1 1276/6/1
f 1280/6/1 1279/6/1 1278/6/1
f 1281/6/1 1279/6/1 1280/6/1
f 1282/16/1 1281/16/1 1280/16/1
f 1283/16/1 1281/16/1 1282/16/1
f 1284/6/1 1283/6/1 1282/6/1
f 1285/6/1 1283/6/1 1284/6/1
f 1286/16/1 1285/16/1 1284/16/1
f 1287/16/1 1285/16/1 1286/16/1
f 1290/6/1 1289/6/1 1288/6/1
f 1291/6/1 1289/6/1 1290/6/1
f 1294/16/1 1293/16/1 1292/16/1
f 1295/16/1 1293/16/1 1294/16/1
f 1298/16/1 1297/16/1 1296/16/1
f 1299/16/1 1297/16/1 1298/16/1
f 1302/16/1 1301/16/1 1300/16/1
f 1303/16/1 1301/16/1 1302/16/1
f 1306/16/1 1305/16/1 1304/16/1
f 1307/16/1 1305/16/1 1306/16/1
f 1310/16/1 1309/16/1 1308/16/1
f 1311/16/1 1309/16/1 1310/16/1
f 1314/16/1 1313/16/1 1312/16/1
f 1315/16/1 1313/16/1 1314/16/1
f 1318/16/1 1317/16/1 1316/16/1
f 1319/16/1 1317/16/1 1318/16/1
f 1322/16/1 1321/16/1 1320/16/1
f 1323/16/1 1321/16/1 1322/16/1
f 1326/16/1 1325/16/1 1324/16/1
f 1327/16/1 1325/16/1 1326/16/1
f 1330/16/1 1329/16/1 1328/16/1
f 1331/16/1 1329/16/1 1330/16/1
f 1334/16/1 1333/16/1 1332/16/1
f 1335/16/1 1333/16/1 1334/16/1
f 1338/16/1 1337/16/1 1336/16/1
f 1339/16/1 1337/16/1 1338/16/1
f 1342/16/1 1341/16/1 1340/16/1
f 1343/16/1 1341/16/1 1342/16/1
f 1344/16/2 1345/16/2 1346/16/2
f 1346/16/2 1345/16/2 1347/16/2
f 1347/16/2 1345/16/2 1348/16/2
f 1348/16/2 1345/16/2 1349/16/2
f 1349/16/2 1345/16/2 1350/16/2
f 1344/16/2 1346/16/2 1353/16/2
f 1346/15/2 1347/15/2 1354/15/2
f 1353/16/2 1346/16/2 1354/16/2
f 1347/5/2 1348/5/2 1355/5/2
f 1354/15/2 1347/15/2 1355/15/2
f 1355/5/2 1348/5/2 1356/5/2
f 1356/5/2 1348/5/2 1357/5/2
f 1348/15/2 1349/15/2 1358/15/2
f 1357/5/2 1348/5/2 1358/5/2
f 1350/16/2 1351/16/2 1359/16/2
f 1358/15/2 1349/15/2 1359/15/2
f 1349/16/2 1350/16/2 1359/16/2
f 1359/16/2 1351/16/2 1360/16/2
f 1352/16/2 1353/16/2 1362/16/2
f 1362/16/2 1353/16/2 1363/16/2
f 1356/5/2 1357/5/2 1364/5/2
f 1364/5/2 1357/5/2 1365/5/2
f 1365/5/2 1357/5/2 1366/5/2
f 1366/5/2 1357/5/2 1367/5/2
f 1360/16/2 1351/16/2 1368/16/2
f 1368/16/2 1351/16/2 1369/16/2
f 1361/16/2 1362/16/2 1371/16/2
f 1371/16/2 1362/16/2 1372/16/2
f 1369/16/2 1370/16/2 1375/16/2
f 1375/16/2 1370/16/2 1376/16/2
f 1372/16/2 1373/16/2 1377/16/2
f 1377/16/2 1373/16/2 1378/16/2
f 1374/16/2 1375/16/2 1381/16/2
f 1381/16/2 1375/16/2 1382/16/2
f 1378/16/2 1379/16/2 1383/16/2
f 1383/16/2 1379/16/2 1384/16/2
f 1380/16/2 1381/16/2 1387/16/2
f 1387/16/2 1381/16/2 1388/16/2
f 1384/16/2 1385/16/2 1389/16/2
f 1389/16/2 1385/16/2 1390/16/2
f 1386/16/2 1387/16/2 1391/16/2
f 1391/16/2 1387/16/2 1392/16/2
f 1390/16/2 1385/16/2 1393/16/2
f 1393/16/2 1385/16/2 1394/16/2
f 1386/16/2 1391/16/2 1397/16/2
f 1397/16/2 1391/16/2 1398/16/2
f 1394/16/2 1395/16/2 1399/16/2
f 1399/16/2 1395/16/2 1400/16/2
f 1396/16/2 1397/16/2 1403/16/2
f 1403/16/2 1397/16/2 1404/16/2
f 1400/16/2 1401/16/2 1405/16/2
f 1405/16/2 1401/16/2 1406/16/2
f 1402/16/2 1403/16/2 1407/16/2
f 1407/16/2 1403/16/2 1408/16/2
f 1406/16/2 1407/16/2 1409/16/2
f 1409/16/2 1407/16/2 1410/16/2
f 1411/16/2 1412/16/2 1415/16/2
f 1415/16/2 1412/16/2 1416/16/2
f 1413/16/2 1414/16/2 1417/16/2
f 1417/16/2 1414/16/2 1418/16/2
f 1419/16/2 1420/16/2 1423/16/2
f 1421/16/2 1422/16/2 1424/16/2
f 1419/16/2 1423/16/2 1426/16/2
f 1426/16/2 1423/16/2 1427/16/2
f 1424/16/2 1422/16/2 1428/16/2
f 1428/16/2 1422/16/2 1429/16/2
f 1425/16/2 1426/16/2 1431/16/2
f 1431/16/2 1426/16/2 1432/16/2
f 1429/16/2 1430/16/2 1435/16/2
f 1435/16/2 1430/16/2 1436/16/2
f 1432/16/2 1433/16/2 1437/16/2
f 1437/16/2 1433/16/2 1438/16/2
f 1434/16/2 1435/16/2 1441/16/2
f 1441/16/2 1435/16/2 1442/16/2
f 1438/16/2 1439/16/2 1443/16/2
f 1443/16/2 1439/16/2 1444/16/2
f 1440/16/2 1441/16/2 1447/16/2
f 1447/16/2 1441/16/2 1448/16/2
f 1444/16/2 1445/16/2 1449/16/2
f 1449/16/2 1445/16/2 1450/16/2
f 1446/16/2 1447/16/2 1451/16/2
f 1451/16/2 1447/16/2 1452/16/2
f 1450/16/2 1445/16/2 1453/16/2
f 1453/16/2 1445/16/2 1454/16/2
f 1446/16/2 1451/16/2 1457/16/2
f 1457/16/2 1451/16/2 1458/16/2
f 1454/16/2 1455/16/2 1459/16/2
f 1459/16/2 1455/16/2 1460/16/2
f 1456/16/2 1457/16/2 1463/16/2
f 1463/16/2 1457/16/2 1464/16/2
f 1460/16/2 1461/16/2 1465/16/2
f 1465/16/2 1461/16/2 1466/16/2
f 1462/16/2 1463/16/2 1467/16/2
f 1467/16/2 1463/16/2 1468/16/2
f 1466/16/2 1467/16/2 1469/16/2
f 1469/16/2 1467/16/2 1470/16/2
f 1471/16/2 1472/16/2 1475/16/2
f 1475/16/2 1472/16/2 1476/16/2
f 1473/16/2 1474/16/2 1477/16/2
f 1477/16/2 1474/16/2 1478/16/2
f 1479/16/2 1480/16/2 1483/16/2
f 1483/16/2 1480/16/2 1484/16/2
f 1481/16/2 1482/16/2 1485/16/2
f 1485/16/2 1482/16/2 1486/16/2
f 1487/16/2 1488/16/2 1489/16/2
f 1489/16/2 1488/16/2 1490/16/2
f 1491/16/2 1492/16/2 1495/16/2
f 1495/16/2 1492/16/2 1496/16/2
f 1493/16/2 1494/16/2 1497/16/2
f 1497/16/2 1494/16/2 1498/16/2
f 1499/16/2 1500/16/2 1503/16/2
f 1503/16/2 1500/16/2 1504/16/2
f 1501/16/2 1502/16/2 1505/16/2
f 1505/16/2 1502/16/2 1506/16/2
f 1507/16/2 1508/16/2 1511/16/2
f 1511/16/2 1508/16/2 1512/16/2
f 1509/16/2 1510/16/2 1513/16/2
f 1513/16/2 1510/16/2 1514/16/2
f 1515/16/2 1516/16/2 1519/16/2
f 1519/16/2 1516/16/2 1520/16/2
f 1517/16/2 1518/16/2 1521/16/2
f 1521/16/2 1518/16/2 1522/16/2
f 1523/5/2 1524/5/2 1527/5/2
f 1527/5/2 1524/5/2 1528/5/2
f 1525/5/2 1526/5/2 1529/5/2
f 1529/5/2 1526/5/2 1530/5/2
f 1531/16/2 1532/16/2 1535/16/2
f 1535/16/2 1532/16/2 1536/16/2
f 1533/16/2 1534/16/2 1537/16/2
f 1537/16/2 1534/16/2 1538/16/2
f 1539/16/2 1540/16/2 1543/16/2
f 1543/16/2 1540/16/2 1544/16/2
f 1541/16/2 1542/16/2 1547/16/2
f 1547/16/2 1542/16/2 1548/16/2
f 1544/5/2 1545/5/2 1550/5/2
f 1550/5/2 1545/5/2 1551/5/2
f 1546/5/2 1547/5/2 1552/5/2
f 1552/5/2 1547/5/2 1553/5/2
f 1549/16/2 1550/16/2 1555/16/2
f 1555/16/2 1550/16/2 1556/16/2
f 1553/16/2 1554/16/2 1559/16/2
f 1559/16/2 1554/16/2 1560/16/2
f 1556/5/2 1557/5/2 1561/5/2
f 1558/5/2 1559/5/2 1564/5/2
f 1561/5/2 1562/5/2 1565/5/2
f 1556/5/2 1561/5/2 1565/5/2
f 1565/5/2 1562/5/2 1566/5/2
f 1563/5/2 1564/5/2 1567/5/2
f 1564/5/2 1559/5/2 1568/5/2
f 1567/5/2 1564/5/2 1568/5/2
f 1569/5/2 1570/5/2 1573/5/2
f 1573/5/2 1570/5/2 1574/5/2
f 1571/5/2 1572/5/2 1577/5/2
f 1577/5/2 1572/5/2 1578/5/2
f 1574/5/2 1575/5/2 1579/5/2
f 1579/5/2 1575/5/2 1580/5/2
f 1576/5/2 1577/5/2 1581/5/2
f 1581/5/2 1577/5/2 1582/5/2
f 1583/16/2 1584/16/2 1587/16/2
f 1587/16/2 1584/16/2 1588/16/2
f 1585/16/2 1586/16/2 1591/16/2
f 1591/16/2 1586/16/2 1592/16/2
f 1588/5/2 1589/5/2 1593/5/2
f 1593/5/2 1589/5/2 1594/5/2
f 1590/5/2 1591/5/2 1595/5/2
f 1595/5/2 1591/5/2 1596/5/2
f 1597/5/2 1598/5/2 1601/5/2
f 1601/5/2 1598/5/2 1602/5/2
f 1599/5/2 1600/5/2 1605/5/2
f 1605/5/2 1600/5/2 1606/5/2
f 1602/5/2 1603/5/2 1608/5/2
f 1608/5/2 1603/5/2 1609/5/2
f 1604/5/2 1605/5/2 1610/5/2
f 1610/5/2 1605/5/2 1611/5/2
f 1607/5/2 1608/5/2 1613/5/2
f 1611/5/2 1612/5/2 1616/5/2
f 1613/5/2 1614/5/2 1617/5/2
f 1607/5/2 1613/5/2 1617/5/2
f 1617/5/2 1614/5/2 1618/5/2
f 1615/5/2 1616/5/2 1619/5/2
f 1616/5/2 1612/5/2 1619/5/2
f 1619/5/2 1612/5/2 1620/5/2
f 1618/5/2 1614/5/2 1621/5/2
f 1621/5/2 1622/5/2 1623/5/2
f 1615/5/2 1619/5/2 1624/5/2
f 1621/5/2 1623/5/2 1625/5/2
f 1623/5/2 1624/5/2 1625/5/2
f 1618/5/2 1621/5/2 1625/5/2
f 1625/5/2 1624/5/2 1626/5/2
f 1624/5/2 1619/5/2 1627/5/2
f 1626/5/2 1624/5/2 1627/5/2
f 1627/5/2 1619/5/2 1628/5/2
f 1626/5/2 1627/5/2 1630/5/2
f 1630/5/2 1627/5/2 1631/5/2
f 1630/5/2 1631/5/2 1633/5/2
f 1631/5/2 1632/5/2 1633/5/2
f 1629/5/2 1630/5/2 1633/5/2
f 1633/5/2 1632/5/2 1634/5/2
f 1634/5/2 1632/5/2 1635/5/2
f 1635/5/2 1632/5/2 1636/5/2
f 1634/5/2 1635/5/2 1637/5/2
f 1637/5/2 1635/5/2 1638/5/2
f 1638/5/2 1635/5/2 1639/5/2
f 1639/5/2 1635/5/2 1640/5/2
f 1638/5/2 1639/5/2 1641/5/2
f 1641/5/2 1639/5/2 1642/5/2
f 1643/16/2 1644/16/2 1647/16/2
f 1647/16/2 1644/16/2 1648/16/2
f 1648/16/2 1644/16/2 1649/16/2
f 1645/16/2 1646/16/2 1650/16/2
f 1650/16/2 1646/16/2 1651/16/2
f 1651/16/2 1646/16/2 1652/16/2
f 1648/5/2 1649/5/2 1654/5/2
f 1650/5/2 1651/5/2 1654/5/2
f 1649/5/2 1650/5/2 1654/5/2
f 1654/5/2 1651/5/2 1655/5/2
f 1653/5/2 1654/5/2 1657/5/2
f 1655/5/2 1656/5/2 1657/5/2
f 1654/5/2 1655/5/2 1657/5/2
f 1657/5/2 1656/5/2 1658/5/2
f 1658/5/2 1656/5/2 1659/5/2
f 1659/5/2 1656/5/2 1660/5/2
f 1658/5/2 1659/5/2 1661/5/2
f 1661/5/2 1659/5/2 1662/5/2
f 1662/5/2 1659/5/2 1663/5/2
f 1663/5/2 1659/5/2 1664/5/2
f 1662/5/2 1663/5/2 1666/5/2
f 1666/5/2 1663/5/2 1667/5/2
f 1665/5/2 1666/5/2 1669/5/2
f 1667/5/2 1668/5/2 1669/5/2
f 1666/5/2 1667/5/2 1669/5/2
f 1669/5/2 1668/5/2 1670/5/2
f 1670/5/2 1668/5/2 1671/5/2
f 1671/5/2 1668/5/2 1672/5/2
f 1670/5/2 1671/5/2 1673/5/2
f 1673/5/2 1671/5/2 1674/5/2
f 1674/5/2 1671/5/2 1675/5/2
f 1675/5/2 1671/5/2 1676/5/2
f 1677/16/2 1678/16/2 1679/16/2
f 1679/16/2 1678/16/2 1680/16/2
f 1681/16/2 1682/16/2 1684/16/2
f 1684/16/2 1682/16/2 1685/16/2
f 1683/16/2 1684/16/2 1687/16/2
f 1685/16/2 1686/16/2 1687/16/2
f 1684/16/2 1685/16/2 1687/16/2
f 1687/16/2 1686/16/2 1688/16/2
f 1689/16/2 1690/16/2 1691/16/2
f 1691/16/2 1690/16/2 1692/16/2
f 1693/16/2 1694/16/2 1697/16/2
f 1697/16/2 1694/16/2 1698/16/2
f 1695/16/2 1696/16/2 1699/16/2
f 1699/16/2 1696/16/2 1700/16/2
f 1701/16/2 1702/16/2 1705/16/2
f 1703/16/2 1704/16/2 1706/16/2
f 1701/16/2 1705/16/2 1708/16/2
f 1708/16/2 1705/16/2 1709/16/2
f 1706/16/2 1704/16/2 1710/16/2
f 1710/16/2 1704/16/2 1711/16/2
f 1707/16/2 1708/16/2 1713/16/2
f 1713/16/2 1708/16/2 1714/16/2
f 1711/16/2 1712/16/2 1717/16/2
f 1717/16/2 1712/16/2 1718/16/2
f 1714/16/2 1715/16/2 1719/16/2
f 1719/16/2 1715/16/2 1720/16/2
f 1716/16/2 1717/16/2 1723/16/2
f 1723/16/2 1717/16/2 1724/16/2
f 1720/16/2 1721/16/2 1725/16/2
f 1725/16/2 1721/16/2 1726/16/2
f 1722/16/2 1723/16/2 1729/16/2
f 1729/16/2 1723/16/2 1730/16/2
f 1726/16/2 1727/16/2 1731/16/2
f 1731/16/2 1727/16/2 1732/16/2
f 1728/16/2 1729/16/2 1733/16/2
f 1733/16/2 1729/16/2 1734/16/2
f 1732/16/2 1727/16/2 1735/16/2
f 1735/16/2 1727/16/2 1736/16/2
f 1728/16/2 1733/16/2 1739/16/2
f 1739/16/2 1733/16/2 1740/16/2
f 1736/16/2 1737/16/2 1741/16/2
f 1741/16/2 1737/16/2 1742/16/2
f 1738/16/2 1739/16/2 1745/16/2
f 1745/16/2 1739/16/2 1746/16/2
f 1742/16/2 1743/16/2 1747/16/2
f 1747/16/2 1743/16/2 1748/16/2
f 1744/16/2 1745/16/2 1749/16/2
f 1749/16/2 1745/16/2 1750/16/2
f 1748/16/2 1749/16/2 1751/16/2
f 1751/16/2 1749/16/2 1752/16/2
f 1753/5/2 1754/5/2 1755/5/2
f 1755/5/2 1754/5/2 1756/5/2
f 1757/2/2 1758/2/2 1761/2/2
f 1761/2/2 1758/2/2 1762/2/2
f 1759/2/2 1760/2/2 1763/2/2
f 1763/2/2 1760/2/2 1764/2/2
f 1765/2/2 1766/2/2 1769/2/2
f 1769/2/2 1766/2/2 1770/2/2
f 1767/2/2 1768/2/2 1771/2/2
f 1771/2/2 1768/2/2 1772/2/2
f 1773/3/2 1774/3/2 1776/3/2
f 1776/3/2 1774/3/2 1777/3/2
f 1775/3/2 1776/3/2 1779/3/2
f 1779/3/2 1776/3/2 1780/3/2
f 1777/3/2 1778/3/2 1781/3/2
f 1781/3/2 1778/3/2 1782/3/2
f 1780/3/2 1781/3/2 1783/3/2
f 1783/3/2 1781/3/2 1784/3/2
f 1785/4/2 1786/4/2 1789/4/2
f 1789/4/2 1786/4/2 1790/4/2
f 1787/4/2 1788/4/2 1791/4/2
f 1791/4/2 1788/4/2 1792/4/2
f 1789/13/2 1790/13/2 1793/13/2
f 1793/13/2 1790/13/2 1794/13/2
f 1791/13/2 1792/13/2 1797/13/2
f 1797/13/2 1792/13/2 1798/13/2
f 1795/4/2 1796/4/2 1800/4/2
f 1793/4/2 1794/4/2 1800/4/2
f 1797/4/2 1798/4/2 1800/4/2
f 1796/4/2 1797/4/2 1800/4/2
f 1794/4/2 1795/4/2 1800/4/2
f 1800/4/2 1798/4/2 1801/4/2
f 1801/4/2 1798/4/2 1802/4/2
f 1802/4/2 1798/4/2 1803/4/2
f 1799/17/2 1800/17/2 1805/17/2
f 1800/17/2 1801/17/2 1805/17/2
f 1805/17/2 1801/17/2 1806/17/2
f 1802/17/2 1803/17/2 1807/17/2
f 1803/17/2 1804/17/2 1807/17/2
f 1807/17/2 1804/17/2 1808/17/2
f 1809/5/2 1810/5/2 1816/5/2
f 1811/5/2 1812/5/2 1817/5/2
f 1813/5/2 1814/5/2 1822/5/2
f 1822/5/2 1814/5/2 1823/5/2
f 1815/5/2 1816/5/2 1824/5/2
f 1817/5/2 1818/5/2 1825/5/2
f 1819/5/2 1820/5/2 1826/5/2
f 1826/5/2 1820/5/2 1827/5/2
f 1822/5/2 1823/5/2 1830/5/2
f 1823/5/2 1824/5/2 1830/5/2
f 1821/5/2 1822/5/2 1830/5/2
f 1827/5/2 1828/5/2 1831/5/2
f 1826/5/2 1827/5/2 1831/5/2
f 1825/5/2 1826/5/2 1831/5/2
f 1829/5/2 1830/5/2 1834/5/2
f 1831/5/2 1832/5/2 1835/5/2
f 1833/5/2 1834/5/2 1838/5/2
f 1835/5/2 1836/5/2 1839/5/2
f 1837/5/2 1838/5/2 1842/5/2
f 1816/5/2 1810/5/2 1843/5/2
f 1830/5/2 1824/5/2 1843/5/2
f 1842/5/2 1838/5/2 1843/5/2
f 1824/5/2 1816/5/2 1843/5/2
f 1834/5/2 1830/5/2 1843/5/2
f 1838/5/2 1834/5/2 1843/5/2
f 1843/5/2 1810/5/2 1844/5/2
f 1817/5/2 1825/5/2 1845/5/2
f 1839/5/2 1840/5/2 1845/5/2
f 1811/5/2 1817/5/2 1845/5/2
f 1831/5/2 1835/5/2 1845/5/2
f 1835/5/2 1839/5/2 1845/5/2
f 1825/5/2 1831/5/2 1845/5/2
f 1845/5/2 1840/5/2 1846/5/2
f 1846/5/2 1840/5/2 1847/5/2
f 1842/5/2 1843/5/2 1849/5/2
f 1841/5/2 1842/5/2 1849/5/2
f 1843/16/2 1844/16/2 1850/16/2
f 1849/5/2 1843/5/2 1850/5/2
f 1847/5/2 1848/5/2 1851/5/2
f 1846/5/2 1847/5/2 1851/5/2
f 1845/16/2 1846/16/2 1851/16/2
f 1851/5/2 1848/5/2 1852/5/2
f 1841/5/2 1849/5/2 1853/5/2
f 1849/16/2 1850/16/2 1854/16/2
f 1853/5/2 1849/5/2 1854/5/2
f 1852/5/2 1848/5/2 1855/5/2
f 1851/16/2 1852/16/2 1855/16/2
f 1855/5/2 1848/5/2 1856/5/2
f 1841/5/2 1853/5/2 1858/5/2
f 1858/5/2 1853/5/2 1859/5/2
f 1853/16/2 1854/16/2 1860/16/2
f 1859/5/2 1853/5/2 1860/5/2
f 1854/16/2 1850/16/2 1861/16/2
f 1860/16/2 1854/16/2 1861/16/2
f 1850/16/2 1844/16/2 1862/16/2
f 1861/16/2 1850/16/2 1862/16/2
f 1845/16/2 1851/16/2 1863/16/2
f 1851/16/2 1855/16/2 1863/16/2
f 1855/16/2 1856/16/2 1863/16/2
f 1863/16/2 1856/16/2 1864/16/2
f 1856/5/2 1848/5/2 1865/5/2
f 1864/16/2 1856/16/2 1865/16/2
f 1865/5/2 1848/5/2 1866/5/2
f 1866/5/2 1848/5/2 1867/5/2
f 1858/5/2 1859/5/2 1870/5/2
f 1857/5/2 1858/5/2 1870/5/2
f 1870/5/2 1859/5/2 1871/5/2
f 1859/16/2 1860/16/2 1872/16/2
f 1871/5/2 1859/5/2 1872/5/2
f 1860/16/2 1861/16/2 1872/16/2
f 1872/16/2 1861/16/2 1873/16/2
f 1861/5/2 1862/5/2 1874/5/2
f 1873/16/2 1861/16/2 1874/16/2
f 1863/5/2 1864/5/2 1875/5/2
f 1864/16/2 1865/16/2 1875/16/2
f 1865/16/2 1866/16/2 1875/16/2
f 1875/16/2 1866/16/2 1876/16/2
f 1867/5/2 1868/5/2 1877/5/2
f 1876/16/2 1866/16/2 1877/16/2
f 1866/5/2 1867/5/2 1877/5/2
f 1877/5/2 1868/5/2 1878/5/2
f 1878/5/2 1868/5/2 1879/5/2
f 1870/5/2 1871/5/2 1882/5/2
f 1869/5/2 1870/5/2 1882/5/2
f 1882/5/2 1871/5/2 1883/5/2
f 1872/16/2 1873/16/2 1884/16/2
f 1883/5/2 1871/5/2 1884/5/2
f 1871/16/2 1872/16/2 1884/16/2
f 1884/16/2 1873/16/2 1885/16/2
f 1873/5/2 1874/5/2 1886/5/2
f 1885/16/2 1873/16/2 1886/16/2
f 1875/5/2 1876/5/2 1887/5/2
f 1876/16/2 1877/16/2 1887/16/2
f 1877/16/2 1878/16/2 1887/16/2
f 1887/16/2 1878/16/2 1888/16/2
f 1879/5/2 1880/5/2 1889/5/2
f 1888/16/2 1878/16/2 1889/16/2
f 1878/5/2 1879/5/2 1889/5/2
f 1889/5/2 1880/5/2 1890/5/2
f 1890/5/2 1880/5/2 1891/5/2
f 1882/5/2 1883/5/2 1894/5/2
f 1881/5/2 1882/5/2 1894/5/2
f 1894/5/2 1883/5/2 1895/5/2
f 1884/16/2 1885/16/2 1896/16/2
f 1895/5/2 1883/5/2 1896/5/2
f 1883/16/2 1884/16/2 1896/16/2
f 1896/16/2 1885/16/2 1897/16/2
f 1885/5/2 1886/5/2 1898/5/2
f 1897/16/2 1885/16/2 1898/16/2
f 1887/5/2 1888/5/2 1899/5/2
f 1888/16/2 1889/16/2 1899/16/2
f 1889/16/2 1890/16/2 1899/16/2
f 1899/16/2 1890/16/2 1900/16/2
f 1891/5/2 1892/5/2 1901/5/2
f 1900/16/2 1890/16/2 1901/16/2
f 1890/5/2 1891/5/2 1901/5/2
f 1901/5/2 1892/5/2 1902/5/2
f 1902/5/2 1892/5/2 1903/5/2
f 1894/5/2 1895/5/2 1905/5/2
f 1893/5/2 1894/5/2 1905/5/2
f 1896/16/2 1897/16/2 1906/16/2
f 1905/5/2 1895/5/2 1906/5/2
f 1895/16/2 1896/16/2 1906/16/2
f 1906/16/2 1897/16/2 1907/16/2
f 1897/5/2 1898/5/2 1908/5/2
f 1907/16/2 1897/16/2 1908/16/2
f 1899/5/2 1900/5/2 1909/5/2
f 1901/16/2 1902/16/2 1909/16/2
f 1900/16/2 1901/16/2 1909/16/2
f 1909/16/2 1902/16/2 1910/16/2
f 1903/5/2 1904/5/2 1911/5/2
f 1910/16/2 1902/16/2 1911/16/2
f 1902/5/2 1903/5/2 1911/5/2
f 1911/5/2 1904/5/2 1912/5/2
f 1893/5/2 1905/5/2 1913/5/2
f 1906/16/2 1907/16/2 1913/16/2
f 1905/16/2 1906/16/2 1913/16/2
f 1913/16/2 1907/16/2 1914/16/2
f 1914/16/2 1907/16/2 1915/16/2
f 1907/5/2 1908/5/2 1916/5/2
f 1915/16/2 1907/16/2 1916/16/2
f 1898/5/2 1886/5/2 1917/5/2
f 1916/5/2 1908/5/2 1917/5/2
f 1908/5/2 1898/5/2 1917/5/2
f 1886/5/2 1874/5/2 1917/5/2
f 1874/5/2 1862/5/2 1918/5/2
f 1917/5/2 1874/5/2 1918/5/2
f 1875/5/2 1887/5/2 1919/5/2
f 1863/5/2 1875/5/2 1919/5/2
f 1909/5/2 1910/5/2 1919/5/2
f 1887/5/2 1899/5/2 1919/5/2
f 1899/5/2 1909/5/2 1919/5/2
f 1919/5/2 1910/5/2 1920/5/2
f 1910/16/2 1911/16/2 1921/16/2
f 1920/5/2 1910/5/2 1921/5/2
f 1911/16/2 1912/16/2 1921/16/2
f 1921/16/2 1912/16/2 1922/16/2
f 1922/16/2 1912/16/2 1923/16/2
f 1912/5/2 1904/5/2 1924/5/2
f 1923/16/2 1912/16/2 1924/16/2
f 1913/5/2 1914/5/2 1926/5/2
f 1893/5/2 1913/5/2 1926/5/2
f 1926/5/2 1914/5/2 1927/5/2
f 1914/16/2 1915/16/2 1928/16/2
f 1927/5/2 1914/5/2 1928/5/2
f 1915/5/2 1916/5/2 1929/5/2
f 1928/16/2 1915/16/2 1929/16/2
f 1916/5/2 1917/5/2 1929/5/2
f 1921/5/2 1922/5/2 1930/5/2
f 1920/5/2 1921/5/2 1930/5/2
f 1922/16/2 1923/16/2 1930/16/2
f 1923/5/2 1924/5/2 1931/5/2
f 1930/16/2 1923/16/2 1931/16/2
f 1924/5/2 1904/5/2 1932/5/2
f 1931/5/2 1924/5/2 1932/5/2
f 1932/5/2 1904/5/2 1933/5/2
f 1925/5/2 1926/5/2 1935/5/2
f 1926/5/2 1927/5/2 1935/5/2
f 1927/16/2 1928/16/2 1936/16/2
f 1935/5/2 1927/5/2 1936/5/2
f 1928/5/2 1929/5/2 1937/5/2
f 1936/16/2 1928/16/2 1937/16/2
f 1929/5/2 1917/5/2 1938/5/2
f 1937/5/2 1929/5/2 1938/5/2
f 1938/5/2 1917/5/2 1939/5/2
f 1930/5/2 1931/5/2 1940/5/2
f 1920/5/2 1930/5/2 1940/5/2
f 1940/5/2 1931/5/2 1941/5/2
f 1931/16/2 1932/16/2 1942/16/2
f 1941/5/2 1931/5/2 1942/5/2
f 1933/5/2 1934/5/2 1943/5/2
f 1942/16/2 1932/16/2 1943/16/2
f 1932/5/2 1933/5/2 1943/5/2
f 1943/5/2 1934/5/2 1944/5/2
f 1925/5/2 1935/5/2 1946/5/2
f 1946/5/2 1935/5/2 1947/5/2
f 1936/16/2 1937/16/2 1948/16/2
f 1947/5/2 1935/5/2 1948/5/2
f 1935/16/2 1936/16/2 1948/16/2
f 1937/16/2 1938/16/2 1948/16/2
f 1948/16/2 1938/16/2 1949/16/2
f 1938/5/2 1939/5/2 1950/5/2
f 1949/16/2 1938/16/2 1950/16/2
f 1941/16/2 1942/16/2 1951/16/2
f 1940/5/2 1941/5/2 1951/5/2
f 1942/16/2 1943/16/2 1951/16/2
f 1943/16/2 1944/16/2 1951/16/2
f 1951/16/2 1944/16/2 1952/16/2
f 1944/5/2 1934/5/2 1953/5/2
f 1952/16/2 1944/16/2 1953/16/2
f 1953/5/2 1934/5/2 1954/5/2
f 1954/5/2 1934/5/2 1955/5/2
f 1948/16/2 1949/16/2 1957/16/2
f 1947/16/2 1948/16/2 1957/16/2
f 1949/5/2 1950/5/2 1958/5/2
f 1957/16/2 1949/16/2 1958/16/2
f 1951/5/2 1952/5/2 1959/5/2
f 1952/16/2 1953/16/2 1959/16/2
f 1953/16/2 1954/16/2 1959/16/2
f 1959/16/2 1954/16/2 1960/16/2
f 1947/16/2 1957/16/2 1961/16/2
f 1957/5/2 1958/5/2 1962/5/2
f 1961/16/2 1957/16/2 1962/16/2
f 1960/16/2 1954/16/2 1963/16/2
f 1959/5/2 1960/5/2 1963/5/2
f 1963/16/2 1954/16/2 1964/16/2
f 1947/16/2 1961/16/2 1965/16/2
f 1961/5/2 1962/5/2 1965/5/2
f 1962/5/2 1958/5/2 1966/5/2
f 1965/5/2 1962/5/2 1966/5/2
f 1963/5/2 1964/5/2 1967/5/2
f 1959/5/2 1963/5/2 1967/5/2
f 1964/16/2 1954/16/2 1968/16/2
f 1967/5/2 1964/5/2 1968/5/2
f 1946/5/2 1947/5/2 1969/5/2
f 1945/5/2 1946/5/2 1969/5/2
f 1947/16/2 1965/16/2 1970/16/2
f 1969/5/2 1947/5/2 1970/5/2
f 1965/16/2 1966/16/2 1970/16/2
f 1958/5/2 1950/5/2 1971/5/2
f 1950/5/2 1939/5/2 1971/5/2
f 1966/5/2 1958/5/2 1971/5/2
f 1971/5/2 1939/5/2 1972/5/2
f 1940/5/2 1951/5/2 1973/5/2
f 1959/5/2 1967/5/2 1973/5/2
f 1951/5/2 1959/5/2 1973/5/2
f 1973/5/2 1967/5/2 1974/5/2
f 1955/5/2 1956/5/2 1975/5/2
f 1968/16/2 1954/16/2 1975/16/2
f 1967/16/2 1968/16/2 1975/16/2
f 1954/5/2 1955/5/2 1975/5/2
f 1975/5/2 1956/5/2 1976/5/2
f 1970/16/2 1966/16/2 1977/16/2
f 1969/16/2 1970/16/2 1977/16/2
f 1966/5/2 1971/5/2 1978/5/2
f 1977/16/2 1966/16/2 1978/16/2
f 1978/5/2 1971/5/2 1979/5/2
f 1979/5/2 1971/5/2 1980/5/2
f 1974/5/2 1967/5/2 1981/5/2
f 1981/5/2 1967/5/2 1982/5/2
f 1975/16/2 1976/16/2 1983/16/2
f 1982/5/2 1967/5/2 1983/5/2
f 1967/16/2 1975/16/2 1983/16/2
f 1983/16/2 1976/16/2 1984/16/2
f 1945/5/2 1969/5/2 1986/5/2
f 1969/16/2 1977/16/2 1987/16/2
f 1977/5/2 1978/5/2 1988/5/2
f 1987/16/2 1977/16/2 1988/16/2
f 1978/5/2 1979/5/2 1988/5/2
f 1988/5/2 1979/5/2 1989/5/2
f 1989/5/2 1979/5/2 1990/5/2
f 1983/5/2 1984/5/2 1991/5/2
f 1982/5/2 1983/5/2 1991/5/2
f 1991/5/2 1984/5/2 1992/5/2
f 1984/16/2 1976/16/2 1993/16/2
f 1992/5/2 1984/5/2 1993/5/2
f 1993/16/2 1976/16/2 1994/16/2
f 1976/5/2 1956/5/2 1995/5/2
f 1988/5/2 1989/5/2 1997/5/2
f 1969/16/2 1987/16/2 1997/16/2
f 1987/5/2 1988/5/2 1997/5/2
f 1997/5/2 1989/5/2 1998/5/2
f 1993/5/2 1994/5/2 1999/5/2
f 1992/5/2 1993/5/2 1999/5/2
f 1994/16/2 1976/16/2 2000/16/2
f 1999/5/2 1994/5/2 2000/5/2
f 1998/5/2 1989/5/2 2001/5/2
f 1992/5/2 1999/5/2 2002/5/2
f 1985/5/2 1986/5/2 2003/5/2
f 1986/5/2 1969/5/2 2004/5/2
f 2003/5/2 1986/5/2 2004/5/2
f 1995/5/2 1996/5/2 2005/5/2
f 1976/5/2 1995/5/2 2005/5/2
f 2005/5/2 1996/5/2 2006/5/2
f 2004/5/2 1969/5/2 2007/5/2
f 1997/16/2 1998/16/2 2007/16/2
f 1969/16/2 1997/16/2 2007/16/2
f 1998/5/2 2001/5/2 2008/5/2
f 2007/16/2 1998/16/2 2008/16/2
f 2002/5/2 1999/5/2 2009/5/2
f 1999/16/2 2000/16/2 2009/16/2
f 1976/5/2 2005/5/2 2010/5/2
f 2009/16/2 2000/16/2 2010/16/2
f 2000/16/2 1976/16/2 2010/16/2
f 2007/5/2 2008/5/2 2011/5/2
f 2008/5/2 2001/5/2 2012/5/2
f 2011/5/2 2008/5/2 2012/5/2
f 2002/5/2 2009/5/2 2013/5/2
f 2009/5/2 2010/5/2 2013/5/2
f 2013/5/2 2010/5/2 2014/5/2
f 2012/5/2 2001/5/2 2015/5/2
f 2002/5/2 2013/5/2 2018/5/2
f 2015/5/2 2016/5/2 2019/5/2
f 2017/5/2 2018/5/2 2022/5/2
f 2019/5/2 2020/5/2 2023/5/2
f 2021/5/2 2022/5/2 2026/5/2
f 2004/5/2 2007/5/2 2027/5/2
f 2007/5/2 2011/5/2 2027/5/2
f 2027/5/2 2011/5/2 2028/5/2
f 2011/16/2 2012/16/2 2029/16/2
f 2028/5/2 2011/5/2 2029/5/2
f 2023/5/2 2024/5/2 2030/5/2
f 2029/16/2 2012/16/2 2030/16/2
f 2012/5/2 2015/5/2 2030/5/2
f 2015/5/2 2019/5/2 2030/5/2
f 2019/5/2 2023/5/2 2030/5/2
f 2030/5/2 2024/5/2 2031/5/2
f 2025/5/2 2026/5/2 2032/5/2
f 2026/5/2 2022/5/2 2032/5/2
f 2018/5/2 2013/5/2 2032/5/2
f 2022/5/2 2018/5/2 2032/5/2
f 2013/16/2 2014/16/2 2033/16/2
f 2032/5/2 2013/5/2 2033/5/2
f 2014/5/2 2010/5/2 2034/5/2
f 2033/16/2 2014/16/2 2034/16/2
f 2010/5/2 2005/5/2 2035/5/2
f 2034/5/2 2010/5/2 2035/5/2
f 2035/5/2 2005/5/2 2036/5/2
f 2028/5/2 2029/5/2 2037/5/2
f 2029/5/2 2030/5/2 2037/5/2
f 2037/5/2 2030/5/2 2038/5/2
f 2033/5/2 2034/5/2 2039/5/2
f 2034/5/2 2035/5/2 2039/5/2
f 2039/5/2 2035/5/2 2040/5/2
f 2031/5/2 2024/5/2 2041/5/2
f 2030/16/2 2031/16/2 2041/16/2
f 2041/5/2 2024/5/2 2042/5/2
f 2025/5/2 2032/5/2 2043/5/2
f 2032/16/2 2033/16/2 2044/16/2
f 2043/5/2 2032/5/2 2044/5/2
f 2038/5/2 2030/5/2 2045/5/2
f 2030/16/2 2041/16/2 2045/16/2
f 2041/16/2 2042/16/2 2045/16/2
f 2045/16/2 2042/16/2 2046/16/2
f 2042/5/2 2024/5/2 2047/5/2
f 2046/16/2 2042/16/2 2047/16/2
f 2047/5/2 2024/5/2 2048/5/2
f 2025/5/2 2043/5/2 2049/5/2
f 2043/16/2 2044/16/2 2050/16/2
f 2049/5/2 2043/5/2 2050/5/2
f 2044/16/2 2033/16/2 2051/16/2
f 2050/16/2 2044/16/2 2051/16/2
f 2033/5/2 2039/5/2 2052/5/2
f 2051/16/2 2033/16/2 2052/16/2
f 2045/5/2 2046/5/2 2053/5/2
f 2038/5/2 2045/5/2 2053/5/2
f 2053/5/2 2046/5/2 2054/5/2
f 2046/16/2 2047/16/2 2055/16/2
f 2054/5/2 2046/5/2 2055/5/2
f 2047/16/2 2048/16/2 2055/16/2
f 2055/16/2 2048/16/2 2056/16/2
f 2049/16/2 2050/16/2 2057/16/2
f 2050/16/2 2051/16/2 2057/16/2
f 2051/5/2 2052/5/2 2058/5/2
f 2057/16/2 2051/16/2 2058/16/2
f 2052/5/2 2039/5/2 2059/5/2
f 2058/5/2 2052/5/2 2059/5/2
f 2059/5/2 2039/5/2 2060/5/2
f 2055/5/2 2056/5/2 2061/5/2
f 2054/5/2 2055/5/2 2061/5/2
f 2061/5/2 2056/5/2 2062/5/2
f 2056/16/2 2048/16/2 2063/16/2
f 2062/5/2 2056/5/2 2063/5/2
f 2063/16/2 2048/16/2 2064/16/2
f 2048/5/2 2024/5/2 2065/5/2
f 2064/16/2 2048/16/2 2065/16/2
f 2065/5/2 2024/5/2 2066/5/2
f 2066/5/2 2024/5/2 2067/5/2
f 2067/5/2 2024/5/2 2068/5/2
f 2025/5/2 2049/5/2 2069/5/2
f 2069/5/2 2049/5/2 2070/5/2
f 2070/5/2 2049/5/2 2071/5/2
f 2049/16/2 2057/16/2 2072/16/2
f 2071/5/2 2049/5/2 2072/5/2
f 2072/16/2 2057/16/2 2073/16/2
f 2057/5/2 2058/5/2 2074/5/2
f 2073/16/2 2057/16/2 2074/16/2
f 2058/5/2 2059/5/2 2074/5/2
f 2074/5/2 2059/5/2 2075/5/2
f 2075/5/2 2059/5/2 2076/5/2
f 2063/5/2 2064/5/2 2077/5/2
f 2062/5/2 2063/5/2 2077/5/2
f 2077/5/2 2064/5/2 2078/5/2
f 2064/16/2 2065/16/2 2079/16/2
f 2065/16/2 2066/16/2 2079/16/2
f 2066/5/2 2067/5/2 2080/5/2
f 2079/16/2 2066/16/2 2080/16/2
f 2067/16/2 2068/16/2 2081/16/2
f 2080/5/2 2067/5/2 2081/5/2
f 2070/5/2 2071/5/2 2082/5/2
f 2069/16/2 2070/16/2 2082/16/2
f 2072/16/2 2073/16/2 2083/16/2
f 2082/5/2 2071/5/2 2083/5/2
f 2071/16/2 2072/16/2 2083/16/2
f 2083/16/2 2073/16/2 2084/16/2
f 2074/5/2 2075/5/2 2085/5/2
f 2073/5/2 2074/5/2 2085/5/2
f 2085/5/2 2075/5/2 2086/5/2
f 2078/5/2 2064/5/2 2087/5/2
f 2087/5/2 2064/5/2 2088/5/2
f 2064/16/2 2079/16/2 2089/16/2
f 2088/5/2 2064/5/2 2089/5/2
f 2079/5/2 2080/5/2 2090/5/2
f 2089/16/2 2079/16/2 2090/16/2
f 2080/16/2 2081/16/2 2091/16/2
f 2090/5/2 2080/5/2 2091/5/2
f 2081/16/2 2068/16/2 2092/16/2
f 2091/16/2 2081/16/2 2092/16/2
f 2068/5/2 2024/5/2 2093/5/2
f 2092/16/2 2068/16/2 2093/16/2
f 2093/5/2 2024/5/2 2094/5/2
f 2025/5/2 2069/5/2 2095/5/2
f 2069/16/2 2082/16/2 2096/16/2
f 2095/5/2 2069/5/2 2096/5/2
f 2082/16/2 2083/16/2 2096/16/2
f 2096/16/2 2083/16/2 2097/16/2
f 2083/5/2 2084/5/2 2098/5/2
f 2097/16/2 2083/16/2 2098/16/2
f 2084/16/2 2073/16/2 2099/16/2
f 2098/5/2 2084/5/2 2099/5/2
f 2073/5/2 2085/5/2 2100/5/2
f 2099/16/2 2073/16/2 2100/16/2
f 2100/5/2 2085/5/2 2101/5/2
f 2101/5/2 2085/5/2 2102/5/2
f 2091/5/2 2092/5/2 2103/5/2
f 2090/5/2 2091/5/2 2103/5/2
f 2088/5/2 2089/5/2 2103/5/2
f 2093/16/2 2094/16/2 2103/16/2
f 2089/5/2 2090/5/2 2103/5/2
f 2092/16/2 2093/16/2 2103/16/2
f 2103/16/2 2094/16/2 2104/16/2
f 2096/16/2 2097/16/2 2105/16/2
f 2095/16/2 2096/16/2 2105/16/2
f 2097/5/2 2098/5/2 2106/5/2
f 2105/16/2 2097/16/2 2106/16/2
f 2100/5/2 2101/5/2 2106/5/2
f 2098/5/2 2099/5/2 2106/5/2
f 2099/5/2 2100/5/2 2106/5/2
f 2104/16/2 2094/16/2 2107/16/2
f 2103/5/2 2104/5/2 2107/5/2
f 2107/16/2 2094/16/2 2108/16/2
f 2095/16/2 2105/16/2 2109/16/2
f 2105/5/2 2106/5/2 2110/5/2
f 2109/16/2 2105/16/2 2110/16/2
f 2107/5/2 2108/5/2 2111/5/2
f 2088/5/2 2103/5/2 2111/5/2
f 2103/5/2 2107/5/2 2111/5/2
f 2111/5/2 2108/5/2 2112/5/2
f 2112/5/2 2108/5/2 2113/5/2
f 2109/5/2 2110/5/2 2114/5/2
f 2110/5/2 2106/5/2 2115/5/2
f 2106/5/2 2101/5/2 2115/5/2
f 2114/5/2 2110/5/2 2115/5/2
f 2115/5/2 2101/5/2 2116/5/2
f 2113/5/2 2114/5/2 2117/5/2
f 2112/5/2 2113/5/2 2117/5/2
f 2114/5/2 2115/5/2 2117/5/2
f 2117/5/2 2115/5/2 2118/5/2
f 2118/5/2 2115/5/2 2119/5/2
f 2119/5/2 2115/5/2 2120/5/2
f 2118/5/2 2119/5/2 2121/5/2
f 2121/5/2 2119/5/2 2122/5/2
f 2122/5/2 2119/5/2 2123/5/2
f 2123/5/2 2119/5/2 2124/5/2
f 2122/5/2 2123/5/2 2125/5/2
f 2125/5/2 2123/5/2 2126/5/2
f 2126/5/2 2123/5/2 2127/5/2
f 2127/5/2 2123/5/2 2128/5/2
f 2126/5/2 2127/5/2 2129/5/2
f 2129/5/2 2127/5/2 2130/5/2
f 2130/5/2 2127/5/2 2131/5/2
f 2131/5/2 2127/5/2 2132/5/2
f 2130/5/2 2131/5/2 2133/5/2
f 2133/5/2 2131/5/2 2134/5/2
f 2134/5/2 2131/5/2 2135/5/2
f 2135/5/2 2131/5/2 2136/5/2
f 2134/5/2 2135/5/2 2137/5/2
f 2137/5/2 2135/5/2 2138/5/2
f 2138/5/2 2135/5/2 2139/5/2
f 2139/5/2 2135/5/2 2140/5/2
f 2138/5/2 2139/5/2 2141/5/2
f 2141/5/2 2139/5/2 2142/5/2
f 2142/5/2 2139/5/2 2143/5/2
f 2143/5/2 2139/5/2 2144/5/2
f 2142/5/2 2143/5/2 2145/5/2
f 2145/5/2 2143/5/2 2146/5/2
f 2147/5/2 2148/5/2 2151/5/2
f 2151/5/2 2148/5/2 2152/5/2
f 2149/5/2 2150/5/2 2153/5/2
f 2153/5/2 2150/5/2 2154/5/2
f 2155/15/2 2156/15/2 2160/15/2
f 2157/15/2 2158/15/2 2161/15/2
f 2159/15/2 2160/15/2 2164/15/2
f 2161/15/2 2162/15/2 2165/15/2
f 2163/15/2 2164/15/2 2167/15/2
f 2164/15/2 2160/15/2 2168/15/2
f 2167/15/2 2164/15/2 2168/15/2
f 2165/15/2 2166/15/2 2169/15/2
f 2161/15/2 2165/15/2 2169/15/2
f 2169/15/2 2166/15/2 2170/15/2
f 2168/15/2 2160/15/2 2171/15/2
f 2167/14/2 2168/14/2 2171/14/2
f 2160/15/2 2156/15/2 2172/15/2
f 2171/15/2 2160/15/2 2172/15/2
f 2157/15/2 2161/15/2 2173/15/2
f 2161/15/2 2169/15/2 2173/15/2
f 2169/14/2 2170/14/2 2174/14/2
f 2173/15/2 2169/15/2 2174/15/2
f 2172/15/2 2156/15/2 2175/15/2
f 2171/14/2 2172/14/2 2175/14/2
f 2175/15/2 2156/15/2 2176/15/2
f 2157/15/2 2173/15/2 2177/15/2
f 2173/14/2 2174/14/2 2178/14/2
f 2177/15/2 2173/15/2 2178/15/2
f 2167/14/2 2171/14/2 2179/14/2
f 2175/14/2 2176/14/2 2179/14/2
f 2171/14/2 2175/14/2 2179/14/2
f 2179/14/2 2176/14/2 2180/14/2
f 2178/14/2 2174/14/2 2181/14/2
f 2174/14/2 2170/14/2 2181/14/2
f 2177/14/2 2178/14/2 2181/14/2
f 2181/14/2 2170/14/2 2182/14/2
f 2180/14/2 2176/14/2 2183/14/2
f 2183/14/2 2176/14/2 2184/14/2
f 2177/14/2 2181/14/2 2185/14/2
f 2185/14/2 2181/14/2 2186/14/2
f 2184/14/2 2176/14/2 2187/14/2
f 2187/14/2 2176/14/2 2188/14/2
f 2177/14/2 2185/14/2 2189/14/2
f 2189/14/2 2185/14/2 2190/14/2
f 2191/5/2 2192/5/2 2193/5/2
f 2193/5/2 2192/5/2 2194/5/2
f 2195/5/2 2196/5/2 2198/5/2
f 2198/5/2 2196/5/2 2199/5/2
f 2197/5/2 2198/5/2 2201/5/2
f 2199/5/2 2200/5/2 2201/5/2
f 2198/5/2 2199/5/2 2201/5/2
f 2201/5/2 2200/5/2 2202/5/2
f 2203/15/2 2204/15/2 2207/15/2
f 2207/15/2 2204/15/2 2208/15/2
f 2205/15/2 2206/15/2 2209/15/2
f 2209/15/2 2206/15/2 2210/15/2
f 2211/5/2 2212/5/2 2214/5/2
f 2213/5/2 2214/5/2 2215/5/2
f 2214/5/2 2212/5/2 2216/5/2
f 2215/5/2 2214/5/2 2216/5/2
f 2217/5/2 2218/5/2 2219/5/2
f 2219/5/2 2218/5/2 2220/5/2
f 2221/5/2 2222/5/2 2223/5/2
f 2223/5/2 2222/5/2 2224/5/2
f 2225/5/2 2226/5/2 2227/5/2
f 2227/5/2 2226/5/2 2228/5/2
f 2229/15/2 2230/15/2 2233/15/2
f 2233/15/2 2230/15/2 2234/15/2
f 2231/15/2 2232/15/2 2237/15/2
f 2237/15/2 2232/15/2 2238/15/2
f 2234/14/2 2235/14/2 2239/14/2
f 2239/14/2 2235/14/2 2240/14/2
f 2236/14/2 2237/14/2 2241/14/2
f 2241/14/2 2237/14/2 2242/14/2
f 2243/5/2 2244/5/2 2245/5/2
f 2245/5/2 2244/5/2 2246/5/2
f 2247/12/2 2248/12/2 2249/12/2
f 2249/12/2 2248/12/2 2250/12/2
f 2251/5/2 2252/5/2 2253/5/2
f 2253/5/2 2252/5/2 2254/5/2
f 2255/5/2 2256/5/2 2257/5/2
f 2257/5/2 2256/5/2 2258/5/2
f 2259/15/2 2260/15/2 2265/15/2
f 2265/15/2 2260/15/2 2266/15/2
f 2261/17/2 2262/17/2 2267/17/2
f 2267/17/2 2262/17/2 2268/17/2
f 2263/15/2 2264/15/2 2269/15/2
f 2269/15/2 2264/15/2 2270/15/2
f 2266/14/2 2267/14/2 2271/14/2
f 2271/14/2 2267/14/2 2272/14/2
f 2268/14/2 2269/14/2 2273/14/2
f 2273/14/2 2269/14/2 2274/14/2
f 2272/12/2 2273/12/2 2275/12/2
f 2275/12/2 2273/12/2 2276/12/2
f 2275/11/2 2276/11/2 2277/11/2
f 2277/11/2 2276/11/2 2278/11/2
f 2279/5/2 2280/5/2 2281/5/2
f 2281/5/2 2280/5/2 2282/5/2
f 2283/11/2 2284/11/2 2285/11/2
f 2285/11/2 2284/11/2 2286/11/2
f 2287/3/2 2288/3/2 2289/3/2
f 2289/3/2 2288/3/2 2290/3/2
f 2291/15/2 2292/15/2 2297/15/2
f 2297/15/2 2292/15/2 2298/15/2
f 2293/17/2 2294/17/2 2299/17/2
f 2299/17/2 2294/17/2 2300/17/2
f 2295/15/2 2296/15/2 2301/15/2
f 2301/15/2 2296/15/2 2302/15/2
f 2298/14/2 2299/14/2 2303/14/2
f 2303/14/2 2299/14/2 2304/14/2
f 2300/14/2 2301/14/2 2305/14/2
f 2305/14/2 2301/14/2 2306/14/2
f 2307/11/2 2308/11/2 2309/11/2
f 2309/11/2 2308/11/2 2310/11/2
f 2310/11/2 2308/11/2 2311/11/2
f 2312/5/2 2313/5/2 2314/5/2
f 2314/5/2 2313/5/2 2315/5/2
f 2316/5/2 2317/5/2 2318/5/2
f 2318/5/2 2317/5/2 2319/5/2
f 2320/3/2 2321/3/2 2322/3/2
f 2322/3/2 2321/3/2 2323/3/2
f 2322/11/2 2323/11/2 2324/11/2
f 2324/11/2 2323/11/2 2325/11/2
f 2326/11/2 2327/11/2 2328/11/2
f 2328/11/2 2327/11/2 2329/11/2
f 2328/3/2 2329/3/2 2330/3/2
f 2330/3/2 2329/3/2 2331/3/2
f 2332/14/2 2333/14/2 2336/14/2
f 2336/14/2 2333/14/2 2337/14/2
f 2334/14/2 2335/14/2 2338/14/2
f 2338/14/2 2335/14/2 2339/14/2
f 2340/3/2 2341/3/2 2343/3/2
f 2341/11/2 2342/11/2 2344/11/2
f 2343/3/2 2341/3/2 2344/3/2
f 2344/11/2 2342/11/2 2345/11/2
f 2346/11/2 2347/11/2 2348/11/2
f 2348/11/2 2347/11/2 2349/11/2
f 2350/12/2 2351/12/2 2352/12/2
f 2352/12/2 2351/12/2 2353/12/2
f 2354/14/2 2355/14/2 2356/14/2
f 2356/14/2 2355/14/2 2357/14/2
f 2358/10/2 2359/10/2 2360/10/2
f 2360/10/2 2359/10/2 2361/10/2
f 2362/3/2 2363/3/2 2364/3/2
f 2364/3/2 2363/3/2 2365/3/2
f 2364/11/2 2365/11/2 2366/11/2
f 2366/11/2 2365/11/2 2367/11/2
f 2368/11/2 2369/11/2 2370/11/2
f 2370/11/2 2369/11/2 2371/11/2
f 2370/3/2 2371/3/2 2372/3/2
f 2372/3/2 2371/3/2 2373/3/2
f 2374/10/2 2375/10/2 2376/10/2
f 2376/10/2 2375/10/2 2377/10/2
f 2378/5/2 2379/5/2 2380/5/2
f 2380/5/2 2379/5/2 2381/5/2
f 2382/12/2 2383/12/2 2384/12/2
f 2384/12/2 2383/12/2 2385/12/2
f 2384/3/2 2385/3/2 2386/3/2
f 2386/3/2 2385/3/2 2387/3/2
f 2386/12/2 2387/12/2 2388/12/2
f 2388/12/2 2387/12/2 2389/12/2
f 2390/6/2 2391/6/2 2392/6/2
f 2392/6/2 2391/6/2 2393/6/2
f 2394/5/2 2395/5/2 2396/5/2
f 2396/5/2 2395/5/2 2397/5/2
f 2398/5/2 2399/5/2 2400/5/2
f 2400/5/2 2399/5/2 2401/5/2
f 2402/6/2 2403/6/2 2404/6/2
f 2404/6/2 2403/6/2 2405/6/2
f 2406/16/2 2407/16/2 2408/16/2
f 2408/16/2 2407/16/2 2409/16/2
f 2410/5/2 2411/5/2 2412/5/2
f 2412/5/2 2411/5/2 2413/5/2
f 2414/5/2 2415/5/2 2416/5/2
f 2416/5/2 2415/5/2 2417/5/2
f 2418/5/2 2419/5/2 2420/5/2
f 2420/5/2 2419/5/2 2421/5/2
f 2422/5/2 2423/5/2 2424/5/2
f 2424/5/2 2423/5/2 2425/5/2
f 2426/6/2 2427/6/2 2430/6/2
f 2430/6/2 2427/6/2 2431/6/2
f 2428/6/2 2429/6/2 2432/6/2
f 2432/6/2 2429/6/2 2433/6/2
f 2434/5/2 2435/5/2 2436/5/2
f 2436/5/2 2435/5/2 2437/5/2
f 2438/5/2 2439/5/2 2440/5/2
f 2440/5/2 2439/5/2 2441/5/2
f 2442/5/2 2443/5/2 2444/5/2
f 2444/5/2 2443/5/2 2445/5/2
f 2446/5/2 2447/5/2 2450/5/2
f 2448/5/2 2449/5/2 2450/5/2
f 2447/5/2 2448/5/2 2450/5/2
f 2450/5/2 2449/5/2 2451/5/2
f 2452/16/2 2453/16/2 2454/16/2
f 2454/16/2 2453/16/2 2455/16/2
f 2456/16/2 2457/16/2 2458/16/2
f 2458/16/2 2457/16/2 2459/16/2
f 2460/16/2 2461/16/2 2462/16/2
f 2462/16/2 2461/16/2 2463/16/2
f 2464/16/2 2465/16/2 2466/16/2
f 2466/16/2 2465/16/2 2467/16/2
f 2468/16/2 2469/16/2 2470/16/2
f 2470/16/2 2469/16/2 2471/16/2
f 2472/16/2 2473/16/2 2474/16/2
f 2474/16/2 2473/16/2 2475/16/2
f 2476/16/2 2477/16/2 2478/16/2
f 2478/16/2 2477/16/2 2479/16/2
f 2480/16/2 2481/16/2 2482/16/2
f 2482/16/2 2481/16/2 2483/16/2
f 2484/16/2 2485/16/2 2486/16/2
f 2486/16/2 2485/16/2 2487/16/2
f 2488/6/2 2489/6/2 2490/6/2
f 2490/6/2 2489/6/2 2491/6/2
f 2492/16/2 2493/16/2 2494/16/2
f 2494/16/2 2493/16/2 2495/16/2
f 2496/16/2 2497/16/2 2498/16/2
f 2498/16/2 2497/16/2 2499/16/2
f 2502/5/3 2501/5/3 2500/5/3
f 2503/5/3 2501/5/3 2502/5/3
f 2504/15/3 2503/15/3 2502/15/3
f 2505/15/3 2503/15/3 2504/15/3
f 2506/5/3 2505/5/3 2504/5/3
f 2507/5/3 2505/5/3 2506/5/3
f 2512/5/3 2509/5/3 2508/5/3
f 2513/5/3 2509/5/3 2512/5/3
f 2514/5/3 2511/5/3 2510/5/3
f 2515/5/3 2511/5/3 2514/5/3
f 2516/15/3 2513/15/3 2512/15/3
f 2517/15/3 2513/15/3 2516/15/3
f 2518/15/3 2515/15/3 2514/15/3
f 2519/15/3 2515/15/3 2518/15/3
f 2520/5/3 2517/5/3 2516/5/3
f 2521/5/3 2517/5/3 2520/5/3
f 2522/5/3 2519/5/3 2518/5/3
f 2523/5/3 2519/5/3 2522/5/3
f 2528/5/3 2525/5/3 2524/5/3
f 2529/5/3 2525/5/3 2528/5/3
f 2530/5/3 2527/5/3 2526/5/3
f 2531/5/3 2527/5/3 2530/5/3
f 2532/15/3 2529/15/3 2528/15/3
f 2533/15/3 2529/15/3 2532/15/3
f 2534/15/3 2531/15/3 2530/15/3
f 2535/15/3 2531/15/3 2534/15/3
f 2536/5/3 2533/5/3 2532/5/3
f 2537/5/3 2533/5/3 2536/5/3
f 2538/5/3 2535/5/3 2534/5/3
f 2539/5/3 2535/5/3 2538/5/3
f 2544/5/3 2541/5/3 2540/5/3
f 2545/5/3 2541/5/3 2544/5/3
f 2546/5/3 2543/5/3 2542/5/3
f 2547/5/3 2543/5/3 2546/5/3
f 2548/15/3 2545/15/3 2544/15/3
f 2549/15/3 2545/15/3 2548/15/3
f 2550/15/3 2547/15/3 2546/15/3
f 2551/15/3 2547/15/3 2550/15/3
f 2552/5/3 2549/5/3 2548/5/3
f 2553/5/3 2549/5/3 2552/5/3
f 2554/5/3 2551/5/3 2550/5/3
f 2555/5/3 2551/5/3 2554/5/3
f 2560/5/3 2557/5/3 2556/5/3
f 2561/5/3 2557/5/3 2560/5/3
f 2562/5/3 2559/5/3 2558/5/3
f 2563/5/3 2559/5/3 2562/5/3
f 2564/15/3 2561/15/3 2560/15/3
f 2565/15/3 2561/15/3 2564/15/3
f 2566/15/3 2563/15/3 2562/15/3
f 2567/15/3 2563/15/3 2566/15/3
f 2568/5/3 2565/5/3 2564/5/3
f 2569/5/3 2565/5/3 2568/5/3
f 2570/5/3 2567/5/3 2566/5/3
f 2571/5/3 2567/5/3 2570/5/3
f 2576/5/3 2573/5/3 2572/5/3
f 2577/5/3 2573/5/3 2576/5/3
f 2578/5/3 2575/5/3 2574/5/3
f 2579/5/3 2575/5/3 2578/5/3
f 2580/15/3 2577/15/3 2576/15/3
f 2581/15/3 2577/15/3 2580/15/3
f 2582/15/3 2579/15/3 2578/15/3
f 2583/15/3 2579/15/3 2582/15/3
f 2584/5/3 2581/5/3 2580/5/3
f 2585/5/3 2581/5/3 2584/5/3
f 2586/5/3 2583/5/3 2582/5/3
f 2587/5/3 2583/5/3 2586/5/3
f 2592/5/3 2589/5/3 2588/5/3
f 2593/5/3 2589/5/3 2592/5/3
f 2594/5/3 2591/5/3 2590/5/3
f 2595/5/3 2591/5/3 2594/5/3
f 2596/15/3 2593/15/3 2592/15/3
f 2597/15/3 2593/15/3 2596/15/3
f 2598/15/3 2595/15/3 2594/15/3
f 2599/15/3 2595/15/3 2598/15/3
f 2600/5/3 2597/5/3 2596/5/3
f 2601/5/3 2597/5/3 2600/5/3
f 2602/5/3 2599/5/3 2598/5/3
f 2603/5/3 2599/5/3 2602/5/3
f 2608/5/3 2605/5/3 2604/5/3
f 2609/5/3 2605/5/3 2608/5/3
f 2610/5/3 2607/5/3 2606/5/3
f 2611/5/3 2607/5/3 2610/5/3
f 2612/15/3 2609/15/3 2608/15/3
f 2613/15/3 2609/15/3 2612/15/3
f 2614/15/3 2611/15/3 2610/15/3
f 2615/15/3 2611/15/3 2614/15/3
f 2616/5/3 2613/5/3 2612/5/3
f 2617/5/3 2613/5/3 2616/5/3
f 2618/5/3 2615/5/3 2614/5/3
f 2619/5/3 2615/5/3 2618/5/3
f 2624/5/3 2621/5/3 2620/5/3
f 2625/5/3 2621/5/3 2624/5/3
f 2626/5/3 2623/5/3 2622/5/3
f 2627/5/3 2623/5/3 2626/5/3
f 2628/15/3 2625/15/3 2624/15/3
f 2629/15/3 2625/15/3 2628/15/3
f 2630/15/3 2627/15/3 2626/15/3
f 2631/15/3 2627/15/3 2630/15/3
f 2632/5/3 2629/5/3 2628/5/3
f 2633/5/3 2629/5/3 2632/5/3
f 2634/5/3 2631/5/3 2630/5/3
f 2635/5/3 2631/5/3 2634/5/3
f 2640/5/3 2637/5/3 2636/5/3
f 2641/5/3 2637/5/3 2640/5/3
f 2642/5/3 2639/5/3 2638/5/3
f 2643/5/3 2639/5/3 2642/5/3
f 2644/15/3 2641/15/3 2640/15/3
f 2645/15/3 2641/15/3 2644/15/3
f 2646/15/3 2643/15/3 2642/15/3
f 2647/15/3 2643/15/3 2646/15/3
f 2648/5/3 2645/5/3 2644/5/3
f 2649/5/3 2645/5/3 2648/5/3
f 2650/5/3 2647/5/3 2646/5/3
f 2651/5/3 2647/5/3 2650/5/3
f 2656/5/3 2653/5/3 2652/5/3
f 2657/5/3 2653/5/3 2656/5/3
f 2658/5/3 2655/5/3 2654/5/3
f 2659/5/3 2655/5/3 2658/5/3
f 2660/15/3 2657/15/3 2656/15/3
f 2661/15/3 2657/15/3 2660/15/3
f 2662/15/3 2659/15/3 2658/15/3
f 2663/15/3 2659/15/3 2662/15/3
f 2664/5/3 2661/5/3 2660/5/3
f 2665/5/3 2661/5/3 2664/5/3
f 2666/5/3 2663/5/3 2662/5/3
f 2667/5/3 2663/5/3 2666/5/3
f 2672/5/3 2669/5/3 2668/5/3
f 2673/5/3 2669/5/3 2672/5/3
f 2674/5/3 2671/5/3 2670/5/3
f 2675/5/3 2671/5/3 2674/5/3
f 2676/15/3 2673/15/3 2672/15/3
f 2677/15/3 2673/15/3 2676/15/3
f 2678/15/3 2675/15/3 2674/15/3
f 2679/15/3 2675/15/3 2678/15/3
f 2680/5/3 2677/5/3 2676/5/3
f 2681/5/3 2677/5/3 2680/5/3
f 2682/5/3 2679/5/3 2678/5/3
f 2683/5/3 2679/5/3 2682/5/3
f 2688/5/3 2685/5/3 2684/5/3
f 2689/5/3 2685/5/3 2688/5/3
f 2690/5/3 2687/5/3 2686/5/3
f 2691/5/3 2687/5/3 2690/5/3
f 2692/15/3 2689/15/3 2688/15/3
f 2693/15/3 2689/15/3 2692/15/3
f 2694/15/3 2691/15/3 2690/15/3
f 2695/15/3 2691/15/3 2694/15/3
f 2696/5/3 2693/5/3 2692/5/3
f 2697/5/3 2693/5/3 2696/5/3
f 2698/5/3 2695/5/3 2694/5/3
f 2699/5/3 2695/5/3 2698/5/3
f 2703/15/3 2701/15/3 2700/15/3
f 2705/15/3 2703/15/3 2702/15/3
f 2707/15/3 2705/15/3 2704/15/3
f 2709/15/3 2707/15/3 2706/15/3
f 2711/15/3 2709/15/3 2708/15/3
f 2712/15/3 2701/15/3 2703/15/3
f 2712/15/3 2711/15/3 2710/15/3
f 2712/15/3 2709/15/3 2711/15/3
f 2712/15/3 2703/15/3 2705/15/3
f 2712/15/3 2707/15/3 2709/15/3
f 2712/15/3 2705/15/3 2707/15/3
f 2713/15/3 2701/15/3 2712/15/3
f 2714/15/3 2712/15/3 2710/15/3
f 2715/14/3 2713/14/3 2712/14/3
f 2715/15/3 2712/15/3 2714/15/3
f 2716/15/3 2714/15/3 2710/15/3
f 2717/14/3 2715/14/3 2714/14/3
f 2717/15/3 2714/15/3 2716/15/3
f 2718/15/3 2716/15/3 2710/15/3
f 2719/14/3 2717/14/3 2716/14/3
f 2719/15/3 2716/15/3 2718/15/3
f 2722/15/3 2718/15/3 2710/15/3
f 2723/14/3 2719/14/3 2718/14/3
f 2723/15/3 2718/15/3 2722/15/3
f 2724/14/3 2719/14/3 2723/14/3
f 2725/14/3 2717/14/3 2719/14/3
f 2725/14/3 2719/14/3 2724/14/3
f 2726/14/3 2713/14/3 2715/14/3
f 2726/14/3 2717/14/3 2725/14/3
f 2726/14/3 2715/14/3 2717/14/3
f 2727/5/3 2721/5/3 2720/5/3
f 2728/5/3 2721/5/3 2727/5/3
f 2729/15/3 2728/15/3 2727/15/3
f 2730/15/3 2728/15/3 2729/15/3
f 2731/5/3 2730/5/3 2729/5/3
f 2732/5/3 2730/5/3 2731/5/3
f 2735/16/3 2734/16/3 2733/16/3
f 2736/16/3 2734/16/3 2735/16/3
f 2737/5/3 2736/5/3 2735/5/3
f 2738/5/3 2736/5/3 2737/5/3
f 2739/16/3 2738/16/3 2737/16/3
f 2740/16/3 2738/16/3 2739/16/3
f 2743/16/3 2742/16/3 2741/16/3
f 2744/16/3 2742/16/3 2743/16/3
f 2745/5/3 2744/5/3 2743/5/3
f 2746/5/3 2744/5/3 2745/5/3
f 2747/16/3 2746/16/3 2745/16/3
f 2748/16/3 2746/16/3 2747/16/3
f 2751/16/3 2750/16/3 2749/16/3
f 2752/16/3 2750/16/3 2751/16/3
f 2753/5/3 2752/5/3 2751/5/3
f 2754/5/3 2752/5/3 2753/5/3
f 2755/16/3 2754/16/3 2753/16/3
f 2756/16/3 2754/16/3 2755/16/3
f 2759/15/3 2758/15/3 2757/15/3
f 2760/15/3 2758/15/3 2759/15/3
f 2761/15/3 2758/15/3 2760/15/3
f 2764/14/3 2761/14/3 2760/14/3
f 2765/14/3 2761/14/3 2764/14/3
f 2768/5/3 2763/5/3 2762/5/3
f 2769/5/3 2763/5/3 2768/5/3
f 2770/5/3 2767/5/3 2766/5/3
f 2771/5/3 2767/5/3 2770/5/3
f 2772/15/3 2769/15/3 2768/15/3
f 2773/15/3 2769/15/3 2772/15/3
f 2774/15/3 2771/15/3 2770/15/3
f 2775/15/3 2771/15/3 2774/15/3
f 2776/5/3 2773/5/3 2772/5/3
f 2777/5/3 2773/5/3 2776/5/3
f 2778/5/3 2775/5/3 2774/5/3
f 2779/5/3 2775/5/3 2778/5/3
f 2783/15/3 2781/15/3 2780/15/3
f 2784/15/3 2781/15/3 2783/15/3
f 2786/16/3 2783/16/3 2782/16/3
f 2787/16/3 2783/16/3 2786/16/3
f 2788/16/3 2785/16/3 2784/16/3
f 2789/16/3 2785/16/3 2788/16/3
f 2790/5/3 2787/5/3 2786/5/3
f 2791/5/3 2787/5/3 2790/5/3
f 2792/5/3 2789/5/3 2788/5/3
f 2793/5/3 2789/5/3 2792/5/3
f 2794/16/3 2791/16/3 2790/16/3
f 2795/16/3 2791/16/3 2794/16/3
f 2796/16/3 2793/16/3 2792/16/3
f 2797/16/3 2793/16/3 2796/16/3
f 2799/14/3 2796/14/3 2795/14/3
f 2800/14/3 2796/14/3 2799/14/3
f 2803/16/3 2799/16/3 2798/16/3
f 2804/16/3 2799/16/3 2803/16/3
f 2805/16/3 2801/16/3 2800/16/3
f 2806/16/3 2801/16/3 2805/16/3
f 2807/16/3 2803/16/3 2802/16/3
f 2808/5/3 2804/5/3 2803/5/3
f 2808/16/3 2803/16/3 2807/16/3
f 2809/5/3 2804/5/3 2808/5/3
f 2810/5/3 2806/5/3 2805/5/3
f 2811/5/3 2806/5/3 2810/5/3
f 2812/16/3 2809/16/3 2808/16/3
f 2813/16/3 2809/16/3 2812/16/3
f 2814/16/3 2811/16/3 2810/16/3
f 2815/16/3 2811/16/3 2814/16/3
f 2816/14/3 2814/14/3 2813/14/3
f 2817/14/3 2814/14/3 2816/14/3
f 2819/15/3 2817/15/3 2816/15/3
f 2820/15/3 2817/15/3 2819/15/3
f 2823/16/3 2819/16/3 2818/16/3
f 2824/16/3 2819/16/3 2823/16/3
f 2825/16/3 2821/16/3 2820/16/3
f 2826/16/3 2821/16/3 2825/16/3
f 2827/16/3 2823/16/3 2822/16/3
f 2828/5/3 2824/5/3 2823/5/3
f 2828/16/3 2823/16/3 2827/16/3
f 2829/5/3 2824/5/3 2828/5/3
f 2830/5/3 2826/5/3 2825/5/3
f 2831/5/3 2826/5/3 2830/5/3
f 2832/16/3 2829/16/3 2828/16/3
f 2833/16/3 2829/16/3 2832/16/3
f 2834/16/3 2831/16/3 2830/16/3
f 2835/16/3 2831/16/3 2834/16/3
f 2836/15/3 2834/15/3 2833/15/3
f 2837/15/3 2834/15/3 2836/15/3
f 2841/15/3 2839/15/3 2838/15/3
f 2842/14/3 2840/14/3 2839/14/3
f 2842/15/3 2839/15/3 2841/15/3
f 2843/14/3 2840/14/3 2842/14/3
f 2849/15/3 2845/15/3 2844/15/3
f 2850/15/3 2845/15/3 2849/15/3
f 2851/15/3 2847/15/3 2846/15/3
f 2852/15/3 2847/15/3 2851/15/3
f 2854/16/3 2849/16/3 2848/16/3
f 2855/16/3 2849/16/3 2854/16/3
f 2856/16/3 2853/16/3 2852/16/3
f 2857/16/3 2853/16/3 2856/16/3
f 2859/5/3 2855/5/3 2854/5/3
f 2860/5/3 2855/5/3 2859/5/3
f 2861/5/3 2857/5/3 2856/5/3
f 2862/5/3 2857/5/3 2861/5/3
f 2863/16/3 2860/16/3 2859/16/3
f 2863/16/3 2859/16/3 2858/16/3
f 2864/16/3 2860/16/3 2863/16/3
f 2867/16/3 2862/16/3 2861/16/3
f 2868/16/3 2862/16/3 2867/16/3
f 2871/14/3 2865/14/3 2864/14/3
f 2872/16/3 2870/16/3 2869/16/3
f 2873/5/3 2871/5/3 2870/5/3
f 2873/16/3 2870/16/3 2872/16/3
f 2874/16/3 2872/16/3 2869/16/3
f 2875/5/3 2873/5/3 2872/5/3
f 2875/16/3 2872/16/3 2874/16/3
f 2876/5/3 2871/5/3 2873/5/3
f 2876/5/3 2873/5/3 2875/5/3
f 2876/5/3 2875/5/3 2874/5/3
f 2877/14/3 2865/14/3 2871/14/3
f 2877/5/3 2871/5/3 2876/5/3
f 2878/14/3 2865/14/3 2877/14/3
f 2879/14/3 2867/14/3 2866/14/3
f 2880/14/3 2867/14/3 2879/14/3
f 2882/5/3 2876/5/3 2874/5/3
f 2883/5/3 2876/5/3 2882/5/3
f 2884/16/3 2881/16/3 2880/16/3
f 2885/16/3 2881/16/3 2884/16/3
f 2886/5/3 2882/5/3 2874/5/3
f 2888/5/3 2885/5/3 2884/5/3
f 2889/5/3 2885/5/3 2888/5/3
f 2890/16/3 2874/16/3 2869/16/3
f 2890/5/3 2887/5/3 2886/5/3
f 2890/5/3 2886/5/3 2874/5/3
f 2891/5/3 2887/5/3 2890/5/3
f 2892/5/3 2887/5/3 2891/5/3
f 2896/16/3 2889/16/3 2888/16/3
f 2897/16/3 2889/16/3 2896/16/3
f 2898/16/3 2890/16/3 2869/16/3
f 2898/16/3 2891/16/3 2890/16/3
f 2899/5/3 2892/5/3 2891/5/3
f 2899/16/3 2891/16/3 2898/16/3
f 2899/5/3 2893/5/3 2892/5/3
f 2900/16/3 2898/16/3 2869/16/3
f 2900/5/3 2899/5/3 2898/5/3
f 2901/5/3 2893/5/3 2899/5/3
f 2901/5/3 2899/5/3 2900/5/3
f 2902/16/3 2900/16/3 2869/16/3
f 2902/16/3 2901/16/3 2900/16/3
f 2903/5/3 2893/5/3 2901/5/3
f 2903/16/3 2901/16/3 2902/16/3
f 2904/14/3 2894/14/3 2893/14/3
f 2904/5/3 2893/5/3 2903/5/3
f 2905/14/3 2894/14/3 2904/14/3
f 2906/14/3 2896/14/3 2895/14/3
f 2907/14/3 2896/14/3 2906/14/3
f 2908/5/3 2904/5/3 2903/5/3
f 2909/15/3 2905/15/3 2904/15/3
f 2909/5/3 2904/5/3 2908/5/3
f 2910/15/3 2905/15/3 2909/15/3
f 2911/15/3 2907/15/3 2906/15/3
f 2912/15/3 2907/15/3 2911/15/3
f 2914/5/3 2908/5/3 2903/5/3
f 2915/5/3 2908/5/3 2914/5/3
f 2916/16/3 2913/16/3 2912/16/3
f 2917/16/3 2913/16/3 2916/16/3
f 2918/5/3 2914/5/3 2903/5/3
f 2920/5/3 2917/5/3 2916/5/3
f 2921/5/3 2917/5/3 2920/5/3
f 2922/5/3 2919/5/3 2918/5/3
f 2926/16/3 2921/16/3 2920/16/3
f 2927/16/3 2921/16/3 2926/16/3
f 2928/5/3 2918/5/3 2903/5/3
f 2928/5/3 2922/5/3 2918/5/3
f 2928/5/3 2923/5/3 2922/5/3
f 2929/5/3 2923/5/3 2928/5/3
f 2930/15/3 2924/15/3 2923/15/3
f 2930/5/3 2923/5/3 2929/5/3
f 2931/15/3 2924/15/3 2930/15/3
f 2932/15/3 2926/15/3 2925/15/3
f 2933/15/3 2926/15/3 2932/15/3
f 2937/5/3 2930/5/3 2929/5/3
f 2937/5/3 2931/5/3 2930/5/3
f 2938/5/3 2931/5/3 2937/5/3
f 2939/5/3 2931/5/3 2938/5/3
f 2940/5/3 2937/5/3 2936/5/3
f 2940/5/3 2938/5/3 2937/5/3
f 2941/5/3 2938/5/3 2940/5/3
f 2942/5/3 2940/5/3 2936/5/3
f 2943/5/3 2940/5/3 2942/5/3
f 2945/5/3 2942/5/3 2936/5/3
f 2946/5/3 2942/5/3 2945/5/3
f 2948/5/3 2945/5/3 2944/5/3
f 2949/5/3 2945/5/3 2948/5/3
f 2950/15/3 2935/15/3 2934/15/3
f 2951/15/3 2935/15/3 2950/15/3
f 2952/16/3 2948/16/3 2947/16/3
f 2953/16/3 2948/16/3 2952/16/3
f 2954/14/3 2951/14/3 2950/14/3
f 2955/14/3 2951/14/3 2954/14/3
f 2958/5/3 2957/5/3 2956/5/3
f 2959/5/3 2957/5/3 2958/5/3
f 2960/15/3 2959/15/3 2958/15/3
f 2961/15/3 2959/15/3 2960/15/3
f 2966/5/3 2961/5/3 2960/5/3
f 2967/5/3 2961/5/3 2966/5/3
f 2968/15/3 2963/15/3 2962/15/3
f 2969/15/3 2963/15/3 2968/15/3
f 2970/14/3 2965/14/3 2964/14/3
f 2971/14/3 2965/14/3 2970/14/3
f 2976/15/3 2973/15/3 2972/15/3
f 2977/15/3 2973/15/3 2976/15/3
f 2978/15/3 2975/15/3 2974/15/3
f 2979/15/3 2975/15/3 2978/15/3
f 2983/16/3 2980/16/3 2979/16/3
f 2984/16/3 2980/16/3 2983/16/3
f 2985/5/3 2982/5/3 2981/5/3
f 2986/5/3 2982/5/3 2985/5/3
f 2987/5/3 2984/5/3 2983/5/3
f 2988/5/3 2984/5/3 2987/5/3
f 2990/16/3 2988/16/3 2987/16/3
f 2991/16/3 2988/16/3 2990/16/3
f 2994/14/3 2990/14/3 2989/14/3
f 2995/14/3 2990/14/3 2994/14/3
f 2997/16/3 2996/16/3 2995/16/3
f 2998/16/3 2996/16/3 2997/16/3
f 2999/5/3 2998/5/3 2997/5/3
f 3000/5/3 2998/5/3 2999/5/3
f 3002/16/3 3000/16/3 2999/16/3
f 3003/16/3 3000/16/3 3002/16/3
f 3004/16/3 2993/16/3 2992/16/3
f 3005/16/3 2993/16/3 3004/16/3
f 3006/14/3 3002/14/3 3001/14/3
f 3007/14/3 3002/14/3 3006/14/3
f 3008/15/3 3007/15/3 3006/15/3
f 3009/15/3 3007/15/3 3008/15/3
f 3011/16/3 3010/16/3 3009/16/3
f 3012/16/3 3010/16/3 3011/16/3
f 3013/5/3 3012/5/3 3011/5/3
f 3014/5/3 3012/5/3 3013/5/3
f 3016/16/3 3014/16/3 3013/16/3
f 3017/16/3 3014/16/3 3016/16/3
f 3018/15/3 3016/15/3 3015/15/3
f 3019/15/3 3016/15/3 3018/15/3
f 3024/15/3 3021/15/3 3020/15/3
f 3025/15/3 3021/15/3 3024/15/3
f 3026/14/3 3023/14/3 3022/14/3
f 3027/14/3 3023/14/3 3026/14/3
f 3030/16/3 3029/16/3 3028/16/3
f 3031/16/3 3029/16/3 3030/16/3
f 3039/5/3 3033/5/3 3032/5/3
f 3040/5/3 3033/5/3 3039/5/3
f 3041/15/3 3034/15/3 3033/15/3
f 3043/14/3 3036/14/3 3035/14/3
f 3043/14/3 3037/14/3 3036/14/3
f 3044/5/3 3033/5/3 3040/5/3
f 3045/15/3 3042/15/3 3041/15/3
f 3045/5/3 3033/5/3 3044/5/3
f 3045/15/3 3041/15/3 3033/15/3
f 3046/15/3 3042/15/3 3045/15/3
f 3047/14/3 3043/14/3 3042/14/3
f 3047/15/3 3042/15/3 3046/15/3
f 3048/14/3 3043/14/3 3047/14/3
f 3049/14/3 3037/14/3 3043/14/3
f 3049/14/3 3043/14/3 3048/14/3
f 3050/15/3 3038/15/3 3037/15/3
f 3050/14/3 3037/14/3 3049/14/3
f 3051/15/3 3038/15/3 3050/15/3
f 3052/14/3 3049/14/3 3048/14/3
f 3052/15/3 3048/15/3 3047/15/3
f 3052/15/3 3047/15/3 3046/15/3
f 3053/15/3 3050/15/3 3049/15/3
f 3053/14/3 3049/14/3 3052/14/3
f 3054/15/3 3053/15/3 3052/15/3
f 3054/15/3 3050/15/3 3053/15/3
f 3055/15/3 3050/15/3 3054/15/3
f 3056/5/3 3046/5/3 3045/5/3
f 3057/15/3 3052/15/3 3046/15/3
f 3057/5/3 3046/5/3 3056/5/3
f 3057/15/3 3054/15/3 3052/15/3
f 3058/15/3 3054/15/3 3057/15/3
f 3059/15/3 3054/15/3 3058/15/3
f 3060/15/3 3058/15/3 3057/15/3
f 3061/15/3 3058/15/3 3060/15/3
f 3062/15/3 3058/15/3 3061/15/3
f 3063/15/3 3058/15/3 3062/15/3
f 3064/15/3 3062/15/3 3061/15/3
f 3065/15/3 3062/15/3 3064/15/3
f 3066/5/3 3061/5/3 3060/5/3
f 3066/15/3 3064/15/3 3061/15/3
f 3067/15/3 3064/15/3 3066/15/3
f 3068/15/3 3064/15/3 3067/15/3
f 3069/5/3 3065/5/3 3064/5/3
f 3069/15/3 3064/15/3 3068/15/3
f 3070/5/3 3066/5/3 3060/5/3
f 3070/5/3 3067/5/3 3066/5/3
f 3071/5/3 3067/5/3 3070/5/3
f 3072/15/3 3068/15/3 3067/15/3
f 3072/5/3 3067/5/3 3071/5/3
f 3073/15/3 3068/15/3 3072/15/3
f 3074/5/3 3065/5/3 3069/5/3
f 3074/5/3 3069/5/3 3068/5/3
f 3075/5/3 3065/5/3 3074/5/3
f 3076/6/3 3071/6/3 3070/6/3
f 3076/5/3 3073/5/3 3072/5/3
f 3076/5/3 3072/5/3 3071/5/3
f 3077/5/3 3073/5/3 3076/5/3
f 3078/15/3 3068/15/3 3073/15/3
f 3079/5/3 3074/5/3 3068/5/3
f 3079/15/3 3068/15/3 3078/15/3
f 3080/5/3 3073/5/3 3077/5/3
f 3080/15/3 3078/15/3 3073/15/3
f 3081/15/3 3078/15/3 3080/15/3
f 3082/15/3 3078/15/3 3081/15/3
f 3083/5/3 3079/5/3 3078/5/3
f 3083/15/3 3078/15/3 3082/15/3
f 3084/5/3 3074/5/3 3079/5/3
f 3084/5/3 3079/5/3 3083/5/3
f 3085/5/3 3074/5/3 3084/5/3
f 3086/15/3 3082/15/3 3081/15/3
f 3086/5/3 3081/5/3 3080/5/3
f 3087/15/3 3082/15/3 3086/15/3
f 3088/15/3 3082/15/3 3087/15/3
f 3089/5/3 3083/5/3 3082/5/3
f 3089/15/3 3082/15/3 3088/15/3
f 3089/5/3 3084/5/3 3083/5/3
f 3090/5/3 3084/5/3 3089/5/3
f 3091/5/3 3084/5/3 3090/5/3
f 3092/15/3 3088/15/3 3087/15/3
f 3093/5/3 3089/5/3 3088/5/3
f 3093/15/3 3088/15/3 3092/15/3
f 3093/5/3 3090/5/3 3089/5/3
f 3094/5/3 3087/5/3 3086/5/3
f 3094/15/3 3092/15/3 3087/15/3
f 3095/15/3 3092/15/3 3094/15/3
f 3096/15/3 3092/15/3 3095/15/3
f 3097/5/3 3093/5/3 3092/5/3
f 3097/15/3 3092/15/3 3096/15/3
f 3098/5/3 3090/5/3 3093/5/3
f 3098/5/3 3093/5/3 3097/5/3
f 3099/5/3 3090/5/3 3098/5/3
f 3100/15/3 3096/15/3 3095/15/3
f 3100/5/3 3095/5/3 3094/5/3
f 3101/5/3 3097/5/3 3096/5/3
f 3101/15/3 3096/15/3 3100/15/3
f 3101/5/3 3098/5/3 3097/5/3
f 3102/5/3 3098/5/3 3101/5/3
f 3103/5/3 3098/5/3 3102/5/3
f 3104/5/3 3101/5/3 3100/5/3
f 3104/5/3 3102/5/3 3101/5/3
f 3105/5/3 3102/5/3 3104/5/3
f 3106/6/3 3076/6/3 3070/6/3
f 3106/6/3 3077/6/3 3076/6/3
f 3107/6/3 3077/6/3 3106/6/3
f 3108/5/3 3104/5/3 3100/5/3
f 3109/5/3 3104/5/3 3108/5/3
f 3110/5/3 3108/5/3 3100/5/3
f 3111/5/3 3108/5/3 3110/5/3
f 3112/6/3 3077/6/3 3107/6/3
f 3113/5/3 3080/5/3 3077/5/3
f 3113/6/3 3077/6/3 3112/6/3
f 3113/5/3 3100/5/3 3094/5/3
f 3113/5/3 3110/5/3 3100/5/3
f 3113/5/3 3086/5/3 3080/5/3
f 3113/5/3 3094/5/3 3086/5/3
f 3114/5/3 3110/5/3 3113/5/3
f 3115/5/3 3110/5/3 3114/5/3
f 3116/5/3 3113/5/3 3112/5/3
f 3116/5/3 3114/5/3 3113/5/3
f 3117/5/3 3114/5/3 3116/5/3
f 3120/16/3 3119/16/3 3118/16/3
f 3121/16/3 3119/16/3 3120/16/3
f 3122/5/3 3121/5/3 3120/5/3
f 3123/5/3 3121/5/3 3122/5/3
f 3124/16/3 3123/16/3 3122/16/3
f 3125/16/3 3123/16/3 3124/16/3
f 3134/16/3 3127/16/3 3126/16/3
f 3135/16/3 3127/16/3 3134/16/3
f 3139/16/3 3129/16/3 3128/16/3
f 3140/16/3 3129/16/3 3139/16/3
f 3141/16/3 3131/16/3 3130/16/3
f 3142/16/3 3131/16/3 3141/16/3
f 3143/16/3 3133/16/3 3132/16/3
f 3145/16/3 3137/16/3 3136/16/3
f 3146/16/3 3137/16/3 3145/16/3
f 3147/16/3 3142/16/3 3141/16/3
f 3147/16/3 3143/16/3 3142/16/3
f 3147/16/3 3140/16/3 3139/16/3
f 3147/16/3 3139/16/3 3138/16/3
f 3147/16/3 3141/16/3 3140/16/3
f 3148/5/3 3135/5/3 3134/5/3
f 3149/5/3 3135/5/3 3148/5/3
f 3151/16/3 3146/16/3 3145/16/3
f 3151/16/3 3145/16/3 3144/16/3
f 3151/16/3 3147/16/3 3146/16/3
f 3152/16/3 3149/16/3 3148/16/3
f 3153/16/3 3149/16/3 3152/16/3
f 3154/16/3 3151/16/3 3150/16/3
f 3154/16/3 3143/16/3 3147/16/3
f 3154/16/3 3147/16/3 3151/16/3
f 3155/16/3 3143/16/3 3154/16/3
f 3156/16/3 3133/16/3 3143/16/3
f 3156/16/3 3143/16/3 3155/16/3
f 3157/16/3 3133/16/3 3156/16/3
f 3158/16/3 3154/16/3 3150/16/3
f 3159/16/3 3154/16/3 3158/16/3
f 3160/16/3 3154/16/3 3159/16/3
f 3161/16/3 3154/16/3 3160/16/3
f 3162/16/3 3154/16/3 3161/16/3
f 3163/16/3 3154/16/3 3162/16/3
f 3164/16/3 3154/16/3 3163/16/3
f 3165/16/3 3154/16/3 3164/16/3
f 3166/16/3 3156/16/3 3155/16/3
f 3167/16/3 3156/16/3 3166/16/3
f 3168/16/3 3160/16/3 3159/16/3
f 3169/16/3 3160/16/3 3168/16/3
f 3170/16/3 3162/16/3 3161/16/3
f 3171/16/3 3162/16/3 3170/16/3
f 3172/16/3 3164/16/3 3163/16/3
f 3173/16/3 3164/16/3 3172/16/3
f 3174/16/3 3168/16/3 3159/16/3
f 3175/16/3 3168/16/3 3174/16/3
f 3178/16/3 3177/16/3 3176/16/3
f 3179/16/3 3177/16/3 3178/16/3
f 3180/5/3 3179/5/3 3178/5/3
f 3181/5/3 3179/5/3 3180/5/3
f 3182/16/3 3181/16/3 3180/16/3
f 3183/16/3 3181/16/3 3182/16/3
f 3187/15/3 3185/15/3 3184/15/3
f 3188/15/3 3185/15/3 3187/15/3
f 3189/17/3 3187/17/3 3186/17/3
f 3190/5/3 3188/5/3 3187/5/3
f 3190/17/3 3187/17/3 3189/17/3
f 3191/15/3 3185/15/3 3188/15/3
f 3191/5/3 3188/5/3 3190/5/3
f 3192/15/3 3185/15/3 3191/15/3
f 3193/15/3 3185/15/3 3192/15/3
f 3194/15/3 3185/15/3 3193/15/3
f 3195/15/3 3185/15/3 3194/15/3
f 3196/15/3 3185/15/3 3195/15/3
f 3197/15/3 3185/15/3 3196/15/3
f 3204/15/3 3199/15/3 3198/15/3
f 3205/15/3 3199/15/3 3204/15/3
f 3206/15/3 3201/15/3 3200/15/3
f 3207/15/3 3201/15/3 3206/15/3
f 3208/15/3 3203/15/3 3202/15/3
f 3209/15/3 3203/15/3 3208/15/3
f 3211/16/3 3210/16/3 3209/16/3
f 3212/16/3 3210/16/3 3211/16/3
f 3213/5/3 3212/5/3 3211/5/3
f 3214/5/3 3212/5/3 3213/5/3
f 3216/16/3 3214/16/3 3213/16/3
f 3217/16/3 3214/16/3 3216/16/3
f 3224/14/3 3216/14/3 3215/14/3
f 3225/14/3 3216/14/3 3224/14/3
f 3230/16/3 3219/16/3 3218/16/3
f 3231/16/3 3219/16/3 3230/16/3
f 3232/16/3 3221/16/3 3220/16/3
f 3233/16/3 3221/16/3 3232/16/3
f 3234/16/3 3221/16/3 3233/16/3
f 3235/16/3 3223/16/3 3222/16/3
f 3236/16/3 3223/16/3 3235/16/3
f 3237/16/3 3223/16/3 3236/16/3
f 3238/16/3 3226/16/3 3225/16/3
f 3239/16/3 3226/16/3 3238/16/3
f 3241/16/3 3228/16/3 3227/16/3
f 3242/16/3 3228/16/3 3241/16/3
f 3243/16/3 3228/16/3 3242/16/3
f 3244/16/3 3230/16/3 3229/16/3
f 3245/16/3 3230/16/3 3244/16/3
f 3246/16/3 3232/16/3 3231/16/3
f 3246/16/3 3233/16/3 3232/16/3
f 3247/16/3 3233/16/3 3246/16/3
f 3248/16/3 3236/16/3 3235/16/3
f 3248/16/3 3235/16/3 3234/16/3
f 3249/16/3 3236/16/3 3248/16/3
f 3250/16/3 3241/16/3 3240/16/3
f 3250/16/3 3242/16/3 3241/16/3
f 3251/16/3 3242/16/3 3250/16/3
f 3252/16/3 3244/16/3 3243/16/3
f 3253/16/3 3244/16/3 3252/16/3
f 3254/5/3 3239/5/3 3238/5/3
f 3255/5/3 3239/5/3 3254/5/3
f 3257/16/3 3255/16/3 3254/16/3
f 3258/16/3 3255/16/3 3257/16/3
f 3268/5/3 3260/5/3 3259/5/3
f 3269/5/3 3260/5/3 3268/5/3
f 3270/5/3 3262/5/3 3261/5/3
f 3271/5/3 3262/5/3 3270/5/3
f 3272/5/3 3262/5/3 3271/5/3
f 3274/5/3 3264/5/3 3263/5/3
f 3275/5/3 3264/5/3 3274/5/3
f 3276/5/3 3266/5/3 3265/5/3
f 3277/5/3 3266/5/3 3276/5/3
f 3278/5/3 3269/5/3 3268/5/3
f 3278/5/3 3268/5/3 3267/5/3
f 3278/5/3 3270/5/3 3269/5/3
f 3278/5/3 3271/5/3 3270/5/3
f 3279/5/3 3271/5/3 3278/5/3
f 3280/5/3 3271/5/3 3279/5/3
f 3281/5/3 3271/5/3 3280/5/3
f 3283/5/3 3275/5/3 3274/5/3
f 3283/5/3 3276/5/3 3275/5/3
f 3283/5/3 3274/5/3 3273/5/3
f 3284/5/3 3276/5/3 3283/5/3
f 3285/5/3 3276/5/3 3284/5/3
f 3286/5/3 3276/5/3 3285/5/3
f 3287/5/3 3278/5/3 3277/5/3
f 3288/5/3 3278/5/3 3287/5/3
f 3289/5/3 3280/5/3 3279/5/3
f 3290/5/3 3280/5/3 3289/5/3
f 3291/16/3 3283/16/3 3282/16/3
f 3292/16/3 3283/16/3 3291/16/3
f 3293/5/3 3285/5/3 3284/5/3
f 3294/5/3 3285/5/3 3293/5/3
f 3295/14/3 3257/14/3 3256/14/3
f 3296/14/3 3257/14/3 3295/14/3
f 3297/15/3 3296/15/3 3295/15/3
f 3298/15/3 3296/15/3 3297/15/3
f 3300/16/3 3299/16/3 3298/16/3
f 3301/16/3 3299/16/3 3300/16/3
f 3302/5/3 3301/5/3 3300/5/3
f 3303/5/3 3301/5/3 3302/5/3
f 3305/16/3 3303/16/3 3302/16/3
f 3306/16/3 3303/16/3 3305/16/3
f 3307/15/3 3305/15/3 3304/15/3
f 3308/15/3 3305/15/3 3307/15/3
f 3313/14/3 3310/14/3 3309/14/3
f 3314/4/3 3311/4/3 3310/4/3
f 3314/14/3 3310/14/3 3313/14/3
f 3315/14/3 3312/14/3 3311/14/3
f 3315/4/3 3311/4/3 3314/4/3
f 3316/14/3 3312/14/3 3315/14/3
f 3317/4/3 3314/4/3 3313/4/3
f 3318/13/3 3315/13/3 3314/13/3
f 3318/4/3 3314/4/3 3317/4/3
f 3319/4/3 3316/4/3 3315/4/3
f 3319/13/3 3315/13/3 3318/13/3
f 3320/4/3 3316/4/3 3319/4/3
f 3327/15/3 3322/15/3 3321/15/3
f 3328/15/3 3322/15/3 3327/15/3
f 3329/15/3 3324/15/3 3323/15/3
f 3330/15/3 3324/15/3 3329/15/3
f 3331/15/3 3326/15/3 3325/15/3
f 3332/15/3 3326/15/3 3331/15/3
f 3334/16/3 3333/16/3 3332/16/3
f 3335/16/3 3333/16/3 3334/16/3
f 3336/5/3 3335/5/3 3334/5/3
f 3337/5/3 3335/5/3 3336/5/3
f 3339/16/3 3337/16/3 3336/16/3
f 3340/16/3 3337/16/3 3339/16/3
f 3341/14/3 3339/14/3 3338/14/3
f 3342/14/3 3339/14/3 3341/14/3
f 3344/16/3 3343/16/3 3342/16/3
f 3345/16/3 3343/16/3 3344/16/3
f 3346/5/3 3345/5/3 3344/5/3
f 3347/5/3 3345/5/3 3346/5/3
f 3349/16/3 3347/16/3 3346/16/3
f 3350/16/3 3347/16/3 3349/16/3
f 3351/14/3 3349/14/3 3348/14/3
f 3352/14/3 3349/14/3 3351/14/3
f 3353/15/3 3352/15/3 3351/15/3
f 3354/15/3 3352/15/3 3353/15/3
f 3356/16/3 3355/16/3 3354/16/3
f 3357/16/3 3355/16/3 3356/16/3
f 3358/5/3 3357/5/3 3356/5/3
f 3359/5/3 3357/5/3 3358/5/3
f 3361/16/3 3359/16/3 3358/16/3
f 3362/16/3 3359/16/3 3361/16/3
f 3363/15/3 3361/15/3 3360/15/3
f 3364/15/3 3361/15/3 3363/15/3
f 3368/5/3 3366/5/3 3365/5/3
f 3369/5/3 3366/5/3 3368/5/3
f 3375/5/3 3368/5/3 3367/5/3
f 3375/5/3 3373/5/3 3372/5/3
f 3375/5/3 3372/5/3 3371/5/3
f 3375/5/3 3371/5/3 3370/5/3
f 3375/5/3 3370/5/3 3369/5/3
f 3375/5/3 3369/5/3 3368/5/3
f 3376/5/3 3373/5/3 3375/5/3
f 3378/5/3 3375/5/3 3374/5/3
f 3378/5/3 3377/5/3 3376/5/3
f 3378/5/3 3376/5/3 3375/5/3
f 3379/5/3 3377/5/3 3378/5/3
f 3381/5/3 3378/5/3 3374/5/3
f 3382/5/3 3378/5/3 3381/5/3
f 3383/5/3 3378/5/3 3382/5/3
f 3385/5/3 3381/5/3 3380/5/3
f 3385/5/3 3382/5/3 3381/5/3
f 3386/5/3 3382/5/3 3385/5/3
f 3387/5/3 3382/5/3 3386/5/3
f 3389/5/3 3385/5/3 3384/5/3
f 3389/5/3 3386/5/3 3385/5/3
f 3390/5/3 3386/5/3 3389/5/3
f 3391/5/3 3386/5/3 3390/5/3
f 3393/5/3 3389/5/3 3388/5/3
f 3393/5/3 3390/5/3 3389/5/3
f 3394/5/3 3390/5/3 3393/5/3
f 3395/5/3 3390/5/3 3394/5/3
f 3397/5/3 3393/5/3 3392/5/3
f 3397/5/3 3394/5/3 3393/5/3
f 3398/5/3 3394/5/3 3397/5/3
f 3399/5/3 3394/5/3 3398/5/3
f 3401/5/3 3397/5/3 3396/5/3
f 3401/5/3 3398/5/3 3397/5/3
f 3402/5/3 3398/5/3 3401/5/3
f 3403/5/3 3398/5/3 3402/5/3
f 3404/5/3 3401/5/3 3400/5/3
f 3404/5/3 3402/5/3 3401/5/3
f 3405/5/3 3402/5/3 3404/5/3
f 3407/5/3 3404/5/3 3400/5/3
f 3408/5/3 3404/5/3 3407/5/3
f 3408/5/3 3407/5/3 3406/5/3
f 3409/5/3 3404/5/3 3408/5/3
f 3411/5/3 3408/5/3 3406/5/3
f 3412/5/3 3408/5/3 3411/5/3
f 3412/5/3 3411/5/3 3410/5/3
f 3413/5/3 3408/5/3 3412/5/3
f 3415/5/3 3412/5/3 3410/5/3
f 3416/5/3 3412/5/3 3415/5/3
f 3417/5/3 3412/5/3 3416/5/3
f 3418/16/3 3415/16/3 3414/16/3
f 3418/5/3 3416/5/3 3415/5/3
f 3419/5/3 3416/5/3 3418/5/3
f 3421/16/3 3418/16/3 3414/16/3
f 3421/16/3 3419/16/3 3418/16/3
f 3424/16/3 3421/16/3 3420/16/3
f 3424/16/3 3419/16/3 3421/16/3
f 3425/16/3 3419/16/3 3424/16/3
f 3427/16/3 3423/16/3 3422/16/3
f 3428/16/3 3424/16/3 3420/16/3
f 3429/6/3 3425/6/3 3424/6/3
f 3429/16/3 3424/16/3 3428/16/3
f 3430/16/3 3419/16/3 3425/16/3
f 3430/6/3 3425/6/3 3429/6/3
f 3431/16/3 3419/16/3 3430/16/3
f 3433/16/3 3427/16/3 3426/16/3
f 3434/16/3 3423/16/3 3427/16/3
f 3434/16/3 3427/16/3 3433/16/3
f 3435/17/3 3429/17/3 3428/17/3
f 3436/16/3 3430/16/3 3429/16/3
f 3436/17/3 3429/17/3 3435/17/3
f 3437/16/3 3430/16/3 3436/16/3
f 3440/6/3 3434/6/3 3433/6/3
f 3440/6/3 3433/6/3 3432/6/3
f 3441/16/3 3423/16/3 3434/16/3
f 3441/6/3 3434/6/3 3440/6/3
f 3442/16/3 3423/16/3 3441/16/3
f 3443/7/3 3437/7/3 3436/7/3
f 3443/7/3 3436/7/3 3435/7/3
f 3444/7/3 3437/7/3 3443/7/3
f 3448/16/3 3439/16/3 3438/16/3
f 3449/16/3 3439/16/3 3448/16/3
f 3450/6/3 3440/6/3 3439/6/3
f 3450/16/3 3439/16/3 3449/16/3
f 3450/6/3 3442/6/3 3441/6/3
f 3450/6/3 3441/6/3 3440/6/3
f 3452/6/3 3444/6/3 3443/6/3
f 3452/6/3 3445/6/3 3444/6/3
f 3453/16/3 3446/16/3 3445/16/3
f 3453/6/3 3445/6/3 3452/6/3
f 3454/6/3 3447/6/3 3446/6/3
f 3454/16/3 3446/16/3 3453/16/3
f 3455/16/3 3449/16/3 3448/16/3
f 3455/6/3 3447/6/3 3454/6/3
f 3455/16/3 3448/16/3 3447/16/3
f 3456/16/3 3449/16/3 3455/16/3
f 3457/16/3 3449/16/3 3456/16/3
f 3458/6/3 3450/6/3 3449/6/3
f 3458/16/3 3449/16/3 3457/16/3
f 3459/6/3 3454/6/3 3453/6/3
f 3459/6/3 3453/6/3 3452/6/3
f 3459/16/3 3457/16/3 3456/16/3
f 3459/6/3 3456/6/3 3455/6/3
f 3459/6/3 3455/6/3 3454/6/3
f 3459/6/3 3452/6/3 3451/6/3
f 3460/6/3 3458/6/3 3457/6/3
f 3460/16/3 3457/16/3 3459/16/3
f 3461/16/3 3423/16/3 3442/16/3
f 3463/6/3 3450/6/3 3458/6/3
f 3463/16/3 3462/16/3 3461/16/3
f 3463/16/3 3461/16/3 3442/16/3
f 3463/6/3 3460/6/3 3459/6/3
f 3463/6/3 3442/6/3 3450/6/3
f 3463/6/3 3458/6/3 3460/6/3
f 3464/16/3 3462/16/3 3463/16/3
f 3465/16/3 3462/16/3 3464/16/3
f 3466/16/3 3465/16/3 3464/16/3
f 3467/6/3 3463/6/3 3459/6/3
f 3467/6/3 3464/6/3 3463/6/3
f 3468/16/3 3466/16/3 3464/16/3
f 3468/6/3 3464/6/3 3467/6/3
f 3469/6/3 3467/6/3 3459/6/3
f 3470/16/3 3468/16/3 3467/16/3
f 3470/6/3 3467/6/3 3469/6/3
f 3471/6/3 3469/6/3 3459/6/3
f 3472/16/3 3470/16/3 3469/16/3
f 3472/6/3 3469/6/3 3471/6/3
f 3473/16/3 3466/16/3 3468/16/3
f 3473/16/3 3470/16/3 3472/16/3
f 3473/16/3 3468/16/3 3470/16/3
f 3474/16/3 3466/16/3 3473/16/3
f 3475/6/3 3471/6/3 3459/6/3
f 3476/16/3 3472/16/3 3471/16/3
f 3476/6/3 3471/6/3 3475/6/3
f 3476/16/3 3473/16/3 3472/16/3
f 3477/16/3 3473/16/3 3476/16/3
f 3478/16/3 3473/16/3 3477/16/3
f 3479/6/3 3475/6/3 3459/6/3
f 3480/16/3 3476/16/3 3475/16/3
f 3480/6/3 3475/6/3 3479/6/3
f 3480/16/3 3477/16/3 3476/16/3
f 3481/16/3 3477/16/3 3480/16/3
f 3482/16/3 3477/16/3 3481/16/3
f 3483/6/3 3479/6/3 3459/6/3
f 3484/16/3 3480/16/3 3479/16/3
f 3484/6/3 3479/6/3 3483/6/3
f 3484/16/3 3481/16/3 3480/16/3
f 3485/16/3 3481/16/3 3484/16/3
f 3486/16/3 3481/16/3 3485/16/3
f 3487/6/3 3483/6/3 3459/6/3
f 3488/16/3 3484/16/3 3483/16/3
f 3488/6/3 3483/6/3 3487/6/3
f 3488/16/3 3485/16/3 3484/16/3
f 3489/16/3 3485/16/3 3488/16/3
f 3490/16/3 3485/16/3 3489/16/3
f 3491/6/3 3487/6/3 3459/6/3
f 3492/16/3 3488/16/3 3487/16/3
f 3492/6/3 3487/6/3 3491/6/3
f 3492/16/3 3489/16/3 3488/16/3
f 3493/16/3 3489/16/3 3492/16/3
f 3494/16/3 3489/16/3 3493/16/3
f 3495/6/3 3491/6/3 3459/6/3
f 3496/16/3 3492/16/3 3491/16/3
f 3496/6/3 3491/6/3 3495/6/3
f 3496/16/3 3493/16/3 3492/16/3
f 3497/16/3 3493/16/3 3496/16/3
f 3498/16/3 3493/16/3 3497/16/3
f 3499/6/3 3459/6/3 3451/6/3
f 3499/6/3 3495/6/3 3459/6/3
f 3500/16/3 3497/16/3 3496/16/3
f 3500/6/3 3495/6/3 3499/6/3
f 3500/16/3 3496/16/3 3495/16/3
f 3501/16/3 3497/16/3 3500/16/3
f 3502/16/3 3497/16/3 3501/16/3
f 3503/6/3 3499/6/3 3451/6/3
f 3504/16/3 3500/16/3 3499/16/3
f 3504/6/3 3499/6/3 3503/6/3
f 3504/16/3 3501/16/3 3500/16/3
f 3505/16/3 3501/16/3 3504/16/3
f 3506/16/3 3501/16/3 3505/16/3
f 3507/6/3 3503/6/3 3451/6/3
f 3508/6/3 3503/6/3 3507/6/3
f 3509/16/3 3504/16/3 3503/16/3
f 3509/6/3 3503/6/3 3508/6/3
f 3509/16/3 3505/16/3 3504/16/3
f 3510/16/3 3505/16/3 3509/16/3
f 3511/16/3 3505/16/3 3510/16/3
f 3512/16/3 3509/16/3 3508/16/3
f 3512/16/3 3510/16/3 3509/16/3
f 3513/16/3 3510/16/3 3512/16/3
f 3518/15/3 3515/15/3 3514/15/3
f 3519/15/3 3515/15/3 3518/15/3
f 3520/15/3 3517/15/3 3516/15/3
f 3521/15/3 3517/15/3 3520/15/3
f 3523/16/3 3522/16/3 3521/16/3
f 3524/16/3 3522/16/3 3523/16/3
f 3525/5/3 3524/5/3 3523/5/3
f 3526/5/3 3524/5/3 3525/5/3
f 3528/16/3 3526/16/3 3525/16/3
f 3529/16/3 3526/16/3 3528/16/3
f 3537/5/3 3531/5/3 3530/5/3
f 3538/5/3 3531/5/3 3537/5/3
f 3543/5/3 3533/5/3 3532/5/3
f 3544/5/3 3533/5/3 3543/5/3
f 3545/5/3 3533/5/3 3544/5/3
f 3546/5/3 3535/5/3 3534/5/3
f 3547/5/3 3535/5/3 3546/5/3
f 3548/5/3 3537/5/3 3536/5/3
f 3549/16/3 3538/16/3 3537/16/3
f 3549/5/3 3537/5/3 3548/5/3
f 3550/16/3 3538/16/3 3549/16/3
f 3551/14/3 3528/14/3 3527/14/3
f 3552/14/3 3528/14/3 3551/14/3
f 3555/16/3 3540/16/3 3539/16/3
f 3556/5/3 3541/5/3 3540/5/3
f 3556/16/3 3540/16/3 3555/16/3
f 3557/5/3 3541/5/3 3556/5/3
f 3558/5/3 3543/5/3 3542/5/3
f 3559/16/3 3544/16/3 3543/16/3
f 3559/5/3 3543/5/3 3558/5/3
f 3560/16/3 3544/16/3 3559/16/3
f 3561/5/3 3546/5/3 3545/5/3
f 3562/5/3 3546/5/3 3561/5/3
f 3563/5/3 3548/5/3 3547/5/3
f 3564/5/3 3548/5/3 3563/5/3
f 3565/16/3 3553/16/3 3552/16/3
f 3566/16/3 3553/16/3 3565/16/3
f 3567/16/3 3555/16/3 3554/16/3
f 3568/16/3 3555/16/3 3567/16/3
f 3569/5/3 3558/5/3 3557/5/3
f 3570/5/3 3558/5/3 3569/5/3
f 3571/5/3 3566/5/3 3565/5/3
f 3572/5/3 3566/5/3 3571/5/3
f 3574/16/3 3572/16/3 3571/16/3
f 3575/16/3 3572/16/3 3574/16/3
f 3583/5/3 3577/5/3 3576/5/3
f 3584/5/3 3577/5/3 3583/5/3
f 3588/5/3 3579/5/3 3578/5/3
f 3589/5/3 3579/5/3 3588/5/3
f 3591/5/3 3581/5/3 3580/5/3
f 3592/5/3 3581/5/3 3591/5/3
f 3593/5/3 3583/5/3 3582/5/3
f 3594/5/3 3583/5/3 3593/5/3
f 3595/5/3 3586/5/3 3585/5/3
f 3596/5/3 3586/5/3 3595/5/3
f 3597/5/3 3588/5/3 3587/5/3
f 3598/5/3 3588/5/3 3597/5/3
f 3599/5/3 3590/5/3 3589/5/3
f 3600/5/3 3590/5/3 3599/5/3
f 3601/14/3 3574/14/3 3573/14/3
f 3602/14/3 3574/14/3 3601/14/3
f 3603/15/3 3602/15/3 3601/15/3
f 3604/15/3 3602/15/3 3603/15/3
f 3606/16/3 3605/16/3 3604/16/3
f 3607/16/3 3605/16/3 3606/16/3
f 3608/5/3 3607/5/3 3606/5/3
f 3609/5/3 3607/5/3 3608/5/3
f 3611/16/3 3609/16/3 3608/16/3
f 3612/16/3 3609/16/3 3611/16/3
f 3613/15/3 3611/15/3 3610/15/3
f 3614/15/3 3611/15/3 3613/15/3
f 3618/15/3 3616/15/3 3615/15/3
f 3620/15/3 3618/15/3 3617/15/3
f 3621/15/3 3616/15/3 3618/15/3
f 3621/15/3 3620/15/3 3619/15/3
f 3621/15/3 3618/15/3 3620/15/3
f 3622/15/3 3616/15/3 3621/15/3
f 3626/15/3 3621/15/3 3619/15/3
f 3627/5/3 3622/5/3 3621/5/3
f 3627/15/3 3621/15/3 3626/15/3
f 3628/5/3 3622/5/3 3627/5/3
f 3629/15/3 3624/15/3 3623/15/3
f 3630/15/3 3624/15/3 3629/15/3
f 3631/15/3 3628/15/3 3627/15/3
f 3631/15/3 3626/15/3 3625/15/3
f 3631/15/3 3627/15/3 3626/15/3
f 3633/15/3 3631/15/3 3625/15/3
f 3633/5/3 3632/5/3 3631/5/3
f 3634/5/3 3632/5/3 3633/5/3
f 3635/15/3 3634/15/3 3633/15/3
f 3643/5/3 3640/5/3 3639/5/3
f 3644/5/3 3640/5/3 3643/5/3
f 3645/5/3 3642/5/3 3641/5/3
f 3646/5/3 3642/5/3 3645/5/3
f 3647/15/3 3638/15/3 3637/15/3
f 3647/15/3 3637/15/3 3636/15/3
f 3647/15/3 3636/15/3 3635/15/3
f 3647/15/3 3635/15/3 3633/15/3
f 3647/15/3 3633/15/3 3625/15/3
f 3648/15/3 3638/15/3 3647/15/3
f 3649/15/3 3647/15/3 3625/15/3
f 3650/14/3 3648/14/3 3647/14/3
f 3650/15/3 3647/15/3 3649/15/3
f 3651/15/3 3638/15/3 3648/15/3
f 3651/14/3 3648/14/3 3650/14/3
f 3651/14/3 3650/14/3 3649/14/3
f 3652/15/3 3638/15/3 3651/15/3
f 3653/14/3 3651/14/3 3649/14/3
f 3653/14/3 3652/14/3 3651/14/3
f 3654/14/3 3652/14/3 3653/14/3
f 3655/15/3 3649/15/3 3625/15/3
f 3655/14/3 3653/14/3 3649/14/3
f 3656/14/3 3653/14/3 3655/14/3
f 3657/15/3 3656/15/3 3655/15/3
f 3657/14/3 3653/14/3 3656/14/3
f 3658/14/3 3653/14/3 3657/14/3
f 3659/15/3 3658/15/3 3657/15/3
f 3659/14/3 3653/14/3 3658/14/3
f 3660/15/3 3654/15/3 3653/15/3
f 3660/14/3 3653/14/3 3659/14/3
f 3661/15/3 3659/15/3 3657/15/3
f 3661/15/3 3655/15/3 3625/15/3
f 3661/15/3 3660/15/3 3659/15/3
f 3661/15/3 3657/15/3 3655/15/3
f 3662/15/3 3660/15/3 3661/15/3
f 3663/15/3 3654/15/3 3660/15/3
f 3663/15/3 3660/15/3 3662/15/3
f 3664/15/3 3654/15/3 3663/15/3
f 3665/15/3 3644/15/3 3643/15/3
f 3666/15/3 3644/15/3 3665/15/3
f 3667/15/3 3646/15/3 3645/15/3
f 3668/15/3 3646/15/3 3667/15/3
f 3669/15/3 3663/15/3 3662/15/3
f 3670/5/3 3664/5/3 3663/5/3
f 3670/15/3 3663/15/3 3669/15/3
f 3671/15/3 3669/15/3 3662/15/3
f 3672/5/3 3670/5/3 3669/5/3
f 3672/15/3 3669/15/3 3671/15/3
f 3673/5/3 3670/5/3 3672/5/3
f 3674/5/3 3664/5/3 3670/5/3
f 3674/5/3 3670/5/3 3673/5/3
f 3675/5/3 3662/5/3 3661/5/3
f 3675/15/3 3671/15/3 3662/15/3
f 3676/5/3 3673/5/3 3672/5/3
f 3676/15/3 3671/15/3 3675/15/3
f 3676/5/3 3672/5/3 3671/5/3
f 3677/5/3 3673/5/3 3676/5/3
f 3678/5/3 3673/5/3 3677/5/3
f 3679/5/3 3666/5/3 3665/5/3
f 3680/5/3 3666/5/3 3679/5/3
f 3681/5/3 3668/5/3 3667/5/3
f 3682/5/3 3668/5/3 3681/5/3
f 3683/5/3 3675/5/3 3661/5/3
f 3683/5/3 3677/5/3 3676/5/3
f 3683/5/3 3676/5/3 3675/5/3
f 3684/5/3 3677/5/3 3683/5/3
f 3685/5/3 3683/5/3 3661/5/3
f 3686/5/3 3683/5/3 3685/5/3
f 3690/14/3 3688/14/3 3687/14/3
f 3691/14/3 3688/14/3 3690/14/3
f 3693/14/3 3690/14/3 3689/14/3
f 3694/14/3 3690/14/3 3693/14/3
f 3697/6/3 3696/6/3 3695/6/3
f 3698/6/3 3696/6/3 3697/6/3
f 3700/14/3 3693/14/3 3692/14/3
f 3701/14/3 3693/14/3 3700/14/3
f 3702/16/3 3698/16/3 3697/16/3
f 3703/16/3 3698/16/3 3702/16/3
f 3704/14/3 3700/14/3 3699/14/3
f 3705/14/3 3700/14/3 3704/14/3
f 3706/6/3 3703/6/3 3702/6/3
f 3707/6/3 3703/6/3 3706/6/3
f 3708/16/3 3707/16/3 3706/16/3
f 3709/16/3 3707/16/3 3708/16/3
f 3710/6/3 3709/6/3 3708/6/3
f 3711/6/3 3709/6/3 3710/6/3
f 3720/5/3 3713/5/3 3712/5/3
f 3721/5/3 3713/5/3 3720/5/3
f 3722/5/3 3715/5/3 3714/5/3
f 3723/5/3 3715/5/3 3722/5/3
f 3726/5/3 3717/5/3 3716/5/3
f 3727/5/3 3717/5/3 3726/5/3
f 3728/5/3 3719/5/3 3718/5/3
f 3729/5/3 3719/5/3 3728/5/3
f 3730/16/3 3725/16/3 3724/16/3
f 3731/16/3 3725/16/3 3730/16/3
f 3735/9/3 3733/9/3 3732/9/3
f 3736/9/3 3733/9/3 3735/9/3
f 3738/9/3 3735/9/3 3734/9/3
f 3739/8/3 3736/8/3 3735/8/3
f 3739/9/3 3735/9/3 3738/9/3
f 3740/9/3 3737/9/3 3736/9/3
f 3740/8/3 3736/8/3 3739/8/3
f 3741/9/3 3737/9/3 3740/9/3
f 3742/2/3 3739/2/3 3738/2/3
f 3743/9/3 3740/9/3 3739/9/3
f 3743/2/3 3739/2/3 3742/2/3
f 3744/2/3 3741/2/3 3740/2/3
f 3744/9/3 3740/9/3 3743/9/3
f 3745/2/3 3741/2/3 3744/2/3
f 3746/3/3 3744/3/3 3743/3/3
f 3747/3/3 3744/3/3 3746/3/3
f 3752/12/3 3749/12/3 3748/12/3
f 3753/3/3 3750/3/3 3749/3/3
f 3753/12/3 3749/12/3 3752/12/3
f 3754/12/3 3751/12/3 3750/12/3
f 3754/3/3 3750/3/3 3753/3/3
f 3755/12/3 3751/12/3 3754/12/3
f 3756/11/3 3753/11/3 3752/11/3
f 3756/11/3 3754/11/3 3753/11/3
f 3757/3/3 3755/3/3 3754/3/3
f 3757/11/3 3754/11/3 3756/11/3
f 3760/11/3 3756/11/3 3752/11/3
f 3761/10/3 3757/10/3 3756/10/3
f 3761/11/3 3756/11/3 3760/11/3
f 3762/3/3 3755/3/3 3757/3/3
f 3762/10/3 3757/10/3 3761/10/3
f 3763/3/3 3755/3/3 3762/3/3
f 3764/15/3 3759/15/3 3758/15/3
f 3765/15/3 3759/15/3 3764/15/3
f 3768/12/3 3767/12/3 3766/12/3
f 3769/12/3 3767/12/3 3768/12/3
f 3771/3/3 3769/3/3 3768/3/3
f 3771/3/3 3770/3/3 3769/3/3
f 3772/3/3 3770/3/3 3771/3/3
f 3773/3/3 3770/3/3 3772/3/3
f 3776/11/3 3772/11/3 3771/11/3
f 3777/10/3 3773/10/3 3772/10/3
f 3777/11/3 3772/11/3 3776/11/3
f 3778/3/3 3774/3/3 3773/3/3
f 3778/10/3 3773/10/3 3777/10/3
f 3779/3/3 3774/3/3 3778/3/3
f 3781/3/3 3776/3/3 3775/3/3
f 3782/10/3 3777/10/3 3776/10/3
f 3782/3/3 3776/3/3 3781/3/3
f 3782/10/3 3778/10/3 3777/10/3
f 3782/10/3 3779/10/3 3778/10/3
f 3783/10/3 3779/10/3 3782/10/3
f 3784/11/3 3780/11/3 3779/11/3
f 3784/10/3 3779/10/3 3783/10/3
f 3785/11/3 3780/11/3 3784/11/3
f 3787/12/3 3782/12/3 3781/12/3
f 3788/11/3 3783/11/3 3782/11/3
f 3788/12/3 3782/12/3 3787/12/3
f 3789/10/3 3784/10/3 3783/10/3
f 3789/11/3 3783/11/3 3788/11/3
f 3789/10/3 3785/10/3 3784/10/3
f 3790/10/3 3785/10/3 3789/10/3
f 3791/3/3 3786/3/3 3785/3/3
f 3791/10/3 3785/10/3 3790/10/3
f 3792/3/3 3786/3/3 3791/3/3
f 3794/11/3 3790/11/3 3789/11/3
f 3795/10/3 3792/10/3 3791/10/3
f 3795/11/3 3790/11/3 3794/11/3
f 3795/10/3 3791/10/3 3790/10/3
f 3796/10/3 3792/10/3 3795/10/3
f 3797/10/3 3792/10/3 3796/10/3
f 3798/11/3 3797/11/3 3796/11/3
f 3799/10/3 3792/10/3 3797/10/3
f 3799/11/3 3797/11/3 3798/11/3
f 3802/10/3 3792/10/3 3799/10/3
f 3803/10/3 3792/10/3 3802/10/3
f 3804/11/3 3793/11/3 3792/11/3
f 3804/10/3 3792/10/3 3803/10/3
f 3805/11/3 3793/11/3 3804/11/3
f 3806/12/3 3801/12/3 3800/12/3
f 3807/12/3 3801/12/3 3806/12/3
f 3813/11/3 3803/11/3 3802/11/3
f 3814/10/3 3804/10/3 3803/10/3
f 3814/11/3 3803/11/3 3813/11/3
f 3814/10/3 3805/10/3 3804/10/3
f 3815/11/3 3807/11/3 3806/11/3
f 3815/11/3 3808/11/3 3807/11/3
f 3816/3/3 3809/3/3 3808/3/3
f 3816/11/3 3808/11/3 3815/11/3
f 3817/3/3 3809/3/3 3816/3/3
f 3819/12/3 3811/12/3 3810/12/3
f 3820/3/3 3812/3/3 3811/3/3
f 3820/12/3 3811/12/3 3819/12/3
f 3821/3/3 3812/3/3 3820/3/3
f 3824/3/3 3814/3/3 3813/3/3
f 3825/10/3 3805/10/3 3814/10/3
f 3825/3/3 3814/3/3 3824/3/3
f 3826/11/3 3815/11/3 3806/11/3
f 3827/10/3 3818/10/3 3817/10/3
f 3827/11/3 3815/11/3 3826/11/3
f 3827/10/3 3816/10/3 3815/10/3
f 3827/10/3 3817/10/3 3816/10/3
f 3828/10/3 3818/10/3 3827/10/3
f 3829/11/3 3819/11/3 3818/11/3
f 3829/10/3 3818/10/3 3828/10/3
f 3829/11/3 3821/11/3 3820/11/3
f 3829/11/3 3820/11/3 3819/11/3
f 3830/11/3 3821/11/3 3829/11/3
f 3831/11/3 3821/11/3 3830/11/3
f 3832/11/3 3821/11/3 3831/11/3
f 3833/14/3 3823/14/3 3822/14/3
f 3834/14/3 3823/14/3 3833/14/3
f 3835/10/3 3805/10/3 3825/10/3
f 3836/10/3 3805/10/3 3835/10/3
f 3837/3/3 3828/3/3 3827/3/3
f 3838/11/3 3829/11/3 3828/11/3
f 3838/3/3 3828/3/3 3837/3/3
f 3839/11/3 3829/11/3 3838/11/3
f 3840/10/3 3830/10/3 3829/10/3
f 3840/11/3 3829/11/3 3839/11/3
f 3841/11/3 3831/11/3 3830/11/3
f 3841/10/3 3830/10/3 3840/10/3
f 3842/11/3 3831/11/3 3841/11/3
f 3843/3/3 3832/3/3 3831/3/3
f 3843/11/3 3831/11/3 3842/11/3
f 3844/3/3 3832/3/3 3843/3/3
f 3845/10/3 3805/10/3 3836/10/3
f 3846/10/3 3805/10/3 3845/10/3
f 3847/12/3 3840/12/3 3839/12/3
f 3848/3/3 3841/3/3 3840/3/3
f 3848/12/3 3840/12/3 3847/12/3
f 3849/12/3 3842/12/3 3841/12/3
f 3849/3/3 3841/3/3 3848/3/3
f 3850/12/3 3842/12/3 3849/12/3
f 3855/2/3 3852/2/3 3851/2/3
f 3856/2/3 3852/2/3 3855/2/3
f 3857/3/3 3854/3/3 3853/3/3
f 3858/3/3 3854/3/3 3857/3/3
f 3863/3/3 3860/3/3 3859/3/3
f 3864/3/3 3860/3/3 3863/3/3
f 3865/3/3 3862/3/3 3861/3/3
f 3866/3/3 3862/3/3 3865/3/3
f 3867/3/3 3865/3/3 3864/3/3
f 3868/3/3 3865/3/3 3867/3/3
f 3871/3/3 3870/3/3 3869/3/3
f 3872/3/3 3870/3/3 3871/3/3
f 3879/15/3 3874/15/3 3873/15/3
f 3880/15/3 3874/15/3 3879/15/3
f 3881/15/3 3876/15/3 3875/15/3
f 3882/15/3 3876/15/3 3881/15/3
f 3883/15/3 3878/15/3 3877/15/3
f 3884/15/3 3878/15/3 3883/15/3
f 3885/15/3 3874/15/3 3880/15/3
f 3886/15/3 3874/15/3 3885/15/3
f 3887/15/3 3874/15/3 3886/15/3
f 3888/14/3 3887/14/3 3886/14/3
f 3889/14/3 3887/14/3 3888/14/3
f 3890/14/3 3887/14/3 3889/14/3
f 3891/14/3 3887/14/3 3890/14/3
f 3892/14/3 3887/14/3 3891/14/3
f 3893/15/3 3892/15/3 3891/15/3
f 3894/15/3 3892/15/3 3893/15/3
f 3895/15/3 3892/15/3 3894/15/3
f 3898/5/3 3897/5/3 3896/5/3
f 3899/5/3 3897/5/3 3898/5/3
f 3900/14/3 3895/14/3 3894/14/3
f 3901/14/3 3895/14/3 3900/14/3
f 3902/14/3 3895/14/3 3901/14/3
f 3903/15/3 3902/15/3 3901/15/3
f 3904/15/3 3902/15/3 3903/15/3
f 3905/15/3 3902/15/3 3904/15/3
f 3906/15/3 3902/15/3 3905/15/3
f 3911/15/3 3908/15/3 3907/15/3
f 3912/15/3 3908/15/3 3911/15/3
f 3913/15/3 3910/15/3 3909/15/3
f 3914/15/3 3910/15/3 3913/15/3
f 3917/14/3 3916/14/3 3915/14/3
f 3918/14/3 3916/14/3 3917/14/3
f 3924/11/3 3920/11/3 3919/11/3
f 3925/3/3 3921/3/3 3920/3/3
f 3925/11/3 3920/11/3 3924/11/3
f 3926/3/3 3921/3/3 3925/3/3
f 3928/3/3 3923/3/3 3922/3/3
f 3929/3/3 3923/3/3 3928/3/3
f 3930/10/3 3927/10/3 3926/10/3
f 3930/10/3 3925/10/3 3924/10/3
f 3930/10/3 3926/10/3 3925/10/3
f 3931/10/3 3927/10/3 3930/10/3
f 3932/11/3 3929/11/3 3928/11/3
f 3932/10/3 3927/10/3 3931/10/3
f 3932/11/3 3928/11/3 3927/11/3
f 3933/11/3 3929/11/3 3932/11/3
f 3934/11/3 3929/11/3 3933/11/3
f 3935/3/3 3931/3/3 3930/3/3
f 3936/11/3 3932/11/3 3931/11/3
f 3936/3/3 3931/3/3 3935/3/3
f 3936/11/3 3933/11/3 3932/11/3
f 3937/11/3 3933/11/3 3936/11/3
f 3938/11/3 3933/11/3 3937/11/3
f 3939/3/3 3934/3/3 3933/3/3
f 3939/11/3 3933/11/3 3938/11/3
f 3940/3/3 3934/3/3 3939/3/3
f 3941/12/3 3938/12/3 3937/12/3
f 3942/12/3 3938/12/3 3941/12/3
f 3948/15/3 3944/15/3 3943/15/3
f 3949/15/3 3944/15/3 3948/15/3
f 3950/15/3 3946/15/3 3945/15/3
f 3951/15/3 3946/15/3 3950/15/3
f 3952/16/3 3948/16/3 3947/16/3
f 3953/16/3 3948/16/3 3952/16/3
f 3954/5/3 3953/5/3 3952/5/3
f 3955/5/3 3953/5/3 3954/5/3
f 3959/14/3 3957/14/3 3956/14/3
f 3960/14/3 3957/14/3 3959/14/3
f 3962/14/3 3959/14/3 3958/14/3
f 3963/14/3 3959/14/3 3962/14/3
f 3964/14/3 3962/14/3 3961/14/3
f 3965/14/3 3962/14/3 3964/14/3
f 3970/15/3 3967/15/3 3966/15/3
f 3971/15/3 3967/15/3 3970/15/3
f 3972/15/3 3969/15/3 3968/15/3
f 3973/15/3 3969/15/3 3972/15/3
f 3978/15/3 3975/15/3 3974/15/3
f 3979/15/3 3975/15/3 3978/15/3
f 3980/15/3 3977/15/3 3976/15/3
f 3981/15/3 3977/15/3 3980/15/3
f 3984/15/3 3983/15/3 3982/15/3
f 3985/15/3 3983/15/3 3984/15/3
f 3988/5/3 3987/5/3 3986/5/3
f 3989/5/3 3987/5/3 3988/5/3
f 3990/15/3 3989/15/3 3988/15/3
f 3991/15/3 3989/15/3 3990/15/3
f 3992/5/3 3991/5/3 3990/5/3
f 3993/5/3 3991/5/3 3992/5/3
f 3994/5/4 3995/5/4 3996/5/4
f 3996/5/4 3995/5/4 3997/5/4
f 3996/15/4 3997/15/4 3998/15/4
f 3998/15/4 3997/15/4 3999/15/4
f 3998/5/4 3999/5/4 4000/5/4
f 4000/5/4 3999/5/4 4001/5/4
f 4002/15/4 4003/15/4 4004/15/4
f 4004/15/4 4003/15/4 4005/15/4
f 4006/15/4 4007/15/4 4010/15/4
f 4010/15/4 4007/15/4 4011/15/4
f 4008/15/4 4009/15/4 4012/15/4
f 4012/15/4 4009/15/4 4013/15/4
f 4014/15/4 4015/15/4 4018/15/4
f 4018/15/4 4015/15/4 4019/15/4
f 4016/15/4 4017/15/4 4020/15/4
f 4020/15/4 4017/15/4 4021/15/4
f 4022/15/4 4023/15/4 4026/15/4
f 4026/15/4 4023/15/4 4027/15/4
f 4024/15/4 4025/15/4 4028/15/4
f 4028/15/4 4025/15/4 4029/15/4
f 4030/5/4 4031/5/4 4032/5/4
f 4032/5/4 4031/5/4 4033/5/4
f 4034/15/4 4035/15/4 4038/15/4
f 4038/15/4 4035/15/4 4039/15/4
f 4036/15/4 4037/15/4 4040/15/4
f 4040/15/4 4037/15/4 4041/15/4
f 4042/14/4 4043/14/4 4044/14/4
f 4044/14/4 4043/14/4 4045/14/4
f 4046/15/4 4047/15/4 4052/15/4
f 4052/15/4 4047/15/4 4053/15/4
f 4048/15/4 4049/15/4 4054/15/4
f 4054/15/4 4049/15/4 4055/15/4
f 4050/15/4 4051/15/4 4056/15/4
f 4056/15/4 4051/15/4 4057/15/4
f 4053/15/4 4047/15/4 4058/15/4
f 4058/15/4 4047/15/4 4059/15/4
f 4059/15/4 4047/15/4 4060/15/4
f 4059/14/4 4060/14/4 4061/14/4
f 4061/14/4 4060/14/4 4062/14/4
f 4062/14/4 4060/14/4 4063/14/4
f 4063/14/4 4060/14/4 4064/14/4
f 4064/14/4 4060/14/4 4065/14/4
f 4064/15/4 4065/15/4 4066/15/4
f 4066/15/4 4065/15/4 4067/15/4
f 4067/15/4 4065/15/4 4068/15/4
f 4067/14/4 4068/14/4 4069/14/4
f 4069/14/4 4068/14/4 4070/14/4
f 4070/14/4 4068/14/4 4071/14/4
f 4070/15/4 4071/15/4 4072/15/4
f 4072/15/4 4071/15/4 4073/15/4
f 4073/15/4 4071/15/4 4074/15/4
f 4074/15/4 4071/15/4 4075/15/4
f 4076/14/4 4077/14/4 4079/14/4
f 4079/14/4 4077/14/4 4080/14/4
f 4078/14/4 4079/14/4 4082/14/4
f 4082/14/4 4079/14/4 4083/14/4
f 4081/14/4 4082/14/4 4084/14/4
f 4084/14/4 4082/14/4 4085/14/4
f 4086/12/4 4087/12/4 4088/12/4
f 4088/12/4 4087/12/4 4089/12/4
f 4088/11/4 4089/11/4 4095/11/4
f 4089/11/4 4090/11/4 4095/11/4
f 4090/3/4 4091/3/4 4096/3/4
f 4095/11/4 4090/11/4 4096/11/4
f 4096/3/4 4091/3/4 4097/3/4
f 4092/12/4 4093/12/4 4099/12/4
f 4093/3/4 4094/3/4 4100/3/4
f 4099/12/4 4093/12/4 4100/12/4
f 4100/3/4 4094/3/4 4101/3/4
f 4088/11/4 4095/11/4 4102/11/4
f 4097/10/4 4098/10/4 4103/10/4
f 4102/11/4 4095/11/4 4103/11/4
f 4095/10/4 4096/10/4 4103/10/4
f 4096/10/4 4097/10/4 4103/10/4
f 4103/10/4 4098/10/4 4104/10/4
f 4098/11/4 4099/11/4 4105/11/4
f 4104/10/4 4098/10/4 4105/10/4
f 4100/11/4 4101/11/4 4105/11/4
f 4099/11/4 4100/11/4 4105/11/4
f 4105/11/4 4101/11/4 4106/11/4
f 4106/11/4 4101/11/4 4107/11/4
f 4107/11/4 4101/11/4 4108/11/4
f 4103/3/4 4104/3/4 4109/3/4
f 4104/11/4 4105/11/4 4110/11/4
f 4109/3/4 4104/3/4 4110/3/4
f 4110/11/4 4105/11/4 4111/11/4
f 4105/10/4 4106/10/4 4112/10/4
f 4111/11/4 4105/11/4 4112/11/4
f 4106/11/4 4107/11/4 4113/11/4
f 4112/10/4 4106/10/4 4113/10/4
f 4113/11/4 4107/11/4 4114/11/4
f 4107/3/4 4108/3/4 4115/3/4
f 4114/11/4 4107/11/4 4115/11/4
f 4115/3/4 4108/3/4 4116/3/4
f 4111/12/4 4112/12/4 4117/12/4
f 4112/3/4 4113/3/4 4118/3/4
f 4117/12/4 4112/12/4 4118/12/4
f 4113/12/4 4114/12/4 4119/12/4
f 4118/3/4 4113/3/4 4119/3/4
f 4119/12/4 4114/12/4 4120/12/4
f 4121/15/4 4122/15/4 4125/15/4
f 4125/15/4 4122/15/4 4126/15/4
f 4123/15/4 4124/15/4 4127/15/4
f 4127/15/4 4124/15/4 4128/15/4
f 4128/16/4 4129/16/4 4130/16/4
f 4130/16/4 4129/16/4 4131/16/4
f 4130/5/4 4131/5/4 4132/5/4
f 4132/5/4 4131/5/4 4133/5/4
f 4132/16/4 4133/16/4 4135/16/4
f 4135/16/4 4133/16/4 4136/16/4
f 4134/14/4 4135/14/4 4137/14/4
f 4137/14/4 4135/14/4 4138/14/4
f 4138/16/4 4139/16/4 4140/16/4
f 4140/16/4 4139/16/4 4141/16/4
f 4140/5/4 4141/5/4 4142/5/4
f 4142/5/4 4141/5/4 4143/5/4
f 4142/16/4 4143/16/4 4145/16/4
f 4145/16/4 4143/16/4 4146/16/4
f 4147/5/4 4148/5/4 4155/5/4
f 4155/5/4 4148/5/4 4156/5/4
f 4149/5/4 4150/5/4 4157/5/4
f 4157/5/4 4150/5/4 4158/5/4
f 4151/5/4 4152/5/4 4161/5/4
f 4161/5/4 4152/5/4 4162/5/4
f 4153/5/4 4154/5/4 4163/5/4
f 4163/5/4 4154/5/4 4164/5/4
f 4159/16/4 4160/16/4 4165/16/4
f 4165/16/4 4160/16/4 4166/16/4
f 4144/14/4 4145/14/4 4167/14/4
f 4167/14/4 4145/14/4 4168/14/4
f 4167/15/4 4168/15/4 4169/15/4
f 4169/15/4 4168/15/4 4170/15/4
f 4170/16/4 4171/16/4 4172/16/4
f 4172/16/4 4171/16/4 4173/16/4
f 4172/5/4 4173/5/4 4174/5/4
f 4174/5/4 4173/5/4 4175/5/4
f 4174/16/4 4175/16/4 4181/16/4
f 4181/16/4 4175/16/4 4182/16/4
f 4176/2/4 4177/2/4 4183/2/4
f 4183/2/4 4177/2/4 4184/2/4
f 4178/3/4 4179/3/4 4185/3/4
f 4185/3/4 4179/3/4 4186/3/4
f 4180/15/4 4181/15/4 4187/15/4
f 4187/15/4 4181/15/4 4188/15/4
f 4189/3/4 4190/3/4 4193/3/4
f 4193/3/4 4190/3/4 4194/3/4
f 4191/3/4 4192/3/4 4195/3/4
f 4195/3/4 4192/3/4 4196/3/4
f 4194/3/4 4195/3/4 4197/3/4
f 4197/3/4 4195/3/4 4198/3/4
f 4199/15/4 4200/15/4 4205/15/4
f 4205/15/4 4200/15/4 4206/15/4
f 4201/15/4 4202/15/4 4207/15/4
f 4207/15/4 4202/15/4 4208/15/4
f 4203/15/4 4204/15/4 4209/15/4
f 4209/15/4 4204/15/4 4210/15/4
f 4210/16/4 4211/16/4 4212/16/4
f 4212/16/4 4211/16/4 4213/16/4
f 4212/5/4 4213/5/4 4214/5/4
f 4214/5/4 4213/5/4 4215/5/4
f 4214/16/4 4215/16/4 4217/16/4
f 4217/16/4 4215/16/4 4218/16/4
f 4219/5/4 4220/5/4 4226/5/4
f 4226/5/4 4220/5/4 4227/5/4
f 4221/5/4 4222/5/4 4231/5/4
f 4231/5/4 4222/5/4 4232/5/4
f 4223/5/4 4224/5/4 4233/5/4
f 4233/5/4 4224/5/4 4234/5/4
f 4225/5/4 4226/5/4 4235/5/4
f 4235/5/4 4226/5/4 4236/5/4
f 4216/14/4 4217/14/4 4237/14/4
f 4237/14/4 4217/14/4 4238/14/4
f 4228/16/4 4229/16/4 4240/16/4
f 4240/16/4 4229/16/4 4241/16/4
f 4230/5/4 4231/5/4 4242/5/4
f 4242/5/4 4231/5/4 4243/5/4
f 4238/16/4 4239/16/4 4244/16/4
f 4244/16/4 4239/16/4 4245/16/4
f 4244/5/4 4245/5/4 4246/5/4
f 4246/5/4 4245/5/4 4247/5/4
f 4246/16/4 4247/16/4 4249/16/4
f 4249/16/4 4247/16/4 4250/16/4
f 4248/14/4 4249/14/4 4251/14/4
f 4251/14/4 4249/14/4 4252/14/4
f 4251/15/4 4252/15/4 4253/15/4
f 4253/15/4 4252/15/4 4254/15/4
f 4254/16/4 4255/16/4 4256/16/4
f 4256/16/4 4255/16/4 4257/16/4
f 4256/5/4 4257/5/4 4258/5/4
f 4258/5/4 4257/5/4 4259/5/4
f 4258/16/4 4259/16/4 4263/16/4
f 4263/16/4 4259/16/4 4264/16/4
f 4260/9/4 4261/9/4 4266/9/4
f 4266/9/4 4261/9/4 4267/9/4
f 4262/15/4 4263/15/4 4269/15/4
f 4269/15/4 4263/15/4 4270/15/4
f 4265/9/4 4266/9/4 4271/9/4
f 4266/8/4 4267/8/4 4272/8/4
f 4271/9/4 4266/9/4 4272/9/4
f 4267/9/4 4268/9/4 4273/9/4
f 4272/8/4 4267/8/4 4273/8/4
f 4273/9/4 4268/9/4 4274/9/4
f 4271/2/4 4272/2/4 4275/2/4
f 4272/9/4 4273/9/4 4276/9/4
f 4275/2/4 4272/2/4 4276/2/4
f 4273/2/4 4274/2/4 4277/2/4
f 4276/9/4 4273/9/4 4277/9/4
f 4277/2/4 4274/2/4 4278/2/4
f 4276/3/4 4277/3/4 4279/3/4
f 4279/3/4 4277/3/4 4280/3/4
f 4281/15/4 4282/15/4 4288/15/4
f 4283/12/4 4284/12/4 4289/12/4
f 4284/3/4 4285/3/4 4290/3/4
f 4289/12/4 4284/12/4 4290/12/4
f 4285/12/4 4286/12/4 4291/12/4
f 4290/3/4 4285/3/4 4291/3/4
f 4291/12/4 4286/12/4 4292/12/4
f 4287/15/4 4288/15/4 4294/15/4
f 4289/11/4 4290/11/4 4295/11/4
f 4290/11/4 4291/11/4 4295/11/4
f 4291/3/4 4292/3/4 4296/3/4
f 4295/11/4 4291/11/4 4296/11/4
f 4293/15/4 4294/15/4 4297/15/4
f 4288/15/4 4282/15/4 4297/15/4
f 4294/15/4 4288/15/4 4297/15/4
f 4297/15/4 4282/15/4 4298/15/4
f 4289/11/4 4295/11/4 4301/11/4
f 4295/10/4 4296/10/4 4302/10/4
f 4301/11/4 4295/11/4 4302/11/4
f 4296/3/4 4292/3/4 4303/3/4
f 4302/10/4 4296/10/4 4303/10/4
f 4303/3/4 4292/3/4 4304/3/4
f 4293/15/4 4297/15/4 4306/15/4
f 4297/5/4 4298/5/4 4307/5/4
f 4306/15/4 4297/15/4 4307/15/4
f 4307/5/4 4298/5/4 4308/5/4
f 4299/15/4 4300/15/4 4309/15/4
f 4309/15/4 4300/15/4 4310/15/4
f 4307/15/4 4308/15/4 4311/15/4
f 4305/15/4 4306/15/4 4311/15/4
f 4306/15/4 4307/15/4 4311/15/4
f 4305/15/4 4311/15/4 4313/15/4
f 4311/5/4 4312/5/4 4313/5/4
f 4313/5/4 4312/5/4 4314/5/4
f 4305/15/4 4313/15/4 4315/15/4
f 4313/15/4 4314/15/4 4315/15/4
f 4315/15/4 4314/15/4 4316/15/4
f 4317/12/4 4318/12/4 4319/12/4
f 4319/12/4 4318/12/4 4320/12/4
f 4319/3/4 4320/3/4 4322/3/4
f 4320/3/4 4321/3/4 4322/3/4
f 4322/3/4 4321/3/4 4323/3/4
f 4323/3/4 4321/3/4 4324/3/4
f 4322/11/4 4323/11/4 4327/11/4
f 4323/10/4 4324/10/4 4328/10/4
f 4327/11/4 4323/11/4 4328/11/4
f 4324/3/4 4325/3/4 4329/3/4
f 4328/10/4 4324/10/4 4329/10/4
f 4329/3/4 4325/3/4 4330/3/4
f 4326/3/4 4327/3/4 4332/3/4
f 4329/10/4 4330/10/4 4333/10/4
f 4332/3/4 4327/3/4 4333/3/4
f 4328/10/4 4329/10/4 4333/10/4
f 4327/10/4 4328/10/4 4333/10/4
f 4333/10/4 4330/10/4 4334/10/4
f 4330/11/4 4331/11/4 4335/11/4
f 4334/10/4 4330/10/4 4335/10/4
f 4335/11/4 4331/11/4 4336/11/4
f 4332/12/4 4333/12/4 4338/12/4
f 4333/11/4 4334/11/4 4339/11/4
f 4338/12/4 4333/12/4 4339/12/4
f 4334/10/4 4335/10/4 4340/10/4
f 4339/11/4 4334/11/4 4340/11/4
f 4335/10/4 4336/10/4 4340/10/4
f 4340/10/4 4336/10/4 4341/10/4
f 4336/3/4 4337/3/4 4342/3/4
f 4341/10/4 4336/10/4 4342/10/4
f 4342/3/4 4337/3/4 4343/3/4
f 4340/11/4 4341/11/4 4345/11/4
f 4342/10/4 4343/10/4 4346/10/4
f 4345/11/4 4341/11/4 4346/11/4
f 4341/10/4 4342/10/4 4346/10/4
f 4345/3/4 4346/3/4 4347/3/4
f 4346/10/4 4343/10/4 4348/10/4
f 4347/3/4 4346/3/4 4348/3/4
f 4348/10/4 4343/10/4 4349/10/4
f 4343/11/4 4344/11/4 4350/11/4
f 4349/10/4 4343/10/4 4350/10/4
f 4350/11/4 4344/11/4 4351/11/4
f 4348/11/4 4349/11/4 4352/11/4
f 4352/11/4 4349/11/4 4353/11/4
f 4350/10/4 4351/10/4 4354/10/4
f 4353/11/4 4349/11/4 4354/11/4
f 4349/10/4 4350/10/4 4354/10/4
f 4353/3/4 4354/3/4 4355/3/4
f 4354/10/4 4351/10/4 4356/10/4
f 4355/3/4 4354/3/4 4356/3/4
f 4355/11/4 4356/11/4 4359/11/4
f 4356/10/4 4351/10/4 4360/10/4
f 4359/11/4 4356/11/4 4360/11/4
f 4357/14/4 4358/14/4 4361/14/4
f 4361/14/4 4358/14/4 4362/14/4
f 4360/10/4 4351/10/4 4363/10/4
f 4363/10/4 4351/10/4 4364/10/4
f 4364/10/4 4351/10/4 4365/10/4
f 4365/10/4 4351/10/4 4366/10/4
f 4367/15/4 4368/15/4 4373/15/4
f 4373/15/4 4368/15/4 4374/15/4
f 4369/15/4 4370/15/4 4375/15/4
f 4375/15/4 4370/15/4 4376/15/4
f 4371/15/4 4372/15/4 4377/15/4
f 4377/15/4 4372/15/4 4378/15/4
f 4378/16/4 4379/16/4 4380/16/4
f 4380/16/4 4379/16/4 4381/16/4
f 4380/5/4 4381/5/4 4382/5/4
f 4382/5/4 4381/5/4 4383/5/4
f 4382/16/4 4383/16/4 4385/16/4
f 4385/16/4 4383/16/4 4386/16/4
f 4387/16/4 4388/16/4 4396/16/4
f 4396/16/4 4388/16/4 4397/16/4
f 4389/16/4 4390/16/4 4399/16/4
f 4399/16/4 4390/16/4 4400/16/4
f 4391/16/4 4392/16/4 4402/16/4
f 4402/16/4 4392/16/4 4403/16/4
f 4384/14/4 4385/14/4 4404/14/4
f 4404/14/4 4385/14/4 4405/14/4
f 4393/16/4 4394/16/4 4409/16/4
f 4409/16/4 4394/16/4 4410/16/4
f 4395/16/4 4396/16/4 4412/16/4
f 4412/16/4 4396/16/4 4413/16/4
f 4397/16/4 4398/16/4 4414/16/4
f 4414/16/4 4398/16/4 4415/16/4
f 4400/16/4 4401/16/4 4416/16/4
f 4416/16/4 4401/16/4 4417/16/4
f 4405/16/4 4406/16/4 4418/16/4
f 4418/16/4 4406/16/4 4419/16/4
f 4407/16/4 4408/16/4 4420/16/4
f 4420/16/4 4408/16/4 4421/16/4
f 4410/16/4 4411/16/4 4422/16/4
f 4422/16/4 4411/16/4 4423/16/4
f 4418/5/4 4419/5/4 4424/5/4
f 4424/5/4 4419/5/4 4425/5/4
f 4424/16/4 4425/16/4 4427/16/4
f 4427/16/4 4425/16/4 4428/16/4
f 4429/5/4 4430/5/4 4436/5/4
f 4436/5/4 4430/5/4 4437/5/4
f 4431/5/4 4432/5/4 4441/5/4
f 4441/5/4 4432/5/4 4442/5/4
f 4433/5/4 4434/5/4 4444/5/4
f 4444/5/4 4434/5/4 4445/5/4
f 4435/5/4 4436/5/4 4446/5/4
f 4446/5/4 4436/5/4 4447/5/4
f 4438/5/4 4439/5/4 4448/5/4
f 4448/5/4 4439/5/4 4449/5/4
f 4440/5/4 4441/5/4 4450/5/4
f 4450/5/4 4441/5/4 4451/5/4
f 4442/5/4 4443/5/4 4452/5/4
f 4452/5/4 4443/5/4 4453/5/4
f 4426/14/4 4427/14/4 4454/14/4
f 4454/14/4 4427/14/4 4455/14/4
f 4454/15/4 4455/15/4 4456/15/4
f 4456/15/4 4455/15/4 4457/15/4
f 4457/16/4 4458/16/4 4459/16/4
f 4459/16/4 4458/16/4 4460/16/4
f 4459/5/4 4460/5/4 4461/5/4
f 4461/5/4 4460/5/4 4462/5/4
f 4461/16/4 4462/16/4 4464/16/4
f 4464/16/4 4462/16/4 4465/16/4
f 4463/15/4 4464/15/4 4466/15/4
f 4466/15/4 4464/15/4 4467/15/4
f 4468/15/4 4469/15/4 4470/15/4
f 4470/15/4 4469/15/4 4471/15/4
f 4476/5/4 4477/5/4 4480/5/4
f 4480/5/4 4477/5/4 4481/5/4
f 4478/5/4 4479/5/4 4482/5/4
f 4482/5/4 4479/5/4 4483/5/4
f 4474/15/4 4475/15/4 4484/15/4
f 4473/15/4 4474/15/4 4484/15/4
f 4472/15/4 4473/15/4 4484/15/4
f 4484/15/4 4475/15/4 4485/15/4
f 4472/15/4 4484/15/4 4486/15/4
f 4484/14/4 4485/14/4 4487/14/4
f 4486/15/4 4484/15/4 4487/15/4
f 4485/15/4 4475/15/4 4488/15/4
f 4487/14/4 4485/14/4 4488/14/4
f 4486/14/4 4487/14/4 4488/14/4
f 4488/15/4 4475/15/4 4489/15/4
f 4486/14/4 4488/14/4 4490/14/4
f 4488/14/4 4489/14/4 4490/14/4
f 4490/14/4 4489/14/4 4491/14/4
f 4472/15/4 4486/15/4 4492/15/4
f 4486/14/4 4490/14/4 4492/14/4
f 4492/14/4 4490/14/4 4493/14/4
f 4492/15/4 4493/15/4 4494/15/4
f 4493/14/4 4490/14/4 4494/14/4
f 4494/14/4 4490/14/4 4495/14/4
f 4494/15/4 4495/15/4 4496/15/4
f 4495/14/4 4490/14/4 4496/14/4
f 4490/15/4 4491/15/4 4497/15/4
f 4496/14/4 4490/14/4 4497/14/4
f 4494/15/4 4496/15/4 4498/15/4
f 4472/15/4 4492/15/4 4498/15/4
f 4496/15/4 4497/15/4 4498/15/4
f 4492/15/4 4494/15/4 4498/15/4
f 4498/15/4 4497/15/4 4499/15/4
f 4497/15/4 4491/15/4 4500/15/4
f 4499/15/4 4497/15/4 4500/15/4
f 4500/15/4 4491/15/4 4501/15/4
f 4480/15/4 4481/15/4 4502/15/4
f 4502/15/4 4481/15/4 4503/15/4
f 4482/15/4 4483/15/4 4504/15/4
f 4504/15/4 4483/15/4 4505/15/4
f 4499/15/4 4500/15/4 4506/15/4
f 4500/5/4 4501/5/4 4507/5/4
f 4506/15/4 4500/15/4 4507/15/4
f 4499/15/4 4506/15/4 4508/15/4
f 4506/5/4 4507/5/4 4509/5/4
f 4508/15/4 4506/15/4 4509/15/4
f 4509/5/4 4507/5/4 4510/5/4
f 4507/5/4 4501/5/4 4511/5/4
f 4510/5/4 4507/5/4 4511/5/4
f 4498/5/4 4499/5/4 4512/5/4
f 4499/15/4 4508/15/4 4512/15/4
f 4509/5/4 4510/5/4 4513/5/4
f 4512/15/4 4508/15/4 4513/15/4
f 4508/5/4 4509/5/4 4513/5/4
f 4513/5/4 4510/5/4 4514/5/4
f 4514/5/4 4510/5/4 4515/5/4
f 4502/5/4 4503/5/4 4516/5/4
f 4516/5/4 4503/5/4 4517/5/4
f 4504/5/4 4505/5/4 4518/5/4
f 4518/5/4 4505/5/4 4519/5/4
f 4498/5/4 4512/5/4 4520/5/4
f 4513/5/4 4514/5/4 4520/5/4
f 4512/5/4 4513/5/4 4520/5/4
f 4520/5/4 4514/5/4 4521/5/4
f 4498/5/4 4520/5/4 4522/5/4
f 4522/5/4 4520/5/4 4523/5/4
f 4526/5/4 4527/5/4 4530/5/4
f 4527/5/4 4528/5/4 4530/5/4
f 4530/5/4 4528/5/4 4531/5/4
f 4531/5/4 4528/5/4 4532/5/4
f 4529/5/4 4530/5/4 4534/5/4
f 4530/5/4 4531/5/4 4534/5/4
f 4534/5/4 4531/5/4 4535/5/4
f 4535/5/4 4531/5/4 4536/5/4
f 4533/5/4 4534/5/4 4538/5/4
f 4534/5/4 4535/5/4 4538/5/4
f 4538/5/4 4535/5/4 4539/5/4
f 4539/5/4 4535/5/4 4540/5/4
f 4524/14/4 4525/14/4 4542/14/4
f 4542/14/4 4525/14/4 4543/14/4
f 4537/5/4 4538/5/4 4545/5/4
f 4538/5/4 4539/5/4 4545/5/4
f 4545/5/4 4539/5/4 4546/5/4
f 4546/5/4 4539/5/4 4547/5/4
f 4544/5/4 4545/5/4 4549/5/4
f 4545/5/4 4546/5/4 4549/5/4
f 4549/5/4 4546/5/4 4550/5/4
f 4550/5/4 4546/5/4 4551/5/4
f 4541/14/4 4542/14/4 4553/14/4
f 4553/14/4 4542/14/4 4554/14/4
f 4549/5/4 4550/5/4 4555/5/4
f 4548/5/4 4549/5/4 4555/5/4
f 4555/5/4 4550/5/4 4556/5/4
f 4548/5/4 4555/5/4 4558/5/4
f 4552/14/4 4553/14/4 4565/14/4
f 4565/14/4 4553/14/4 4566/14/4
f 4557/5/4 4558/5/4 4567/5/4
f 4558/5/4 4555/5/4 4567/5/4
f 4567/5/4 4555/5/4 4568/5/4
f 4559/11/4 4560/11/4 4569/11/4
f 4560/3/4 4561/3/4 4570/3/4
f 4569/11/4 4560/11/4 4570/11/4
f 4570/3/4 4561/3/4 4571/3/4
f 4562/3/4 4563/3/4 4573/3/4
f 4573/3/4 4563/3/4 4574/3/4
f 4557/5/4 4567/5/4 4576/5/4
f 4571/10/4 4572/10/4 4577/10/4
f 4569/10/4 4570/10/4 4577/10/4
f 4570/10/4 4571/10/4 4577/10/4
f 4577/10/4 4572/10/4 4578/10/4
f 4573/11/4 4574/11/4 4579/11/4
f 4578/10/4 4572/10/4 4579/10/4
f 4572/11/4 4573/11/4 4579/11/4
f 4579/11/4 4574/11/4 4580/11/4
f 4580/11/4 4574/11/4 4581/11/4
f 4575/5/4 4576/5/4 4582/5/4
f 4576/5/4 4567/5/4 4582/5/4
f 4582/5/4 4567/5/4 4583/5/4
f 4577/3/4 4578/3/4 4584/3/4
f 4578/11/4 4579/11/4 4585/11/4
f 4584/3/4 4578/3/4 4585/3/4
f 4579/11/4 4580/11/4 4585/11/4
f 4585/11/4 4580/11/4 4586/11/4
f 4586/11/4 4580/11/4 4587/11/4
f 4580/3/4 4581/3/4 4588/3/4
f 4587/11/4 4580/11/4 4588/11/4
f 4588/3/4 4581/3/4 4589/3/4
f 4564/14/4 4565/14/4 4590/14/4
f 4590/14/4 4565/14/4 4591/14/4
f 4586/12/4 4587/12/4 4592/12/4
f 4592/12/4 4587/12/4 4593/12/4
f 4575/5/4 4582/5/4 4595/5/4
f 4595/5/4 4582/5/4 4596/5/4
f 4596/5/4 4582/5/4 4597/5/4
f 4594/16/4 4595/16/4 4598/16/4
f 4595/5/4 4596/5/4 4598/5/4
f 4598/5/4 4596/5/4 4599/5/4
f 4594/16/4 4598/16/4 4601/16/4
f 4598/16/4 4599/16/4 4601/16/4
f 4600/16/4 4601/16/4 4604/16/4
f 4601/16/4 4599/16/4 4604/16/4
f 4604/16/4 4599/16/4 4605/16/4
f 4602/16/4 4603/16/4 4607/16/4
f 4607/16/4 4603/16/4 4608/16/4
f 4600/16/4 4604/16/4 4610/16/4
f 4604/6/4 4605/6/4 4611/6/4
f 4610/16/4 4604/16/4 4611/16/4
f 4605/16/4 4599/16/4 4612/16/4
f 4611/6/4 4605/6/4 4612/6/4
f 4612/16/4 4599/16/4 4613/16/4
f 4608/16/4 4609/16/4 4615/16/4
f 4606/16/4 4607/16/4 4615/16/4
f 4607/16/4 4608/16/4 4615/16/4
f 4615/16/4 4609/16/4 4616/16/4
f 4610/17/4 4611/17/4 4617/17/4
f 4611/16/4 4612/16/4 4618/16/4
f 4617/17/4 4611/17/4 4618/17/4
f 4618/16/4 4612/16/4 4619/16/4
f 4615/6/4 4616/6/4 4622/6/4
f 4614/6/4 4615/6/4 4622/6/4
f 4616/16/4 4609/16/4 4623/16/4
f 4622/6/4 4616/6/4 4623/6/4
f 4623/16/4 4609/16/4 4624/16/4
f 4618/7/4 4619/7/4 4625/7/4
f 4617/7/4 4618/7/4 4625/7/4
f 4625/7/4 4619/7/4 4626/7/4
f 4620/16/4 4621/16/4 4630/16/4
f 4630/16/4 4621/16/4 4631/16/4
f 4621/6/4 4622/6/4 4632/6/4
f 4631/16/4 4621/16/4 4632/16/4
f 4623/6/4 4624/6/4 4632/6/4
f 4622/6/4 4623/6/4 4632/6/4
f 4625/6/4 4626/6/4 4634/6/4
f 4626/6/4 4627/6/4 4634/6/4
f 4627/16/4 4628/16/4 4635/16/4
f 4634/6/4 4627/6/4 4635/6/4
f 4628/6/4 4629/6/4 4636/6/4
f 4635/16/4 4628/16/4 4636/16/4
f 4630/16/4 4631/16/4 4637/16/4
f 4636/6/4 4629/6/4 4637/6/4
f 4629/16/4 4630/16/4 4637/16/4
f 4637/16/4 4631/16/4 4638/16/4
f 4638/16/4 4631/16/4 4639/16/4
f 4631/6/4 4632/6/4 4640/6/4
f 4639/16/4 4631/16/4 4640/16/4
f 4635/6/4 4636/6/4 4641/6/4
f 4634/6/4 4635/6/4 4641/6/4
f 4638/16/4 4639/16/4 4641/16/4
f 4637/6/4 4638/6/4 4641/6/4
f 4636/6/4 4637/6/4 4641/6/4
f 4633/6/4 4634/6/4 4641/6/4
f 4639/6/4 4640/6/4 4642/6/4
f 4641/16/4 4639/16/4 4642/16/4
f 4624/16/4 4609/16/4 4643/16/4
f 4640/6/4 4632/6/4 4645/6/4
f 4643/16/4 4644/16/4 4645/16/4
f 4624/16/4 4643/16/4 4645/16/4
f 4641/6/4 4642/6/4 4645/6/4
f 4632/6/4 4624/6/4 4645/6/4
f 4642/6/4 4640/6/4 4645/6/4
f 4645/16/4 4644/16/4 4646/16/4
f 4646/16/4 4644/16/4 4647/16/4
f 4645/6/4 4646/6/4 4648/6/4
f 4646/16/4 4647/16/4 4648/16/4
f 4648/16/4 4647/16/4 4649/16/4
f 4641/6/4 4645/6/4 4650/6/4
f 4645/6/4 4648/6/4 4650/6/4
f 4650/6/4 4648/6/4 4651/6/4
f 4641/6/4 4650/6/4 4652/6/4
f 4652/6/4 4650/6/4 4653/6/4
f 4641/6/4 4652/6/4 4654/6/4
f 4654/6/4 4652/6/4 4655/6/4
f 4641/6/4 4654/6/4 4656/6/4
f 4656/6/4 4654/6/4 4657/6/4
f 4641/6/4 4656/6/4 4658/6/4
f 4658/6/4 4656/6/4 4659/6/4
f 4641/6/4 4658/6/4 4660/6/4
f 4660/6/4 4658/6/4 4661/6/4
f 4641/6/4 4660/6/4 4662/6/4
f 4662/6/4 4660/6/4 4663/6/4
f 4641/6/4 4662/6/4 4664/6/4
f 4664/6/4 4662/6/4 4665/6/4
f 4641/6/4 4664/6/4 4666/6/4
f 4666/6/4 4664/6/4 4667/6/4
f 4633/6/4 4641/6/4 4668/6/4
f 4641/6/4 4666/6/4 4668/6/4
f 4668/6/4 4666/6/4 4669/6/4
f 4633/6/4 4668/6/4 4670/6/4
f 4670/6/4 4668/6/4 4671/6/4
f 4633/6/4 4670/6/4 4672/6/4
f 4672/6/4 4670/6/4 4673/6/4
f 4673/6/4 4670/6/4 4674/6/4
f 4675/16/4 4676/16/4 4677/16/4
f 4677/16/4 4676/16/4 4678/16/4
f 4677/5/4 4678/5/4 4679/5/4
f 4679/5/4 4678/5/4 4680/5/4
f 4679/16/4 4680/16/4 4681/16/4
f 4681/16/4 4680/16/4 4682/16/4
f 4683/16/4 4684/16/4 4694/16/4
f 4694/16/4 4684/16/4 4695/16/4
f 4685/16/4 4686/16/4 4696/16/4
f 4696/16/4 4686/16/4 4697/16/4
f 4697/16/4 4686/16/4 4698/16/4
f 4687/16/4 4688/16/4 4699/16/4
f 4699/16/4 4688/16/4 4700/16/4
f 4700/16/4 4688/16/4 4701/16/4
f 4689/16/4 4690/16/4 4702/16/4
f 4702/16/4 4690/16/4 4703/16/4
f 4691/16/4 4692/16/4 4705/16/4
f 4705/16/4 4692/16/4 4706/16/4
f 4706/16/4 4692/16/4 4707/16/4
f 4693/16/4 4694/16/4 4708/16/4
f 4708/16/4 4694/16/4 4709/16/4
f 4695/16/4 4696/16/4 4710/16/4
f 4696/16/4 4697/16/4 4710/16/4
f 4710/16/4 4697/16/4 4711/16/4
f 4699/16/4 4700/16/4 4712/16/4
f 4698/16/4 4699/16/4 4712/16/4
f 4712/16/4 4700/16/4 4713/16/4
f 4704/16/4 4705/16/4 4714/16/4
f 4705/16/4 4706/16/4 4714/16/4
f 4714/16/4 4706/16/4 4715/16/4
f 4707/16/4 4708/16/4 4716/16/4
f 4716/16/4 4708/16/4 4717/16/4
f 4702/5/4 4703/5/4 4718/5/4
f 4718/5/4 4703/5/4 4719/5/4
f 4718/16/4 4719/16/4 4720/16/4
f 4720/16/4 4719/16/4 4721/16/4
f 4722/5/4 4723/5/4 4731/5/4
f 4731/5/4 4723/5/4 4732/5/4
f 4724/5/4 4725/5/4 4733/5/4
f 4733/5/4 4725/5/4 4734/5/4
f 4734/5/4 4725/5/4 4735/5/4
f 4726/5/4 4727/5/4 4737/5/4
f 4737/5/4 4727/5/4 4738/5/4
f 4728/5/4 4729/5/4 4739/5/4
f 4739/5/4 4729/5/4 4740/5/4
f 4731/5/4 4732/5/4 4741/5/4
f 4730/5/4 4731/5/4 4741/5/4
f 4732/5/4 4733/5/4 4741/5/4
f 4733/5/4 4734/5/4 4741/5/4
f 4741/5/4 4734/5/4 4742/5/4
f 4742/5/4 4734/5/4 4743/5/4
f 4743/5/4 4734/5/4 4744/5/4
f 4737/5/4 4738/5/4 4746/5/4
f 4738/5/4 4739/5/4 4746/5/4
f 4736/5/4 4737/5/4 4746/5/4
f 4746/5/4 4739/5/4 4747/5/4
f 4747/5/4 4739/5/4 4748/5/4
f 4748/5/4 4739/5/4 4749/5/4
f 4740/5/4 4741/5/4 4750/5/4
f 4750/5/4 4741/5/4 4751/5/4
f 4742/5/4 4743/5/4 4752/5/4
f 4752/5/4 4743/5/4 4753/5/4
f 4745/16/4 4746/16/4 4754/16/4
f 4754/16/4 4746/16/4 4755/16/4
f 4747/5/4 4748/5/4 4756/5/4
f 4756/5/4 4748/5/4 4757/5/4
f 4758/16/4 4759/16/4 4760/16/4
f 4760/16/4 4759/16/4 4761/16/4
f 4760/5/4 4761/5/4 4762/5/4
f 4762/5/4 4761/5/4 4763/5/4
f 4762/16/4 4763/16/4 4764/16/4
f 4764/16/4 4763/16/4 4765/16/4
f 4766/5/4 4767/5/4 4769/5/4
f 4769/5/4 4767/5/4 4770/5/4
f 4768/5/4 4769/5/4 4776/5/4
f 4773/5/4 4774/5/4 4776/5/4
f 4772/5/4 4773/5/4 4776/5/4
f 4771/5/4 4772/5/4 4776/5/4
f 4770/5/4 4771/5/4 4776/5/4
f 4769/5/4 4770/5/4 4776/5/4
f 4776/5/4 4774/5/4 4777/5/4
f 4775/5/4 4776/5/4 4779/5/4
f 4777/5/4 4778/5/4 4779/5/4
f 4776/5/4 4777/5/4 4779/5/4
f 4779/5/4 4778/5/4 4780/5/4
f 4775/5/4 4779/5/4 4781/5/4
f 4781/5/4 4779/5/4 4782/5/4
f 4783/6/4 4784/6/4 4785/6/4
f 4785/6/4 4784/6/4 4786/6/4
f 4785/16/4 4786/16/4 4787/16/4
f 4787/16/4 4786/16/4 4788/16/4
f 4787/6/4 4788/6/4 4789/6/4
f 4789/6/4 4788/6/4 4790/6/4
f 4789/16/4 4790/16/4 4791/16/4
f 4791/16/4 4790/16/4 4792/16/4
f 4791/6/4 4792/6/4 4793/6/4
f 4793/6/4 4792/6/4 4794/6/4
f 4795/16/4 4796/16/4 4798/16/4
f 4797/16/4 4798/16/4 4800/16/4
f 4799/16/4 4800/16/4 4802/16/4
f 4798/16/4 4796/16/4 4803/16/4
f 4800/16/4 4798/16/4 4803/16/4
f 4802/16/4 4800/16/4 4803/16/4
f 4803/16/4 4796/16/4 4804/16/4
f 4801/16/4 4802/16/4 4806/16/4
f 4802/16/4 4803/16/4 4806/16/4
f 4806/16/4 4803/16/4 4807/16/4
f 4807/16/4 4803/16/4 4808/16/4
f 4805/16/4 4806/16/4 4810/16/4
f 4806/16/4 4807/16/4 4810/16/4
f 4810/16/4 4807/16/4 4811/16/4
f 4811/16/4 4807/16/4 4812/16/4
f 4809/16/4 4810/16/4 4814/16/4
f 4810/16/4 4811/16/4 4814/16/4
f 4814/16/4 4811/16/4 4815/16/4
f 4815/16/4 4811/16/4 4816/16/4
f 4813/16/4 4814/16/4 4818/16/4
f 4814/16/4 4815/16/4 4818/16/4
f 4818/16/4 4815/16/4 4819/16/4
f 4819/16/4 4815/16/4 4820/16/4
f 4817/16/4 4818/16/4 4822/16/4
f 4818/16/4 4819/16/4 4822/16/4
f 4822/16/4 4819/16/4 4823/16/4
f 4823/16/4 4819/16/4 4824/16/4
f 4821/16/4 4822/16/4 4826/16/4
f 4822/16/4 4823/16/4 4826/16/4
f 4826/16/4 4823/16/4 4827/16/4
f 4827/16/4 4823/16/4 4828/16/4
f 4825/16/4 4826/16/4 4830/16/4
f 4826/16/4 4827/16/4 4830/16/4
f 4830/16/4 4827/16/4 4831/16/4
f 4831/16/4 4827/16/4 4832/16/4
f 4829/16/4 4830/16/4 4834/16/4
f 4830/16/4 4831/16/4 4834/16/4
f 4834/16/4 4831/16/4 4835/16/4
f 4835/16/4 4831/16/4 4836/16/4
f 4833/16/4 4834/16/4 4838/16/4
f 4834/16/4 4835/16/4 4838/16/4
f 4838/16/4 4835/16/4 4839/16/4
f 4839/16/4 4835/16/4 4840/16/4
f 4837/16/4 4838/16/4 4841/16/4
f 4838/16/4 4839/16/4 4841/16/4
f 4841/16/4 4839/16/4 4842/16/4
f 4843/16/4 4844/16/4 4850/16/4
f 4845/16/4 4846/16/4 4854/16/4
f 4854/16/4 4846/16/4 4855/16/4
f 4847/16/4 4848/16/4 4856/16/4
f 4856/16/4 4848/16/4 4857/16/4
f 4849/16/4 4850/16/4 4858/16/4
f 4851/16/4 4852/16/4 4860/16/4
f 4860/16/4 4852/16/4 4861/16/4
f 4854/16/4 4855/16/4 4862/16/4
f 4857/16/4 4858/16/4 4862/16/4
f 4856/16/4 4857/16/4 4862/16/4
f 4853/16/4 4854/16/4 4862/16/4
f 4855/16/4 4856/16/4 4862/16/4
f 4860/16/4 4861/16/4 4864/16/4
f 4861/16/4 4862/16/4 4864/16/4
f 4859/16/4 4860/16/4 4864/16/4
f 4862/16/4 4858/16/4 4865/16/4
f 4863/16/4 4864/16/4 4865/16/4
f 4864/16/4 4862/16/4 4865/16/4
f 4865/16/4 4858/16/4 4866/16/4
f 4858/16/4 4850/16/4 4867/16/4
f 4866/16/4 4858/16/4 4867/16/4
f 4850/16/4 4844/16/4 4868/16/4
f 4867/16/4 4850/16/4 4868/16/4
f 4863/16/4 4865/16/4 4869/16/4
f 4869/16/4 4865/16/4 4870/16/4
f 4870/16/4 4865/16/4 4871/16/4
f 4871/16/4 4865/16/4 4872/16/4
f 4872/16/4 4865/16/4 4873/16/4
f 4873/16/4 4865/16/4 4874/16/4
f 4874/16/4 4865/16/4 4875/16/4
f 4875/16/4 4865/16/4 4876/16/4
f 4866/16/4 4867/16/4 4877/16/4
f 4877/16/4 4867/16/4 4878/16/4
f 4870/16/4 4871/16/4 4879/16/4
f 4879/16/4 4871/16/4 4880/16/4
f 4872/16/4 4873/16/4 4881/16/4
f 4881/16/4 4873/16/4 4882/16/4
f 4874/16/4 4875/16/4 4883/16/4
f 4883/16/4 4875/16/4 4884/16/4
f 4870/16/4 4879/16/4 4885/16/4
f 4885/16/4 4879/16/4 4886/16/4
f 4868/16/4 4844/16/4 4887/16/4
f 4887/16/4 4844/16/4 4888/16/4
f 4889/14/4 4890/14/4 4893/14/4
f 4890/4/4 4891/4/4 4894/4/4
f 4893/14/4 4890/14/4 4894/14/4
f 4891/14/4 4892/14/4 4895/14/4
f 4894/4/4 4891/4/4 4895/4/4
f 4895/14/4 4892/14/4 4896/14/4
f 4893/4/4 4894/4/4 4897/4/4
f 4894/13/4 4895/13/4 4898/13/4
f 4897/4/4 4894/4/4 4898/4/4
f 4895/4/4 4896/4/4 4899/4/4
f 4898/13/4 4895/13/4 4899/13/4
f 4899/4/4 4896/4/4 4900/4/4
f 4901/15/4 4902/15/4 4906/15/4
f 4906/15/4 4902/15/4 4907/15/4
f 4903/15/4 4904/15/4 4908/15/4
f 4908/15/4 4904/15/4 4909/15/4
f 4905/16/4 4906/16/4 4911/16/4
f 4911/16/4 4906/16/4 4912/16/4
f 4909/16/4 4910/16/4 4913/16/4
f 4913/16/4 4910/16/4 4914/16/4
f 4911/5/4 4912/5/4 4915/5/4
f 4915/5/4 4912/5/4 4916/5/4
f 4913/5/4 4914/5/4 4917/5/4
f 4917/5/4 4914/5/4 4918/5/4
f 4917/16/4 4918/16/4 4920/16/4
f 4920/16/4 4918/16/4 4921/16/4
f 4919/14/4 4920/14/4 4924/14/4
f 4924/14/4 4920/14/4 4925/14/4
f 4925/16/4 4926/16/4 4927/16/4
f 4927/16/4 4926/16/4 4928/16/4
f 4927/5/4 4928/5/4 4929/5/4
f 4929/5/4 4928/5/4 4930/5/4
f 4929/16/4 4930/16/4 4932/16/4
f 4932/16/4 4930/16/4 4933/16/4
f 4922/16/4 4923/16/4 4934/16/4
f 4934/16/4 4923/16/4 4935/16/4
f 4931/14/4 4932/14/4 4936/14/4
f 4936/14/4 4932/14/4 4937/14/4
f 4936/15/4 4937/15/4 4938/15/4
f 4938/15/4 4937/15/4 4939/15/4
f 4939/16/4 4940/16/4 4941/16/4
f 4941/16/4 4940/16/4 4942/16/4
f 4941/5/4 4942/5/4 4943/5/4
f 4943/5/4 4942/5/4 4944/5/4
f 4943/16/4 4944/16/4 4946/16/4
f 4946/16/4 4944/16/4 4947/16/4
f 4945/15/4 4946/15/4 4948/15/4
f 4948/15/4 4946/15/4 4949/15/4
f 4950/15/4 4951/15/4 4953/15/4
f 4953/15/4 4951/15/4 4954/15/4
f 4952/17/4 4953/17/4 4955/17/4
f 4953/5/4 4954/5/4 4956/5/4
f 4955/17/4 4953/17/4 4956/17/4
f 4954/15/4 4951/15/4 4957/15/4
f 4956/5/4 4954/5/4 4957/5/4
f 4957/15/4 4951/15/4 4958/15/4
f 4958/15/4 4951/15/4 4959/15/4
f 4959/15/4 4951/15/4 4960/15/4
f 4960/15/4 4951/15/4 4961/15/4
f 4961/15/4 4951/15/4 4962/15/4
f 4962/15/4 4951/15/4 4963/15/4
f 4964/15/4 4965/15/4 4969/15/4
f 4969/15/4 4965/15/4 4970/15/4
f 4966/15/4 4967/15/4 4971/15/4
f 4971/15/4 4967/15/4 4972/15/4
f 4968/16/4 4969/16/4 4974/16/4
f 4974/16/4 4969/16/4 4975/16/4
f 4972/16/4 4973/16/4 4976/16/4
f 4976/16/4 4973/16/4 4977/16/4
f 4974/5/4 4975/5/4 4979/5/4
f 4979/5/4 4975/5/4 4980/5/4
f 4976/5/4 4977/5/4 4981/5/4
f 4981/5/4 4977/5/4 4982/5/4
f 4978/16/4 4979/16/4 4983/16/4
f 4983/16/4 4979/16/4 4984/16/4
f 4981/16/4 4982/16/4 4988/16/4
f 4988/16/4 4982/16/4 4989/16/4
f 4985/14/4 4986/14/4 4992/14/4
f 4990/16/4 4991/16/4 4993/16/4
f 4991/5/4 4992/5/4 4994/5/4
f 4993/16/4 4991/16/4 4994/16/4
f 4990/16/4 4993/16/4 4995/16/4
f 4993/5/4 4994/5/4 4996/5/4
f 4995/16/4 4993/16/4 4996/16/4
f 4994/5/4 4992/5/4 4997/5/4
f 4996/5/4 4994/5/4 4997/5/4
f 4995/5/4 4996/5/4 4997/5/4
f 4992/14/4 4986/14/4 4998/14/4
f 4997/5/4 4992/5/4 4998/5/4
f 4998/14/4 4986/14/4 4999/14/4
f 4987/14/4 4988/14/4 5000/14/4
f 5000/14/4 4988/14/4 5001/14/4
f 4995/5/4 4997/5/4 5003/5/4
f 5003/5/4 4997/5/4 5004/5/4
f 5001/16/4 5002/16/4 5005/16/4
f 5005/16/4 5002/16/4 5006/16/4
f 4995/5/4 5003/5/4 5007/5/4
f 5005/5/4 5006/5/4 5009/5/4
f 5009/5/4 5006/5/4 5010/5/4
f 4990/16/4 4995/16/4 5011/16/4
f 5007/5/4 5008/5/4 5011/5/4
f 4995/5/4 5007/5/4 5011/5/4
f 5011/5/4 5008/5/4 5012/5/4
f 5012/5/4 5008/5/4 5013/5/4
f 5009/16/4 5010/16/4 5017/16/4
f 5017/16/4 5010/16/4 5018/16/4
f 4990/16/4 5011/16/4 5019/16/4
f 5011/16/4 5012/16/4 5019/16/4
f 5012/5/4 5013/5/4 5020/5/4
f 5019/16/4 5012/16/4 5020/16/4
f 5013/5/4 5014/5/4 5020/5/4
f 4990/16/4 5019/16/4 5021/16/4
f 5019/5/4 5020/5/4 5021/5/4
f 5020/5/4 5014/5/4 5022/5/4
f 5021/5/4 5020/5/4 5022/5/4
f 4990/16/4 5021/16/4 5023/16/4
f 5021/16/4 5022/16/4 5023/16/4
f 5022/5/4 5014/5/4 5024/5/4
f 5023/16/4 5022/16/4 5024/16/4
f 5014/14/4 5015/14/4 5025/14/4
f 5024/5/4 5014/5/4 5025/5/4
f 5025/14/4 5015/14/4 5026/14/4
f 5016/14/4 5017/14/4 5027/14/4
f 5027/14/4 5017/14/4 5028/14/4
f 5024/5/4 5025/5/4 5029/5/4
f 5025/15/4 5026/15/4 5030/15/4
f 5029/5/4 5025/5/4 5030/5/4
f 5030/15/4 5026/15/4 5031/15/4
f 5027/15/4 5028/15/4 5032/15/4
f 5032/15/4 5028/15/4 5033/15/4
f 5024/5/4 5029/5/4 5035/5/4
f 5035/5/4 5029/5/4 5036/5/4
f 5033/16/4 5034/16/4 5037/16/4
f 5037/16/4 5034/16/4 5038/16/4
f 5024/5/4 5035/5/4 5039/5/4
f 5037/5/4 5038/5/4 5041/5/4
f 5041/5/4 5038/5/4 5042/5/4
f 5039/5/4 5040/5/4 5043/5/4
f 5041/16/4 5042/16/4 5047/16/4
f 5047/16/4 5042/16/4 5048/16/4
f 5024/5/4 5039/5/4 5049/5/4
f 5039/5/4 5043/5/4 5049/5/4
f 5043/5/4 5044/5/4 5049/5/4
f 5049/5/4 5044/5/4 5050/5/4
f 5044/15/4 5045/15/4 5051/15/4
f 5050/5/4 5044/5/4 5051/5/4
f 5051/15/4 5045/15/4 5052/15/4
f 5046/15/4 5047/15/4 5053/15/4
f 5053/15/4 5047/15/4 5054/15/4
f 5050/5/4 5051/5/4 5058/5/4
f 5051/5/4 5052/5/4 5058/5/4
f 5058/5/4 5052/5/4 5059/5/4
f 5059/5/4 5052/5/4 5060/5/4
f 5057/5/4 5058/5/4 5061/5/4
f 5058/5/4 5059/5/4 5061/5/4
f 5061/5/4 5059/5/4 5062/5/4
f 5057/5/4 5061/5/4 5063/5/4
f 5063/5/4 5061/5/4 5064/5/4
f 5057/5/4 5063/5/4 5066/5/4
f 5066/5/4 5063/5/4 5067/5/4
f 5065/5/4 5066/5/4 5069/5/4
f 5069/5/4 5066/5/4 5070/5/4
f 5055/15/4 5056/15/4 5071/15/4
f 5071/15/4 5056/15/4 5072/15/4
f 5068/16/4 5069/16/4 5073/16/4
f 5073/16/4 5069/16/4 5074/16/4
f 5071/14/4 5072/14/4 5075/14/4
f 5075/14/4 5072/14/4 5076/14/4
f 5077/5/4 5078/5/4 5084/5/4
f 5084/5/4 5078/5/4 5085/5/4
f 5078/15/4 5079/15/4 5086/15/4
f 5080/14/4 5081/14/4 5088/14/4
f 5081/14/4 5082/14/4 5088/14/4
f 5085/5/4 5078/5/4 5089/5/4
f 5086/15/4 5087/15/4 5090/15/4
f 5089/5/4 5078/5/4 5090/5/4
f 5078/15/4 5086/15/4 5090/15/4
f 5090/15/4 5087/15/4 5091/15/4
f 5087/14/4 5088/14/4 5092/14/4
f 5091/15/4 5087/15/4 5092/15/4
f 5092/14/4 5088/14/4 5093/14/4
f 5088/14/4 5082/14/4 5094/14/4
f 5093/14/4 5088/14/4 5094/14/4
f 5082/15/4 5083/15/4 5095/15/4
f 5094/14/4 5082/14/4 5095/14/4
f 5095/15/4 5083/15/4 5096/15/4
f 5093/14/4 5094/14/4 5097/14/4
f 5092/15/4 5093/15/4 5097/15/4
f 5091/15/4 5092/15/4 5097/15/4
f 5094/15/4 5095/15/4 5098/15/4
f 5097/14/4 5094/14/4 5098/14/4
f 5097/15/4 5098/15/4 5099/15/4
f 5098/15/4 5095/15/4 5099/15/4
f 5099/15/4 5095/15/4 5100/15/4
f 5090/5/4 5091/5/4 5101/5/4
f 5091/15/4 5097/15/4 5102/15/4
f 5101/5/4 5091/5/4 5102/5/4
f 5097/15/4 5099/15/4 5102/15/4
f 5102/15/4 5099/15/4 5103/15/4
f 5103/15/4 5099/15/4 5104/15/4
f 5102/15/4 5103/15/4 5105/15/4
f 5105/15/4 5103/15/4 5106/15/4
f 5106/15/4 5103/15/4 5107/15/4
f 5107/15/4 5103/15/4 5108/15/4
f 5106/15/4 5107/15/4 5109/15/4
f 5109/15/4 5107/15/4 5110/15/4
f 5105/5/4 5106/5/4 5111/5/4
f 5106/15/4 5109/15/4 5111/15/4
f 5111/15/4 5109/15/4 5112/15/4
f 5112/15/4 5109/15/4 5113/15/4
f 5109/5/4 5110/5/4 5114/5/4
f 5113/15/4 5109/15/4 5114/15/4
f 5105/5/4 5111/5/4 5115/5/4
f 5111/5/4 5112/5/4 5115/5/4
f 5115/5/4 5112/5/4 5116/5/4
f 5112/15/4 5113/15/4 5117/15/4
f 5116/5/4 5112/5/4 5117/5/4
f 5117/15/4 5113/15/4 5118/15/4
f 5114/5/4 5110/5/4 5119/5/4
f 5113/5/4 5114/5/4 5119/5/4
f 5119/5/4 5110/5/4 5120/5/4
f 5115/6/4 5116/6/4 5121/6/4
f 5117/5/4 5118/5/4 5121/5/4
f 5116/5/4 5117/5/4 5121/5/4
f 5121/5/4 5118/5/4 5122/5/4
f 5118/15/4 5113/15/4 5123/15/4
f 5113/5/4 5119/5/4 5124/5/4
f 5123/15/4 5113/15/4 5124/15/4
f 5115/6/4 5121/6/4 5126/6/4
f 5121/6/4 5122/6/4 5126/6/4
f 5122/5/4 5118/5/4 5127/5/4
f 5118/15/4 5123/15/4 5127/15/4
f 5127/15/4 5123/15/4 5128/15/4
f 5128/15/4 5123/15/4 5129/15/4
f 5123/5/4 5124/5/4 5130/5/4
f 5129/15/4 5123/15/4 5130/15/4
f 5124/5/4 5119/5/4 5131/5/4
f 5130/5/4 5124/5/4 5131/5/4
f 5131/5/4 5119/5/4 5132/5/4
f 5125/6/4 5126/6/4 5133/6/4
f 5126/6/4 5122/6/4 5134/6/4
f 5133/6/4 5126/6/4 5134/6/4
f 5128/15/4 5129/15/4 5135/15/4
f 5127/5/4 5128/5/4 5135/5/4
f 5135/15/4 5129/15/4 5136/15/4
f 5136/15/4 5129/15/4 5137/15/4
f 5129/5/4 5130/5/4 5138/5/4
f 5137/15/4 5129/15/4 5138/15/4
f 5130/5/4 5131/5/4 5138/5/4
f 5138/5/4 5131/5/4 5139/5/4
f 5139/5/4 5131/5/4 5140/5/4
f 5136/15/4 5137/15/4 5141/15/4
f 5137/5/4 5138/5/4 5142/5/4
f 5141/15/4 5137/15/4 5142/15/4
f 5138/5/4 5139/5/4 5142/5/4
f 5135/5/4 5136/5/4 5143/5/4
f 5136/15/4 5141/15/4 5143/15/4
f 5143/15/4 5141/15/4 5144/15/4
f 5144/15/4 5141/15/4 5145/15/4
f 5141/5/4 5142/5/4 5146/5/4
f 5145/15/4 5141/15/4 5146/15/4
f 5142/5/4 5139/5/4 5147/5/4
f 5146/5/4 5142/5/4 5147/5/4
f 5147/5/4 5139/5/4 5148/5/4
f 5144/15/4 5145/15/4 5149/15/4
f 5143/5/4 5144/5/4 5149/5/4
f 5145/5/4 5146/5/4 5150/5/4
f 5149/15/4 5145/15/4 5150/15/4
f 5146/5/4 5147/5/4 5150/5/4
f 5150/5/4 5147/5/4 5151/5/4
f 5151/5/4 5147/5/4 5152/5/4
f 5149/5/4 5150/5/4 5153/5/4
f 5150/5/4 5151/5/4 5153/5/4
f 5153/5/4 5151/5/4 5154/5/4
f 5134/6/4 5122/6/4 5155/6/4
f 5155/6/4 5122/6/4 5156/6/4
f 5149/5/4 5153/5/4 5157/5/4
f 5157/5/4 5153/5/4 5158/5/4
f 5149/5/4 5157/5/4 5159/5/4
f 5159/5/4 5157/5/4 5160/5/4
f 5156/6/4 5122/6/4 5161/6/4
f 5122/5/4 5127/5/4 5162/5/4
f 5161/6/4 5122/6/4 5162/6/4
f 5143/5/4 5149/5/4 5162/5/4
f 5149/5/4 5159/5/4 5162/5/4
f 5127/5/4 5135/5/4 5162/5/4
f 5135/5/4 5143/5/4 5162/5/4
f 5162/5/4 5159/5/4 5163/5/4
f 5163/5/4 5159/5/4 5164/5/4
f 5161/5/4 5162/5/4 5165/5/4
f 5162/5/4 5163/5/4 5165/5/4
f 5165/5/4 5163/5/4 5166/5/4
f 5167/15/4 5168/15/4 5170/15/4
f 5170/15/4 5168/15/4 5171/15/4
f 5169/16/4 5170/16/4 5173/16/4
f 5173/16/4 5170/16/4 5174/16/4
f 5171/16/4 5172/16/4 5175/16/4
f 5175/16/4 5172/16/4 5176/16/4
f 5173/5/4 5174/5/4 5178/5/4
f 5178/5/4 5174/5/4 5179/5/4
f 5175/5/4 5176/5/4 5180/5/4
f 5180/5/4 5176/5/4 5181/5/4
f 5178/16/4 5179/16/4 5182/16/4
f 5177/16/4 5178/16/4 5182/16/4
f 5182/16/4 5179/16/4 5183/16/4
f 5180/16/4 5181/16/4 5184/16/4
f 5184/16/4 5181/16/4 5185/16/4
f 5183/14/4 5184/14/4 5187/14/4
f 5187/14/4 5184/14/4 5188/14/4
f 5186/16/4 5187/16/4 5191/16/4
f 5191/16/4 5187/16/4 5192/16/4
f 5188/16/4 5189/16/4 5193/16/4
f 5193/16/4 5189/16/4 5194/16/4
f 5190/16/4 5191/16/4 5195/16/4
f 5191/5/4 5192/5/4 5196/5/4
f 5195/16/4 5191/16/4 5196/16/4
f 5196/5/4 5192/5/4 5197/5/4
f 5193/5/4 5194/5/4 5198/5/4
f 5198/5/4 5194/5/4 5199/5/4
f 5196/16/4 5197/16/4 5200/16/4
f 5200/16/4 5197/16/4 5201/16/4
f 5198/16/4 5199/16/4 5202/16/4
f 5202/16/4 5199/16/4 5203/16/4
f 5201/14/4 5202/14/4 5204/14/4
f 5204/14/4 5202/14/4 5205/14/4
f 5204/15/4 5205/15/4 5207/15/4
f 5207/15/4 5205/15/4 5208/15/4
f 5206/16/4 5207/16/4 5211/16/4
f 5211/16/4 5207/16/4 5212/16/4
f 5208/16/4 5209/16/4 5213/16/4
f 5213/16/4 5209/16/4 5214/16/4
f 5210/16/4 5211/16/4 5215/16/4
f 5211/5/4 5212/5/4 5216/5/4
f 5215/16/4 5211/16/4 5216/16/4
f 5216/5/4 5212/5/4 5217/5/4
f 5213/5/4 5214/5/4 5218/5/4
f 5218/5/4 5214/5/4 5219/5/4
f 5216/16/4 5217/16/4 5220/16/4
f 5220/16/4 5217/16/4 5221/16/4
f 5218/16/4 5219/16/4 5222/16/4
f 5222/16/4 5219/16/4 5223/16/4
f 5221/15/4 5222/15/4 5224/15/4
f 5224/15/4 5222/15/4 5225/15/4
f 5226/15/4 5227/15/4 5230/15/4
f 5230/15/4 5227/15/4 5231/15/4
f 5228/14/4 5229/14/4 5232/14/4
f 5232/14/4 5229/14/4 5233/14/4
f 5234/16/4 5235/16/4 5236/16/4
f 5236/16/4 5235/16/4 5237/16/4
f 5236/5/4 5237/5/4 5238/5/4
f 5238/5/4 5237/5/4 5239/5/4
f 5238/16/4 5239/16/4 5240/16/4
f 5240/16/4 5239/16/4 5241/16/4
f 5242/16/4 5243/16/4 5244/16/4
f 5244/16/4 5243/16/4 5245/16/4
f 5244/5/4 5245/5/4 5246/5/4
f 5246/5/4 5245/5/4 5247/5/4
f 5246/16/4 5247/16/4 5248/16/4
f 5248/16/4 5247/16/4 5249/16/4
f 5250/16/4 5251/16/4 5252/16/4
f 5252/16/4 5251/16/4 5253/16/4
f 5252/5/4 5253/5/4 5254/5/4
f 5254/5/4 5253/5/4 5255/5/4
f 5254/16/4 5255/16/4 5256/16/4
f 5256/16/4 5255/16/4 5257/16/4
f 5258/15/4 5259/15/4 5260/15/4
f 5260/15/4 5259/15/4 5261/15/4
f 5261/15/4 5259/15/4 5262/15/4
f 5262/15/4 5259/15/4 5263/15/4
f 5263/15/4 5259/15/4 5264/15/4
f 5263/14/4 5264/14/4 5265/14/4
f 5265/14/4 5264/14/4 5266/14/4
f 5267/5/4 5268/5/4 5269/5/4
f 5269/5/4 5268/5/4 5270/5/4
f 5269/15/4 5270/15/4 5271/15/4
f 5271/15/4 5270/15/4 5272/15/4
f 5271/5/4 5272/5/4 5277/5/4
f 5277/5/4 5272/5/4 5278/5/4
f 5273/15/4 5274/15/4 5279/15/4
f 5279/15/4 5274/15/4 5280/15/4
f 5275/14/4 5276/14/4 5281/14/4
f 5281/14/4 5276/14/4 5282/14/4
f 5283/15/4 5284/15/4 5286/15/4
f 5286/15/4 5284/15/4 5287/15/4
f 5287/15/4 5284/15/4 5288/15/4
f 5285/15/4 5286/15/4 5290/15/4
f 5286/15/4 5287/15/4 5290/15/4
f 5287/14/4 5288/14/4 5291/14/4
f 5290/15/4 5287/15/4 5291/15/4
f 5291/14/4 5288/14/4 5292/14/4
f 5289/15/4 5290/15/4 5294/15/4
f 5290/15/4 5291/15/4 5294/15/4
f 5291/15/4 5292/15/4 5294/15/4
f 5293/15/4 5294/15/4 5296/15/4
f 5295/15/4 5296/15/4 5298/15/4
f 5294/15/4 5292/15/4 5299/15/4
f 5297/15/4 5298/15/4 5299/15/4
f 5298/15/4 5296/15/4 5299/15/4
f 5296/15/4 5294/15/4 5299/15/4
f 5299/15/4 5292/15/4 5300/15/4
f 5297/15/4 5299/15/4 5301/15/4
f 5299/14/4 5300/14/4 5302/14/4
f 5301/15/4 5299/15/4 5302/15/4
f 5297/15/4 5301/15/4 5303/15/4
f 5301/14/4 5302/14/4 5304/14/4
f 5303/15/4 5301/15/4 5304/15/4
f 5297/15/4 5303/15/4 5305/15/4
f 5303/14/4 5304/14/4 5306/14/4
f 5305/15/4 5303/15/4 5306/15/4
f 5297/15/4 5305/15/4 5307/15/4
f 5305/14/4 5306/14/4 5308/14/4
f 5307/15/4 5305/15/4 5308/15/4
f 5306/14/4 5304/14/4 5309/14/4
f 5308/14/4 5306/14/4 5309/14/4
f 5309/14/4 5304/14/4 5310/14/4
f 5302/14/4 5300/14/4 5311/14/4
f 5310/14/4 5304/14/4 5311/14/4
f 5304/14/4 5302/14/4 5311/14/4
f 5312/15/4 5313/15/4 5315/15/4
f 5313/14/4 5314/14/4 5316/14/4
f 5315/15/4 5313/15/4 5316/15/4
f 5316/14/4 5314/14/4 5317/14/4
f 5318/5/4 5319/5/4 5322/5/4
f 5322/5/4 5319/5/4 5323/5/4
f 5320/5/4 5321/5/4 5324/5/4
f 5324/5/4 5321/5/4 5325/5/4
f 5322/15/4 5323/15/4 5326/15/4
f 5326/15/4 5323/15/4 5327/15/4
f 5324/15/4 5325/15/4 5328/15/4
f 5328/15/4 5325/15/4 5329/15/4
f 5326/5/4 5327/5/4 5330/5/4
f 5330/5/4 5327/5/4 5331/5/4
f 5328/5/4 5329/5/4 5332/5/4
f 5332/5/4 5329/5/4 5333/5/4
f 5334/5/4 5335/5/4 5336/5/4
f 5336/5/4 5335/5/4 5337/5/4
f 5336/15/4 5337/15/4 5338/15/4
f 5338/15/4 5337/15/4 5339/15/4
f 5338/5/4 5339/5/4 5340/5/4
f 5340/5/4 5339/5/4 5341/5/4
f 5342/5/4 5343/5/4 5346/5/4
f 5346/5/4 5343/5/4 5347/5/4
f 5344/5/4 5345/5/4 5348/5/4
f 5348/5/4 5345/5/4 5349/5/4
f 5346/15/4 5347/15/4 5350/15/4
f 5350/15/4 5347/15/4 5351/15/4
f 5348/15/4 5349/15/4 5352/15/4
f 5352/15/4 5349/15/4 5353/15/4
f 5350/5/4 5351/5/4 5354/5/4
f 5354/5/4 5351/5/4 5355/5/4
f 5352/5/4 5353/5/4 5356/5/4
f 5356/5/4 5353/5/4 5357/5/4
f 5358/5/4 5359/5/4 5362/5/4
f 5362/5/4 5359/5/4 5363/5/4
f 5360/5/4 5361/5/4 5364/5/4
f 5364/5/4 5361/5/4 5365/5/4
f 5362/15/4 5363/15/4 5366/15/4
f 5366/15/4 5363/15/4 5367/15/4
f 5364/15/4 5365/15/4 5368/15/4
f 5368/15/4 5365/15/4 5369/15/4
f 5366/5/4 5367/5/4 5370/5/4
f 5370/5/4 5367/5/4 5371/5/4
f 5368/5/4 5369/5/4 5372/5/4
f 5372/5/4 5369/5/4 5373/5/4
f 5374/5/4 5375/5/4 5378/5/4
f 5378/5/4 5375/5/4 5379/5/4
f 5376/5/4 5377/5/4 5380/5/4
f 5380/5/4 5377/5/4 5381/5/4
f 5378/15/4 5379/15/4 5382/15/4
f 5382/15/4 5379/15/4 5383/15/4
f 5380/15/4 5381/15/4 5384/15/4
f 5384/15/4 5381/15/4 5385/15/4
f 5382/5/4 5383/5/4 5386/5/4
f 5386/5/4 5383/5/4 5387/5/4
f 5384/5/4 5385/5/4 5388/5/4
f 5388/5/4 5385/5/4 5389/5/4
f 5390/5/4 5391/5/4 5394/5/4
f 5394/5/4 5391/5/4 5395/5/4
f 5392/5/4 5393/5/4 5396/5/4
f 5396/5/4 5393/5/4 5397/5/4
f 5394/15/4 5395/15/4 5398/15/4
f 5398/15/4 5395/15/4 5399/15/4
f 5396/15/4 5397/15/4 5400/15/4
f 5400/15/4 5397/15/4 5401/15/4
f 5398/5/4 5399/5/4 5402/5/4
f 5402/5/4 5399/5/4 5403/5/4
f 5400/5/4 5401/5/4 5404/5/4
f 5404/5/4 5401/5/4 5405/5/4
f 5406/5/4 5407/5/4 5410/5/4
f 5410/5/4 5407/5/4 5411/5/4
f 5408/5/4 5409/5/4 5412/5/4
f 5412/5/4 5409/5/4 5413/5/4
f 5410/15/4 5411/15/4 5414/15/4
f 5414/15/4 5411/15/4 5415/15/4
f 5412/15/4 5413/15/4 5416/15/4
f 5416/15/4 5413/15/4 5417/15/4
f 5414/5/4 5415/5/4 5418/5/4
f 5418/5/4 5415/5/4 5419/5/4
f 5416/5/4 5417/5/4 5420/5/4
f 5420/5/4 5417/5/4 5421/5/4
f 5422/5/4 5423/5/4 5426/5/4
f 5426/5/4 5423/5/4 5427/5/4
f 5424/5/4 5425/5/4 5428/5/4
f 5428/5/4 5425/5/4 5429/5/4
f 5426/15/4 5427/15/4 5430/15/4
f 5430/15/4 5427/15/4 5431/15/4
f 5428/15/4 5429/15/4 5432/15/4
f 5432/15/4 5429/15/4 5433/15/4
f 5430/5/4 5431/5/4 5434/5/4
f 5434/5/4 5431/5/4 5435/5/4
f 5432/5/4 5433/5/4 5436/5/4
f 5436/5/4 5433/5/4 5437/5/4
f 5438/5/4 5439/5/4 5442/5/4
f 5442/5/4 5439/5/4 5443/5/4
f 5440/5/4 5441/5/4 5444/5/4
f 5444/5/4 5441/5/4 5445/5/4
f 5442/15/4 5443/15/4 5446/15/4
f 5446/15/4 5443/15/4 5447/15/4
f 5444/15/4 5445/15/4 5448/15/4
f 5448/15/4 5445/15/4 5449/15/4
f 5446/5/4 5447/5/4 5450/5/4
f 5450/5/4 5447/5/4 5451/5/4
f 5448/5/4 5449/5/4 5452/5/4
f 5452/5/4 5449/5/4 5453/5/4
f 5454/5/4 5455/5/4 5458/5/4
f 5458/5/4 5455/5/4 5459/5/4
f 5456/5/4 5457/5/4 5460/5/4
f 5460/5/4 5457/5/4 5461/5/4
f 5458/15/4 5459/15/4 5462/15/4
f 5462/15/4 5459/15/4 5463/15/4
f 5460/15/4 5461/15/4 5464/15/4
f 5464/15/4 5461/15/4 5465/15/4
f 5462/5/4 5463/5/4 5466/5/4
f 5466/5/4 5463/5/4 5467/5/4
f 5464/5/4 5465/5/4 5468/5/4
f 5468/5/4 5465/5/4 5469/5/4
f 5470/5/4 5471/5/4 5474/5/4
f 5474/5/4 5471/5/4 5475/5/4
f 5472/5/4 5473/5/4 5476/5/4
f 5476/5/4 5473/5/4 5477/5/4
f 5474/15/4 5475/15/4 5478/15/4
f 5478/15/4 5475/15/4 5479/15/4
f 5476/15/4 5477/15/4 5480/15/4
f 5480/15/4 5477/15/4 5481/15/4
f 5478/5/4 5479/5/4 5482/5/4
f 5482/5/4 5479/5/4 5483/5/4
f 5480/5/4 5481/5/4 5484/5/4
f 5484/5/4 5481/5/4 5485/5/4
f 5486/5/4 5487/5/4 5490/5/4
f 5490/5/4 5487/5/4 5491/5/4
f 5488/5/4 5489/5/4 5492/5/4
f 5492/5/4 5489/5/4 5493/5/4
f 5490/15/4 5491/15/4 5494/15/4
f 5494/15/4 5491/15/4 5495/15/4
f 5492/15/4 5493/15/4 5496/15/4
f 5496/15/4 5493/15/4 5497/15/4
f 5494/5/4 5495/5/4 5498/5/4
f 5498/5/4 5495/5/4 5499/5/4
f 5496/5/4 5497/5/4 5500/5/4
f 5500/5/4 5497/5/4 5501/5/4
f 5502/5/4 5503/5/4 5506/5/4
f 5506/5/4 5503/5/4 5507/5/4
f 5504/5/4 5505/5/4 5508/5/4
f 5508/5/4 5505/5/4 5509/5/4
f 5506/15/4 5507/15/4 5510/15/4
f 5510/15/4 5507/15/4 5511/15/4
f 5508/15/4 5509/15/4 5512/15/4
f 5512/15/4 5509/15/4 5513/15/4
f 5510/5/4 5511/5/4 5514/5/4
f 5514/5/4 5511/5/4 5515/5/4
f 5512/5/4 5513/5/4 5516/5/4
f 5516/5/4 5513/5/4 5517/5/4
f 5518/5/4 5519/5/4 5522/5/4
f 5522/5/4 5519/5/4 5523/5/4
f 5520/5/4 5521/5/4 5524/5/4
f 5524/5/4 5521/5/4 5525/5/4
f 5522/15/4 5523/15/4 5526/15/4
f 5526/15/4 5523/15/4 5527/15/4
f 5524/15/4 5525/15/4 5528/15/4
f 5528/15/4 5525/15/4 5529/15/4
f 5526/5/4 5527/5/4 5530/5/4
f 5530/5/4 5527/5/4 5531/5/4
f 5528/5/4 5529/5/4 5532/5/4
f 5532/5/4 5529/5/4 5533/5/4
f 5534/5/4 5535/5/4 5536/5/4
f 5536/5/4 5535/5/4 5537/5/4
f 5536/15/4 5537/15/4 5538/15/4
f 5538/15/4 5537/15/4 5539/15/4
f 5538/5/4 5539/5/4 5540/5/4
f 5540/5/4 5539/5/4 5541/5/4
f 5544/6/5 5543/6/5 5542/6/5
f 5545/6/5 5543/6/5 5544/6/5
f 5553/16/5 5547/16/5 5546/16/5
f 5554/17/5 5548/17/5 5547/17/5
f 5554/16/5 5547/16/5 5553/16/5
f 5555/7/5 5549/7/5 5548/7/5
f 5555/17/5 5548/17/5 5554/17/5
f 5556/6/5 5550/6/5 5549/6/5
f 5556/7/5 5549/7/5 5555/7/5
f 5557/6/5 5550/6/5 5556/6/5
f 5558/16/5 5552/16/5 5551/16/5
f 5559/16/5 5552/16/5 5558/16/5
f 5560/16/5 5552/16/5 5559/16/5
f 5563/16/5 5562/16/5 5561/16/5
f 5564/16/5 5562/16/5 5563/16/5
f 5567/5/5 5566/5/5 5565/5/5
f 5568/5/5 5566/5/5 5567/5/5
f 5571/16/5 5570/16/5 5569/16/5
f 5572/16/5 5570/16/5 5571/16/5
f 5575/5/5 5574/5/5 5573/5/5
f 5576/5/5 5574/5/5 5575/5/5
f 5579/5/5 5578/5/5 5577/5/5
f 5580/5/5 5578/5/5 5579/5/5
f 5583/5/5 5582/5/5 5581/5/5
f 5584/5/5 5582/5/5 5583/5/5
f 5587/5/5 5586/5/5 5585/5/5
f 5588/5/5 5586/5/5 5587/5/5
f 5591/5/5 5590/5/5 5589/5/5
f 5592/5/5 5590/5/5 5591/5/5
f 5597/5/5 5596/5/5 5595/5/5
f 5598/5/5 5596/5/5 5597/5/5
f 5601/16/5 5600/16/5 5599/16/5
f 5602/16/5 5600/16/5 5601/16/5
f 5603/16/5 5594/16/5 5593/16/5
f 5604/16/5 5594/16/5 5603/16/5
f 5608/16/5 5606/16/5 5605/16/5
f 5612/16/5 5608/16/5 5607/16/5
f 5616/15/5 5614/15/5 5613/15/5
f 5617/15/5 5614/15/5 5616/15/5
f 5618/16/5 5612/16/5 5611/16/5
f 5619/16/5 5608/16/5 5612/16/5
f 5619/16/5 5612/16/5 5618/16/5
f 5620/15/5 5614/15/5 5617/15/5
f 5621/5/5 5615/5/5 5614/5/5
f 5621/15/5 5614/15/5 5620/15/5
f 5622/5/5 5615/5/5 5621/5/5
f 5623/5/5 5610/5/5 5609/5/5
f 5624/5/5 5610/5/5 5623/5/5
f 5625/16/5 5608/16/5 5619/16/5
f 5626/16/5 5606/16/5 5608/16/5
f 5626/16/5 5608/16/5 5625/16/5
f 5627/16/5 5606/16/5 5626/16/5
f 5628/16/5 5606/16/5 5627/16/5
f 5631/16/5 5630/16/5 5629/16/5
f 5637/5/5 5634/5/5 5633/5/5
f 5638/5/5 5634/5/5 5637/5/5
f 5639/16/5 5632/16/5 5631/16/5
f 5641/16/5 5639/16/5 5631/16/5
f 5641/16/5 5640/16/5 5639/16/5
f 5642/16/5 5640/16/5 5641/16/5
f 5643/15/5 5636/15/5 5635/15/5
f 5644/15/5 5636/15/5 5643/15/5
f 5646/5/5 5634/5/5 5638/5/5
f 5647/5/5 5634/5/5 5646/5/5
f 5648/16/5 5631/16/5 5629/16/5
f 5648/16/5 5641/16/5 5631/16/5
f 5649/16/5 5641/16/5 5648/16/5
f 5650/5/5 5647/5/5 5646/5/5
f 5650/5/5 5646/5/5 5645/5/5
f 5651/5/5 5647/5/5 5650/5/5
f 5652/16/5 5648/16/5 5629/16/5
f 5653/16/5 5648/16/5 5652/16/5
f 5657/16/5 5655/16/5 5654/16/5
f 5658/16/5 5655/16/5 5657/16/5
f 5661/16/5 5657/16/5 5656/16/5
f 5662/16/5 5657/16/5 5661/16/5
f 5663/15/5 5660/15/5 5659/15/5
f 5664/15/5 5660/15/5 5663/15/5
f 5667/16/5 5666/16/5 5665/16/5
f 5668/16/5 5666/16/5 5667/16/5
f 5671/15/5 5670/15/5 5669/15/5
f 5672/15/5 5670/15/5 5671/15/5
f 5675/16/5 5674/16/5 5673/16/5
f 5676/16/5 5674/16/5 5675/16/5
f 5679/5/5 5678/5/5 5677/5/5
f 5680/5/5 5678/5/5 5679/5/5
f 5683/5/5 5682/5/5 5681/5/5
f 5684/5/5 5682/5/5 5683/5/5
f 5687/16/5 5686/16/5 5685/16/5
f 5688/16/5 5686/16/5 5687/16/5
f 5691/5/5 5690/5/5 5689/5/5
f 5692/5/5 5690/5/5 5691/5/5
f 5695/16/5 5694/16/5 5693/16/5
f 5696/16/5 5694/16/5 5695/16/5
f 5703/5/5 5698/5/5 5697/5/5
f 5704/5/5 5698/5/5 5703/5/5
f 5705/16/5 5700/16/5 5699/16/5
f 5706/16/5 5700/16/5 5705/16/5
f 5707/16/5 5702/16/5 5701/16/5
f 5708/16/5 5702/16/5 5707/16/5
f 5711/16/5 5710/16/5 5709/16/5
f 5712/16/5 5710/16/5 5711/16/5
f 5715/5/5 5714/5/5 5713/5/5
f 5716/5/5 5714/5/5 5715/5/5
f 5721/5/5 5718/5/5 5717/5/5
f 5722/5/5 5718/5/5 5721/5/5
f 5723/16/5 5720/16/5 5719/16/5
f 5724/16/5 5720/16/5 5723/16/5
f 5728/4/5 5727/4/5 5726/4/5
f 5729/4/5 5728/4/5 5726/4/5
f 5730/4/5 5729/4/5 5726/4/5
f 5731/4/5 5730/4/5 5726/4/5
f 5734/16/5 5733/16/5 5732/16/5
f 5735/16/5 5733/16/5 5734/16/5
f 5736/14/5 5726/14/5 5725/14/5
f 5737/4/5 5731/4/5 5726/4/5
f 5737/14/5 5726/14/5 5736/14/5
f 5738/4/5 5731/4/5 5737/4/5
f 5742/16/5 5740/16/5 5739/16/5
f 5743/16/5 5740/16/5 5742/16/5
f 5745/16/5 5742/16/5 5741/16/5
f 5746/16/5 5742/16/5 5745/16/5
f 5747/5/5 5745/5/5 5744/5/5
f 5748/5/5 5745/5/5 5747/5/5
f 5751/16/5 5750/16/5 5749/16/5
f 5752/16/5 5750/16/5 5751/16/5
f 5754/16/5 5753/16/5 5752/16/5
f 5755/16/5 5753/16/5 5754/16/5
f 5758/17/5 5757/17/5 5756/17/5
f 5759/17/5 5757/17/5 5758/17/5
f 5766/5/5 5763/5/5 5762/5/5
f 5767/15/5 5764/15/5 5763/15/5
f 5767/5/5 5763/5/5 5766/5/5
f 5768/5/5 5765/5/5 5764/5/5
f 5768/15/5 5764/15/5 5767/15/5
f 5769/5/5 5765/5/5 5768/5/5
f 5770/16/5 5761/16/5 5760/16/5
f 5771/16/5 5761/16/5 5770/16/5
f 5774/16/5 5773/16/5 5772/16/5
f 5775/16/5 5773/16/5 5774/16/5
f 5778/17/5 5777/17/5 5776/17/5
f 5779/17/5 5777/17/5 5778/17/5
f 5786/5/5 5781/5/5 5780/5/5
f 5787/5/5 5783/5/5 5782/5/5
f 5788/5/5 5781/5/5 5786/5/5
f 5789/15/5 5782/15/5 5781/15/5
f 5789/5/5 5781/5/5 5788/5/5
f 5790/5/5 5787/5/5 5782/5/5
f 5790/15/5 5782/15/5 5789/15/5
f 5791/5/5 5787/5/5 5790/5/5
f 5796/5/5 5795/5/5 5794/5/5
f 5797/15/5 5785/15/5 5784/15/5
f 5798/15/5 5785/15/5 5797/15/5
f 5799/5/5 5793/5/5 5792/5/5
f 5800/5/5 5793/5/5 5799/5/5
f 5801/15/5 5794/15/5 5793/15/5
f 5801/5/5 5793/5/5 5800/5/5
f 5802/5/5 5796/5/5 5794/5/5
f 5802/15/5 5794/15/5 5801/15/5
f 5803/5/5 5796/5/5 5802/5/5
f 5808/5/5 5805/5/5 5804/5/5
f 5809/15/5 5806/15/5 5805/15/5
f 5809/5/5 5805/5/5 5808/5/5
f 5810/5/5 5807/5/5 5806/5/5
f 5810/15/5 5806/15/5 5809/15/5
f 5811/5/5 5807/5/5 5810/5/5
f 5816/5/5 5813/5/5 5812/5/5
f 5817/15/5 5814/15/5 5813/15/5
f 5817/5/5 5813/5/5 5816/5/5
f 5818/5/5 5815/5/5 5814/5/5
f 5818/15/5 5814/15/5 5817/15/5
f 5819/5/5 5815/5/5 5818/5/5
f 5822/5/5 5821/5/5 5820/5/5
f 5823/5/5 5821/5/5 5822/5/5
f 5825/16/5 5824/16/5 5823/16/5
f 5826/16/5 5824/16/5 5825/16/5
f 5831/5/5 5828/5/5 5827/5/5
f 5832/15/5 5829/15/5 5828/15/5
f 5832/5/5 5828/5/5 5831/5/5
f 5833/5/5 5830/5/5 5829/5/5
f 5833/15/5 5829/15/5 5832/15/5
f 5834/5/5 5830/5/5 5833/5/5
f 5839/5/5 5836/5/5 5835/5/5
f 5840/15/5 5837/15/5 5836/15/5
f 5840/5/5 5836/5/5 5839/5/5
f 5841/5/5 5838/5/5 5837/5/5
f 5841/15/5 5837/15/5 5840/15/5
f 5842/5/5 5838/5/5 5841/5/5
f 5847/5/5 5844/5/5 5843/5/5
f 5848/15/5 5845/15/5 5844/15/5
f 5848/5/5 5844/5/5 5847/5/5
f 5849/5/5 5846/5/5 5845/5/5
f 5849/15/5 5845/15/5 5848/15/5
f 5850/5/5 5846/5/5 5849/5/5
f 5855/5/5 5852/5/5 5851/5/5
f 5856/15/5 5853/15/5 5852/15/5
f 5856/5/5 5852/5/5 5855/5/5
f 5857/5/5 5854/5/5 5853/5/5
f 5857/15/5 5853/15/5 5856/15/5
f 5858/5/5 5854/5/5 5857/5/5
f 5863/5/5 5860/5/5 5859/5/5
f 5864/15/5 5861/15/5 5860/15/5
f 5864/5/5 5860/5/5 5863/5/5
f 5865/5/5 5862/5/5 5861/5/5
f 5865/15/5 5861/15/5 5864/15/5
f 5866/5/5 5862/5/5 5865/5/5
f 5871/5/5 5868/5/5 5867/5/5
f 5872/15/5 5869/15/5 5868/15/5
f 5872/5/5 5868/5/5 5871/5/5
f 5873/5/5 5870/5/5 5869/5/5
f 5873/15/5 5869/15/5 5872/15/5
f 5874/5/5 5870/5/5 5873/5/5
f 5879/5/5 5876/5/5 5875/5/5
f 5880/15/5 5877/15/5 5876/15/5
f 5880/5/5 5876/5/5 5879/5/5
f 5881/5/5 5878/5/5 5877/5/5
f 5881/15/5 5877/15/5 5880/15/5
f 5882/5/5 5878/5/5 5881/5/5
f 5886/12/5 5884/12/5 5883/12/5
f 5887/11/5 5885/11/5 5884/11/5
f 5887/12/5 5884/12/5 5886/12/5
f 5888/11/5 5885/11/5 5887/11/5
f 5893/5/5 5890/5/5 5889/5/5
f 5894/15/5 5891/15/5 5890/15/5
f 5894/5/5 5890/5/5 5893/5/5
f 5895/5/5 5892/5/5 5891/5/5
f 5895/15/5 5891/15/5 5894/15/5
f 5896/5/5 5892/5/5 5895/5/5
f 5901/5/5 5898/5/5 5897/5/5
f 5902/15/5 5899/15/5 5898/15/5
f 5902/5/5 5898/5/5 5901/5/5
f 5903/5/5 5900/5/5 5899/5/5
f 5903/15/5 5899/15/5 5902/15/5
f 5904/5/5 5900/5/5 5903/5/5
f 5907/3/5 5906/3/5 5905/3/5
f 5908/3/5 5906/3/5 5907/3/5
f 5911/16/5 5910/16/5 5909/16/5
f 5912/16/5 5910/16/5 5911/16/5
f 5917/5/5 5914/5/5 5913/5/5
f 5918/15/5 5915/15/5 5914/15/5
f 5918/5/5 5914/5/5 5917/5/5
f 5919/5/5 5916/5/5 5915/5/5
f 5919/15/5 5915/15/5 5918/15/5
f 5920/5/5 5916/5/5 5919/5/5
f 5925/5/5 5922/5/5 5921/5/5
f 5926/15/5 5923/15/5 5922/15/5
f 5926/5/5 5922/5/5 5925/5/5
f 5927/5/5 5924/5/5 5923/5/5
f 5927/15/5 5923/15/5 5926/15/5
f 5928/5/5 5924/5/5 5927/5/5
f 5932/16/5 5930/16/5 5929/16/5
f 5933/16/5 5930/16/5 5932/16/5
f 5934/16/5 5932/16/5 5931/16/5
f 5935/16/5 5932/16/5 5934/16/5
f 5938/16/5 5937/16/5 5936/16/5
f 5939/16/5 5937/16/5 5938/16/5
f 5941/16/5 5940/16/5 5939/16/5
f 5942/16/5 5940/16/5 5941/16/5
f 5944/16/5 5943/16/5 5942/16/5
f 5945/16/5 5943/16/5 5944/16/5
f 5950/5/5 5947/5/5 5946/5/5
f 5951/15/5 5948/15/5 5947/15/5
f 5951/5/5 5947/5/5 5950/5/5
f 5952/5/5 5949/5/5 5948/5/5
f 5952/15/5 5948/15/5 5951/15/5
f 5953/5/5 5949/5/5 5952/5/5
f 5958/5/5 5955/5/5 5954/5/5
f 5959/15/5 5956/15/5 5955/15/5
f 5959/5/5 5955/5/5 5958/5/5
f 5960/5/5 5957/5/5 5956/5/5
f 5960/15/5 5956/15/5 5959/15/5
f 5961/5/5 5957/5/5 5960/5/5
f 5964/16/5 5963/16/5 5962/16/5
f 5965/16/5 5963/16/5 5964/16/5
f 5967/5/5 5966/5/5 5965/5/5
f 5968/5/5 5966/5/5 5967/5/5
f 5970/5/5 5969/5/5 5968/5/5
f 5971/5/5 5969/5/5 5970/5/5
f 5975/5/5 5973/5/5 5972/5/5
f 5976/5/5 5973/5/5 5975/5/5
f 5978/5/5 5975/5/5 5974/5/5
f 5979/5/5 5975/5/5 5978/5/5
f 5980/16/5 5978/16/5 5977/16/5
f 5981/16/5 5978/16/5 5980/16/5
f 5986/5/5 5983/5/5 5982/5/5
f 5987/15/5 5984/15/5 5983/15/5
f 5987/5/5 5983/5/5 5986/5/5
f 5988/5/5 5985/5/5 5984/5/5
f 5988/15/5 5984/15/5 5987/15/5
f 5989/5/5 5985/5/5 5988/5/5
f 5992/12/5 5991/12/5 5990/12/5
f 5993/12/5 5991/12/5 5992/12/5
f 5996/16/5 5995/16/5 5994/16/5
f 5997/16/5 5995/16/5 5996/16/5
f 6002/5/5 5999/5/5 5998/5/5
f 6003/15/5 6000/15/5 5999/15/5
f 6003/5/5 5999/5/5 6002/5/5
f 6004/5/5 6001/5/5 6000/5/5
f 6004/15/5 6000/15/5 6003/15/5
f 6005/5/5 6001/5/5 6004/5/5
f 6010/5/5 6007/5/5 6006/5/5
f 6011/15/5 6008/15/5 6007/15/5
f 6011/5/5 6007/5/5 6010/5/5
f 6012/5/5 6009/5/5 6008/5/5
f 6012/15/5 6008/15/5 6011/15/5
f 6013/5/5 6009/5/5 6012/5/5
f 6018/5/5 6015/5/5 6014/5/5
f 6019/15/5 6016/15/5 6015/15/5
f 6019/5/5 6015/5/5 6018/5/5
f 6020/5/5 6017/5/5 6016/5/5
f 6020/15/5 6016/15/5 6019/15/5
f 6021/5/5 6017/5/5 6020/5/5
f 6028/11/5 6025/11/5 6024/11/5
f 6029/10/5 6026/10/5 6025/10/5
f 6029/11/5 6025/11/5 6028/11/5
f 6030/3/5 6027/3/5 6026/3/5
f 6030/10/5 6026/10/5 6029/10/5
f 6031/3/5 6027/3/5 6030/3/5
f 6032/6/5 6023/6/5 6022/6/5
f 6033/6/5 6023/6/5 6032/6/5
f 6038/5/5 6035/5/5 6034/5/5
f 6039/15/5 6036/15/5 6035/15/5
f 6039/5/5 6035/5/5 6038/5/5
f 6040/5/5 6037/5/5 6036/5/5
f 6040/15/5 6036/15/5 6039/15/5
f 6041/5/5 6037/5/5 6040/5/5
f 6046/5/5 6043/5/5 6042/5/5
f 6047/15/5 6044/15/5 6043/15/5
f 6047/5/5 6043/5/5 6046/5/5
f 6048/5/5 6045/5/5 6044/5/5
f 6048/15/5 6044/15/5 6047/15/5
f 6049/5/5 6045/5/5 6048/5/5
f 6053/16/5 6051/16/5 6050/16/5
f 6054/16/5 6051/16/5 6053/16/5
f 6055/5/5 6053/5/5 6052/5/5
f 6056/5/5 6053/5/5 6055/5/5
f 6061/16/5 6058/16/5 6057/16/5
f 6062/16/5 6058/16/5 6061/16/5
f 6063/16/5 6060/16/5 6059/16/5
f 6064/16/5 6060/16/5 6063/16/5
f 6069/5/5 6066/5/5 6065/5/5
f 6070/15/5 6067/15/5 6066/15/5
f 6070/5/5 6066/5/5 6069/5/5
f 6071/5/5 6068/5/5 6067/5/5
f 6071/15/5 6067/15/5 6070/15/5
f 6072/5/5 6068/5/5 6071/5/5
f 6077/5/5 6074/5/5 6073/5/5
f 6078/15/5 6075/15/5 6074/15/5
f 6078/5/5 6074/5/5 6077/5/5
f 6079/5/5 6076/5/5 6075/5/5
f 6079/15/5 6075/15/5 6078/15/5
f 6080/5/5 6076/5/5 6079/5/5
f 6085/12/5 6084/12/5 6083/12/5
f 6086/12/5 6084/12/5 6085/12/5
f 6087/16/5 6082/16/5 6081/16/5
f 6088/16/5 6082/16/5 6087/16/5
f 6093/5/5 6090/5/5 6089/5/5
f 6094/15/5 6091/15/5 6090/15/5
f 6094/5/5 6090/5/5 6093/5/5
f 6095/5/5 6092/5/5 6091/5/5
f 6095/15/5 6091/15/5 6094/15/5
f 6096/5/5 6092/5/5 6095/5/5
f 6099/12/5 6098/12/5 6097/12/5
f 6100/12/5 6098/12/5 6099/12/5
f 6103/5/5 6102/5/5 6101/5/5
f 6104/5/5 6102/5/5 6103/5/5
f 6109/16/5 6106/16/5 6105/16/5
f 6110/16/5 6106/16/5 6109/16/5
f 6111/5/5 6108/5/5 6107/5/5
f 6112/5/5 6108/5/5 6111/5/5
f 6117/5/5 6114/5/5 6113/5/5
f 6118/15/5 6115/15/5 6114/15/5
f 6118/5/5 6114/5/5 6117/5/5
f 6119/5/5 6116/5/5 6115/5/5
f 6119/15/5 6115/15/5 6118/15/5
f 6120/5/5 6116/5/5 6119/5/5
f 6125/16/5 6124/16/5 6123/16/5
f 6126/16/5 6124/16/5 6125/16/5
f 6127/5/5 6122/5/5 6121/5/5
f 6128/5/5 6122/5/5 6127/5/5
f 6135/16/5 6134/16/5 6133/16/5
f 6136/16/5 6134/16/5 6135/16/5
f 6137/3/5 6132/3/5 6131/3/5
f 6138/3/5 6132/3/5 6137/3/5
f 6139/16/5 6130/16/5 6129/16/5
f 6140/16/5 6130/16/5 6139/16/5
f 6145/16/5 6142/16/5 6141/16/5
f 6146/16/5 6142/16/5 6145/16/5
f 6147/5/5 6144/5/5 6143/5/5
f 6148/5/5 6144/5/5 6147/5/5
f 6153/5/5 6150/5/5 6149/5/5
f 6154/15/5 6151/15/5 6150/15/5
f 6154/5/5 6150/5/5 6153/5/5
f 6155/5/5 6152/5/5 6151/5/5
f 6155/15/5 6151/15/5 6154/15/5
f 6156/5/5 6152/5/5 6155/5/5
f 6165/6/5 6162/6/5 6161/6/5
f 6166/6/5 6162/6/5 6165/6/5
f 6167/16/5 6163/16/5 6162/16/5
f 6167/6/5 6162/6/5 6166/6/5
f 6168/6/5 6164/6/5 6163/6/5
f 6168/16/5 6163/16/5 6167/16/5
f 6169/6/5 6165/6/5 6161/6/5
f 6172/6/5 6164/6/5 6168/6/5
f 6173/6/5 6160/6/5 6159/6/5
f 6173/16/5 6161/16/5 6160/16/5
f 6174/6/5 6171/6/5 6170/6/5
f 6174/16/5 6161/16/5 6173/16/5
f 6174/6/5 6169/6/5 6161/6/5
f 6174/6/5 6170/6/5 6169/6/5
f 6175/6/5 6171/6/5 6174/6/5
f 6176/6/5 6171/6/5 6175/6/5
f 6177/6/5 6173/6/5 6159/6/5
f 6180/6/5 6171/6/5 6176/6/5
f 6185/6/5 6177/6/5 6159/6/5
f 6186/16/5 6178/16/5 6177/16/5
f 6186/6/5 6177/6/5 6185/6/5
f 6187/6/5 6179/6/5 6178/6/5
f 6187/16/5 6178/16/5 6186/16/5
f 6187/6/5 6180/6/5 6179/6/5
f 6188/16/5 6172/16/5 6171/16/5
f 6188/6/5 6180/6/5 6187/6/5
f 6188/6/5 6171/6/5 6180/6/5
f 6189/6/5 6164/6/5 6172/6/5
f 6189/16/5 6172/16/5 6188/16/5
f 6190/6/5 6164/6/5 6189/6/5
f 6191/16/5 6184/16/5 6183/16/5
f 6192/16/5 6184/16/5 6191/16/5
f 6193/5/5 6158/5/5 6157/5/5
f 6194/5/5 6158/5/5 6193/5/5
f 6195/6/5 6182/6/5 6181/6/5
f 6196/6/5 6182/6/5 6195/6/5
f 6201/5/5 6198/5/5 6197/5/5
f 6202/15/5 6199/15/5 6198/15/5
f 6202/5/5 6198/5/5 6201/5/5
f 6203/5/5 6200/5/5 6199/5/5
f 6203/15/5 6199/15/5 6202/15/5
f 6204/5/5 6200/5/5 6203/5/5
f 6211/16/5 6210/16/5 6209/16/5
f 6212/16/5 6210/16/5 6211/16/5
f 6215/6/5 6208/6/5 6207/6/5
f 6216/6/5 6208/6/5 6215/6/5
f 6217/15/5 6206/15/5 6205/15/5
f 6217/5/5 6207/5/5 6206/5/5
f 6218/5/5 6207/5/5 6217/5/5
f 6219/5/5 6207/5/5 6218/5/5
f 6220/5/5 6207/5/5 6219/5/5
f 6221/5/5 6207/5/5 6220/5/5
f 6222/5/5 6207/5/5 6221/5/5
f 6223/5/5 6214/5/5 6213/5/5
f 6224/5/5 6214/5/5 6223/5/5
f 6227/6/5 6215/6/5 6207/6/5
f 6234/5/5 6226/5/5 6225/5/5
f 6235/5/5 6226/5/5 6234/5/5
f 6236/15/5 6217/15/5 6205/15/5
f 6241/5/5 6207/5/5 6222/5/5
f 6242/16/5 6231/16/5 6230/16/5
f 6243/16/5 6231/16/5 6242/16/5
f 6244/16/5 6233/16/5 6232/16/5
f 6245/16/5 6233/16/5 6244/16/5
f 6246/15/5 6236/15/5 6205/15/5
f 6247/5/5 6240/5/5 6239/5/5
f 6247/15/5 6236/15/5 6246/15/5
f 6247/5/5 6241/5/5 6240/5/5
f 6247/5/5 6237/5/5 6236/5/5
f 6247/5/5 6238/5/5 6237/5/5
f 6247/5/5 6239/5/5 6238/5/5
f 6248/6/5 6227/6/5 6207/6/5
f 6248/5/5 6241/5/5 6247/5/5
f 6248/5/5 6207/5/5 6241/5/5
f 6249/6/5 6227/6/5 6248/6/5
f 6250/6/5 6229/6/5 6228/6/5
f 6251/6/5 6229/6/5 6250/6/5
f 6256/5/5 6253/5/5 6252/5/5
f 6257/15/5 6254/15/5 6253/15/5
f 6257/5/5 6253/5/5 6256/5/5
f 6258/5/5 6255/5/5 6254/5/5
f 6258/15/5 6254/15/5 6257/15/5
f 6259/5/5 6255/5/5 6258/5/5
f 6263/6/5 6261/6/5 6260/6/5
f 6264/5/5 6262/5/5 6261/5/5
f 6264/6/5 6261/6/5 6263/6/5
f 6265/5/5 6262/5/5 6264/5/5
f 6269/5/5 6268/5/5 6267/5/5
f 6270/6/5 6267/6/5 6266/6/5
f 6271/5/5 6269/5/5 6267/5/5
f 6271/6/5 6267/6/5 6270/6/5
f 6272/5/5 6269/5/5 6271/5/5
f 6276/16/5 6274/16/5 6273/16/5
f 6277/16/5 6274/16/5 6276/16/5
f 6278/5/5 6276/5/5 6275/5/5
f 6279/5/5 6276/5/5 6278/5/5
f 6282/16/5 6281/16/5 6280/16/5
f 6283/16/5 6281/16/5 6282/16/5
f 6286/15/5 6285/15/5 6284/15/5
f 6287/15/5 6285/15/5 6286/15/5
f 6290/16/5 6289/16/5 6288/16/5
f 6291/16/5 6289/16/5 6290/16/5
f 6294/16/5 6293/16/5 6292/16/5
f 6295/16/5 6293/16/5 6294/16/5
f 6298/15/5 6297/15/5 6296/15/5
f 6299/15/5 6297/15/5 6298/15/5
f 6302/15/5 6301/15/5 6300/15/5
f 6303/15/5 6301/15/5 6302/15/5
f 6306/15/5 6305/15/5 6304/15/5
f 6307/15/5 6305/15/5 6306/15/5
f 6312/5/5 6309/5/5 6308/5/5
f 6313/15/5 6310/15/5 6309/15/5
f 6313/5/5 6309/5/5 6312/5/5
f 6314/5/5 6311/5/5 6310/5/5
f 6314/15/5 6310/15/5 6313/15/5
f 6315/5/5 6311/5/5 6314/5/5
f 6318/15/5 6317/15/5 6316/15/5
f 6319/15/5 6317/15/5 6318/15/5
f 6322/5/5 6321/5/5 6320/5/5
f 6323/5/5 6321/5/5 6322/5/5
f 6325/16/5 6324/16/5 6323/16/5
f 6326/16/5 6324/16/5 6325/16/5
f 6329/15/5 6328/15/5 6327/15/5
f 6330/15/5 6328/15/5 6329/15/5
f 6335/5/5 6332/5/5 6331/5/5
f 6336/15/5 6333/15/5 6332/15/5
f 6336/5/5 6332/5/5 6335/5/5
f 6337/5/5 6334/5/5 6333/5/5
f 6337/15/5 6333/15/5 6336/15/5
f 6338/5/5 6334/5/5 6337/5/5
f 6341/15/5 6340/15/5 6339/15/5
f 6342/15/5 6340/15/5 6341/15/5
f 6345/15/5 6344/15/5 6343/15/5
f 6346/15/5 6344/15/5 6345/15/5
f 6349/15/5 6348/15/5 6347/15/5
f 6350/15/5 6348/15/5 6349/15/5
f 6358/9/5 6352/9/5 6351/9/5
f 6359/2/5 6353/2/5 6352/2/5
f 6361/2/5 6358/2/5 6357/2/5
f 6362/9/5 6352/9/5 6358/9/5
f 6362/2/5 6358/2/5 6361/2/5
f 6363/3/5 6360/3/5 6359/3/5
f 6363/2/5 6359/2/5 6352/2/5
f 6364/3/5 6360/3/5 6363/3/5
f 6365/9/5 6352/9/5 6362/9/5
f 6366/2/5 6363/2/5 6352/2/5
f 6366/9/5 6352/9/5 6365/9/5
f 6367/2/5 6363/2/5 6366/2/5
f 6368/12/5 6355/12/5 6354/12/5
f 6369/11/5 6356/11/5 6355/11/5
f 6369/12/5 6355/12/5 6368/12/5
f 6370/11/5 6356/11/5 6369/11/5
f 6373/16/5 6372/16/5 6371/16/5
f 6374/16/5 6372/16/5 6373/16/5
f 6375/16/5 6373/16/5 6371/16/5
f 6376/16/5 6373/16/5 6375/16/5
f 6377/16/5 6372/16/5 6374/16/5
f 6378/16/5 6372/16/5 6377/16/5
f 6379/16/5 6375/16/5 6371/16/5
f 6380/16/5 6375/16/5 6379/16/5
f 6381/16/5 6375/16/5 6380/16/5
f 6382/16/5 6372/16/5 6378/16/5
f 6383/16/5 6372/16/5 6382/16/5
f 6384/16/5 6372/16/5 6383/16/5
f 6385/16/5 6372/16/5 6384/16/5
f 6390/9/5 6387/9/5 6386/9/5
f 6391/9/5 6387/9/5 6390/9/5
f 6392/3/5 6389/3/5 6388/3/5
f 6393/3/5 6389/3/5 6392/3/5
f 6396/16/5 6372/16/5 6385/16/5
f 6400/3/5 6394/3/5 6393/3/5
f 6401/3/5 6394/3/5 6400/3/5
f 6402/16/5 6379/16/5 6371/16/5
f 6404/9/5 6398/9/5 6397/9/5
f 6405/9/5 6398/9/5 6404/9/5
f 6406/3/5 6400/3/5 6399/3/5
f 6407/3/5 6400/3/5 6406/3/5
f 6408/16/5 6403/16/5 6402/16/5
f 6411/16/5 6396/16/5 6395/16/5
f 6412/16/5 6409/16/5 6408/16/5
f 6415/16/5 6411/16/5 6410/16/5
f 6416/16/5 6413/16/5 6412/16/5
f 6416/16/5 6402/16/5 6371/16/5
f 6416/16/5 6408/16/5 6402/16/5
f 6416/16/5 6412/16/5 6408/16/5
f 6417/16/5 6413/16/5 6416/16/5
f 6418/16/5 6415/16/5 6414/16/5
f 6419/16/5 6372/16/5 6396/16/5
f 6419/16/5 6415/16/5 6418/16/5
f 6419/16/5 6411/16/5 6415/16/5
f 6419/16/5 6396/16/5 6411/16/5
f 6422/16/5 6421/16/5 6420/16/5
f 6423/16/5 6421/16/5 6422/16/5
f 6426/16/5 6425/16/5 6424/16/5
f 6427/16/5 6425/16/5 6426/16/5
f 6432/16/5 6429/16/5 6428/16/5
f 6433/16/5 6429/16/5 6432/16/5
f 6434/16/5 6431/16/5 6430/16/5
f 6435/16/5 6434/16/5 6430/16/5
f 6436/16/5 6434/16/5 6435/16/5
f 6437/16/5 6435/16/5 6430/16/5
f 6438/16/5 6435/16/5 6437/16/5
f 6439/16/5 6437/16/5 6430/16/5
f 6440/16/5 6437/16/5 6439/16/5
f 6443/16/5 6442/16/5 6441/16/5
f 6446/16/5 6429/16/5 6433/16/5
f 6447/16/5 6444/16/5 6443/16/5
f 6449/16/5 6446/16/5 6445/16/5
f 6450/16/5 6429/16/5 6446/16/5
f 6450/16/5 6446/16/5 6449/16/5
f 6451/16/5 6448/16/5 6447/16/5
f 6451/16/5 6447/16/5 6443/16/5
f 6451/16/5 6443/16/5 6441/16/5
f 6452/16/5 6448/16/5 6451/16/5
f 6456/15/5 6454/15/5 6453/15/5
f 6457/15/5 6454/15/5 6456/15/5
f 6458/5/5 6456/5/5 6455/5/5
f 6459/5/5 6456/5/5 6458/5/5
f 6461/15/5 6460/15/5 6459/15/5
f 6462/15/5 6461/15/5 6459/15/5
f 6463/15/5 6461/15/5 6462/15/5
f 6469/15/5 6465/15/5 6464/15/5
f 6470/15/5 6465/15/5 6469/15/5
f 6471/5/5 6467/5/5 6466/5/5
f 6472/5/5 6467/5/5 6471/5/5
f 6473/5/5 6469/5/5 6468/5/5
f 6474/5/5 6469/5/5 6473/5/5
f 6476/15/5 6475/15/5 6474/15/5
f 6477/15/5 6475/15/5 6476/15/5
f 6486/16/5 6481/16/5 6480/16/5
f 6487/16/5 6481/16/5 6486/16/5
f 6488/16/5 6483/16/5 6482/16/5
f 6489/16/5 6483/16/5 6488/16/5
f 6492/15/5 6479/15/5 6478/15/5
f 6493/15/5 6479/15/5 6492/15/5
f 6495/16/5 6485/16/5 6484/16/5
f 6496/5/5 6495/5/5 6494/5/5
f 6497/16/5 6485/16/5 6495/16/5
f 6497/5/5 6495/5/5 6496/5/5
f 6500/16/5 6485/16/5 6497/16/5
f 6501/16/5 6499/16/5 6498/16/5
f 6502/5/5 6500/5/5 6499/5/5
f 6502/16/5 6499/16/5 6501/16/5
f 6503/16/5 6485/16/5 6500/16/5
f 6503/5/5 6500/5/5 6502/5/5
f 6504/16/5 6485/16/5 6503/16/5
f 6505/16/5 6485/16/5 6504/16/5
f 6510/5/5 6491/5/5 6490/5/5
f 6511/5/5 6491/5/5 6510/5/5
f 6514/16/5 6507/16/5 6506/16/5
f 6515/16/5 6507/16/5 6514/16/5
f 6516/16/5 6509/16/5 6508/16/5
f 6517/16/5 6509/16/5 6516/16/5
f 6518/15/5 6513/15/5 6512/15/5
f 6519/15/5 6513/15/5 6518/15/5
f 6533/16/5 6523/16/5 6522/16/5
f 6534/16/5 6523/16/5 6533/16/5
f 6535/16/5 6525/16/5 6524/16/5
f 6536/16/5 6525/16/5 6535/16/5
f 6537/16/5 6527/16/5 6526/16/5
f 6538/16/5 6527/16/5 6537/16/5
f 6539/16/5 6529/16/5 6528/16/5
f 6540/16/5 6529/16/5 6539/16/5
f 6541/15/5 6521/15/5 6520/15/5
f 6542/15/5 6521/15/5 6541/15/5
f 6544/16/5 6531/16/5 6530/16/5
f 6545/5/5 6532/5/5 6531/5/5
f 6545/16/5 6531/16/5 6544/16/5
f 6546/5/5 6532/5/5 6545/5/5
f 6547/15/5 6544/15/5 6543/15/5
f 6548/16/5 6545/16/5 6544/16/5
f 6548/15/5 6544/15/5 6547/15/5
f 6549/16/5 6545/16/5 6548/16/5
f 6552/16/5 6549/16/5 6548/16/5
f 6553/5/5 6550/5/5 6549/5/5
f 6553/16/5 6549/16/5 6552/16/5
f 6554/5/5 6550/5/5 6553/5/5
f 6555/15/5 6552/15/5 6551/15/5
f 6556/15/5 6552/15/5 6555/15/5
f 6559/16/5 6557/16/5 6556/16/5
f 6560/5/5 6558/5/5 6557/5/5
f 6560/16/5 6557/16/5 6559/16/5
f 6561/5/5 6558/5/5 6560/5/5
f 6573/16/5 6562/16/5 6561/16/5
f 6574/16/5 6562/16/5 6573/16/5
f 6575/16/5 6564/16/5 6563/16/5
f 6576/16/5 6564/16/5 6575/16/5
f 6577/16/5 6566/16/5 6565/16/5
f 6578/16/5 6566/16/5 6577/16/5
f 6579/16/5 6568/16/5 6567/16/5
f 6580/16/5 6568/16/5 6579/16/5
f 6581/16/5 6570/16/5 6569/16/5
f 6582/16/5 6570/16/5 6581/16/5
f 6583/15/5 6572/15/5 6571/15/5
f 6584/15/5 6572/15/5 6583/15/5
f 6592/16/5 6588/16/5 6587/16/5
f 6593/5/5 6589/5/5 6588/5/5
f 6593/16/5 6588/16/5 6592/16/5
f 6594/16/5 6590/16/5 6589/16/5
f 6594/5/5 6589/5/5 6593/5/5
f 6595/16/5 6590/16/5 6594/16/5
f 6597/15/5 6586/15/5 6585/15/5
f 6598/15/5 6586/15/5 6597/15/5
f 6599/15/5 6592/15/5 6591/15/5
f 6600/15/5 6592/15/5 6599/15/5
f 6601/14/5 6596/14/5 6595/14/5
f 6604/14/5 6596/14/5 6601/14/5
f 6605/14/5 6596/14/5 6604/14/5
f 6606/14/5 6596/14/5 6605/14/5
f 6607/15/5 6603/15/5 6602/15/5
f 6608/15/5 6603/15/5 6607/15/5
f 6613/15/5 6610/15/5 6609/15/5
f 6614/15/5 6610/15/5 6613/15/5
f 6615/14/5 6612/14/5 6611/14/5
f 6618/14/5 6612/14/5 6615/14/5
f 6619/15/5 6617/15/5 6616/15/5
f 6620/15/5 6617/15/5 6619/15/5
f 6623/14/5 6612/14/5 6618/14/5
f 6624/14/5 6612/14/5 6623/14/5
f 6627/16/5 6621/16/5 6620/16/5
f 6628/5/5 6622/5/5 6621/5/5
f 6628/16/5 6621/16/5 6627/16/5
f 6629/5/5 6622/5/5 6628/5/5
f 6630/15/5 6626/15/5 6625/15/5
f 6631/15/5 6626/15/5 6630/15/5
f 6647/16/5 6635/16/5 6634/16/5
f 6648/5/5 6636/5/5 6635/5/5
f 6648/16/5 6635/16/5 6647/16/5
f 6649/16/5 6637/16/5 6636/16/5
f 6649/5/5 6636/5/5 6648/5/5
f 6650/16/5 6637/16/5 6649/16/5
f 6651/16/5 6639/16/5 6638/16/5
f 6652/5/5 6640/5/5 6639/5/5
f 6652/16/5 6639/16/5 6651/16/5
f 6653/16/5 6641/16/5 6640/16/5
f 6653/5/5 6640/5/5 6652/5/5
f 6654/16/5 6641/16/5 6653/16/5
f 6656/16/5 6643/16/5 6642/16/5
f 6657/5/5 6644/5/5 6643/5/5
f 6657/16/5 6643/16/5 6656/16/5
f 6658/16/5 6645/16/5 6644/16/5
f 6658/5/5 6644/5/5 6657/5/5
f 6659/16/5 6645/16/5 6658/16/5
f 6660/15/5 6633/15/5 6632/15/5
f 6661/15/5 6647/15/5 6646/15/5
f 6662/15/5 6647/15/5 6661/15/5
f 6663/14/5 6651/14/5 6650/14/5
f 6664/14/5 6651/14/5 6663/14/5
f 6665/14/5 6655/14/5 6654/14/5
f 6666/15/5 6656/15/5 6655/15/5
f 6666/14/5 6655/14/5 6665/14/5
f 6667/15/5 6656/15/5 6666/15/5
f 6668/15/5 6660/15/5 6659/15/5
f 6669/15/5 6633/15/5 6660/15/5
f 6669/15/5 6660/15/5 6668/15/5
f 6670/15/5 6633/15/5 6669/15/5
f 6673/14/5 6672/14/5 6671/14/5
f 6674/14/5 6672/14/5 6673/14/5
f 6677/14/5 6676/14/5 6675/14/5
f 6678/14/5 6676/14/5 6677/14/5
f 6689/15/5 6680/15/5 6679/15/5
f 6690/15/5 6680/15/5 6689/15/5
f 6693/14/5 6682/14/5 6681/14/5
f 6694/14/5 6682/14/5 6693/14/5
f 6697/14/5 6684/14/5 6683/14/5
f 6698/15/5 6685/15/5 6684/15/5
f 6698/14/5 6684/14/5 6697/14/5
f 6699/15/5 6685/15/5 6698/15/5
f 6702/15/5 6688/15/5 6687/15/5
f 6702/15/5 6687/15/5 6686/15/5
f 6703/15/5 6688/15/5 6702/15/5
f 6704/16/5 6691/16/5 6690/16/5
f 6705/5/5 6692/5/5 6691/5/5
f 6705/16/5 6691/16/5 6704/16/5
f 6706/16/5 6693/16/5 6692/16/5
f 6706/5/5 6692/5/5 6705/5/5
f 6707/16/5 6693/16/5 6706/16/5
f 6708/16/5 6695/16/5 6694/16/5
f 6709/5/5 6696/5/5 6695/5/5
f 6709/16/5 6695/16/5 6708/16/5
f 6710/16/5 6697/16/5 6696/16/5
f 6710/5/5 6696/5/5 6709/5/5
f 6711/16/5 6697/16/5 6710/16/5
f 6712/16/5 6700/16/5 6699/16/5
f 6713/5/5 6701/5/5 6700/5/5
f 6713/16/5 6700/16/5 6712/16/5
f 6714/16/5 6702/16/5 6701/16/5
f 6714/5/5 6701/5/5 6713/5/5
f 6715/16/5 6702/16/5 6714/16/5
f 6716/15/5 6688/15/5 6703/15/5
f 6717/15/5 6688/15/5 6716/15/5
f 6720/15/5 6719/15/5 6718/15/5
f 6721/15/5 6719/15/5 6720/15/5
f 6724/15/5 6723/15/5 6722/15/5
f 6725/15/5 6723/15/5 6724/15/5
f 6728/15/5 6727/15/5 6726/15/5
f 6729/15/5 6727/15/5 6728/15/5
f 6732/15/5 6731/15/5 6730/15/5
f 6733/15/5 6731/15/5 6732/15/5
f 6736/15/5 6735/15/5 6734/15/5
f 6737/15/5 6735/15/5 6736/15/5
f 6740/15/5 6739/15/5 6738/15/5
f 6741/15/5 6739/15/5 6740/15/5
f 6748/15/5 6743/15/5 6742/15/5
f 6749/14/5 6744/14/5 6743/14/5
f 6749/15/5 6743/15/5 6748/15/5
f 6750/15/5 6745/15/5 6744/15/5
f 6750/14/5 6744/14/5 6749/14/5
f 6751/14/5 6746/14/5 6745/14/5
f 6751/15/5 6745/15/5 6750/15/5
f 6752/15/5 6747/15/5 6746/15/5
f 6752/14/5 6746/14/5 6751/14/5
f 6753/15/5 6747/15/5 6752/15/5
f 6756/15/5 6755/15/5 6754/15/5
f 6757/15/5 6755/15/5 6756/15/5
f 6760/15/5 6759/15/5 6758/15/5
f 6761/15/5 6759/15/5 6760/15/5
f 6764/15/5 6763/15/5 6762/15/5
f 6765/15/5 6763/15/5 6764/15/5
f 6768/15/5 6767/15/5 6766/15/5
f 6769/15/5 6767/15/5 6768/15/5
f 6772/12/5 6771/12/5 6770/12/5
f 6773/12/5 6771/12/5 6772/12/5
f 6776/15/5 6775/15/5 6774/15/5
f 6777/15/5 6775/15/5 6776/15/5
f 6780/15/5 6779/15/5 6778/15/5
f 6781/15/5 6779/15/5 6780/15/5
f 6784/15/5 6783/15/5 6782/15/5
f 6785/15/5 6783/15/5 6784/15/5
f 6788/11/5 6787/11/5 6786/11/5
f 6792/15/5 6791/15/5 6790/15/5
f 6793/15/5 6791/15/5 6792/15/5
f 6794/11/5 6788/11/5 6786/11/5
f 6795/3/5 6789/3/5 6788/3/5
f 6795/11/5 6788/11/5 6794/11/5
f 6796/3/5 6789/3/5 6795/3/5
f 6802/10/5 6800/10/5 6799/10/5
f 6803/11/5 6801/11/5 6800/11/5
f 6803/10/5 6800/10/5 6802/10/5
f 6804/15/5 6798/15/5 6797/15/5
f 6805/15/5 6798/15/5 6804/15/5
f 6806/11/5 6801/11/5 6803/11/5
f 6807/11/5 6801/11/5 6806/11/5
f 6812/10/5 6809/10/5 6808/10/5
f 6813/11/5 6810/11/5 6809/11/5
f 6813/10/5 6809/10/5 6812/10/5
f 6814/3/5 6811/3/5 6810/3/5
f 6814/11/5 6810/11/5 6813/11/5
f 6815/3/5 6811/3/5 6814/3/5
f 6816/3/5 6813/3/5 6812/3/5
f 6817/11/5 6814/11/5 6813/11/5
f 6817/3/5 6813/3/5 6816/3/5
f 6817/11/5 6815/11/5 6814/11/5
f 6818/11/5 6815/11/5 6817/11/5
f 6821/10/5 6820/10/5 6819/10/5
f 6822/10/5 6820/10/5 6821/10/5
f 6823/10/5 6820/10/5 6822/10/5
f 6826/10/5 6825/10/5 6824/10/5
f 6827/10/5 6825/10/5 6826/10/5
f 6828/16/6 6829/16/6 6831/16/6
f 6829/7/6 6830/7/6 6832/7/6
f 6831/16/6 6829/16/6 6832/16/6
f 6832/7/6 6830/7/6 6833/7/6
f 6834/5/6 6835/5/6 6837/5/6
f 6835/16/6 6836/16/6 6838/16/6
f 6837/5/6 6835/5/6 6838/5/6
f 6838/16/6 6836/16/6 6839/16/6
f 6840/5/6 6841/5/6 6842/5/6
f 6842/5/6 6841/5/6 6843/5/6
f 6844/5/6 6845/5/6 6848/5/6
f 6848/5/6 6845/5/6 6849/5/6
f 6846/16/6 6847/16/6 6850/16/6
f 6850/16/6 6847/16/6 6851/16/6
f 6852/5/6 6853/5/6 6854/5/6
f 6854/5/6 6853/5/6 6855/5/6
f 6856/5/6 6857/5/6 6858/5/6
f 6858/5/6 6857/5/6 6859/5/6
f 6860/5/6 6861/5/6 6862/5/6
f 6862/5/6 6861/5/6 6863/5/6
f 6864/5/6 6865/5/6 6866/5/6
f 6866/5/6 6865/5/6 6867/5/6
f 6868/5/6 6869/5/6 6870/5/6
f 6870/5/6 6869/5/6 6871/5/6
f 6872/16/6 6873/16/6 6874/16/6
f 6874/16/6 6873/16/6 6875/16/6
f 6876/5/6 6877/5/6 6878/5/6
f 6878/5/6 6877/5/6 6879/5/6
f 6880/16/6 6881/16/6 6882/16/6
f 6882/16/6 6881/16/6 6883/16/6
f 6883/16/6 6884/16/6 6887/16/6
f 6887/16/6 6884/16/6 6888/16/6
f 6889/16/6 6890/16/6 6891/16/6
f 6891/16/6 6890/16/6 6892/16/6
f 6885/5/6 6886/5/6 6895/5/6
f 6895/5/6 6886/5/6 6896/5/6
f 6893/16/6 6894/16/6 6898/16/6
f 6898/16/6 6894/16/6 6899/16/6
f 6897/16/6 6898/16/6 6900/16/6
f 6900/16/6 6898/16/6 6901/16/6
f 6902/16/6 6903/16/6 6904/16/6
f 6904/16/6 6903/16/6 6905/16/6
f 6906/16/6 6907/16/6 6908/16/6
f 6908/16/6 6907/16/6 6909/16/6
f 6910/16/6 6911/16/6 6912/16/6
f 6912/16/6 6911/16/6 6913/16/6
f 6914/15/6 6915/15/6 6918/15/6
f 6915/5/6 6916/5/6 6919/5/6
f 6918/15/6 6915/15/6 6919/15/6
f 6916/15/6 6917/15/6 6920/15/6
f 6919/5/6 6916/5/6 6920/5/6
f 6920/15/6 6917/15/6 6921/15/6
f 6927/15/6 6928/15/6 6929/15/6
f 6926/5/6 6927/5/6 6930/5/6
f 6927/15/6 6929/15/6 6931/15/6
f 6930/5/6 6927/5/6 6931/5/6
f 6931/15/6 6929/15/6 6932/15/6
f 6922/5/6 6923/5/6 6933/5/6
f 6933/5/6 6923/5/6 6934/5/6
f 6924/16/6 6925/16/6 6935/16/6
f 6935/16/6 6925/16/6 6936/16/6
f 6937/16/6 6938/16/6 6940/16/6
f 6940/16/6 6938/16/6 6941/16/6
f 6939/16/6 6940/16/6 6943/16/6
f 6943/16/6 6940/16/6 6944/16/6
f 6942/5/6 6943/5/6 6945/5/6
f 6945/5/6 6943/5/6 6946/5/6
f 6945/16/6 6946/16/6 6947/16/6
f 6947/16/6 6946/16/6 6948/16/6
f 6948/16/6 6949/16/6 6950/16/6
f 6950/16/6 6949/16/6 6951/16/6
f 6951/16/6 6952/16/6 6953/16/6
f 6953/16/6 6952/16/6 6954/16/6
f 6955/5/6 6956/5/6 6959/5/6
f 6959/5/6 6956/5/6 6960/5/6
f 6957/5/6 6958/5/6 6965/5/6
f 6961/15/6 6962/15/6 6966/15/6
f 6966/15/6 6962/15/6 6967/15/6
f 6967/15/6 6962/15/6 6968/15/6
f 6966/17/6 6967/17/6 6969/17/6
f 6967/5/6 6968/5/6 6970/5/6
f 6969/17/6 6967/17/6 6970/17/6
f 6968/15/6 6962/15/6 6971/15/6
f 6970/5/6 6968/5/6 6971/5/6
f 6969/15/6 6970/15/6 6974/15/6
f 6970/15/6 6971/15/6 6974/15/6
f 6962/14/6 6963/14/6 6975/14/6
f 6974/15/6 6971/15/6 6975/15/6
f 6971/15/6 6962/15/6 6975/15/6
f 6963/15/6 6964/15/6 6976/15/6
f 6975/14/6 6963/14/6 6976/14/6
f 6964/5/6 6965/5/6 6977/5/6
f 6976/15/6 6964/15/6 6977/15/6
f 6965/5/6 6958/5/6 6978/5/6
f 6977/5/6 6965/5/6 6978/5/6
f 6972/5/6 6973/5/6 6979/5/6
f 6979/5/6 6973/5/6 6980/5/6
f 6978/5/6 6958/5/6 6981/5/6
f 6981/5/6 6958/5/6 6982/5/6
f 6985/16/6 6986/16/6 6987/16/6
f 6987/16/6 6986/16/6 6988/16/6
f 6983/14/6 6984/14/6 6989/14/6
f 6989/14/6 6984/14/6 6990/14/6
f 6991/16/6 6992/16/6 6993/16/6
f 6993/16/6 6992/16/6 6994/16/6
f 6994/5/6 6995/5/6 6996/5/6
f 6996/5/6 6995/5/6 6997/5/6
f 6997/5/6 6998/5/6 6999/5/6
f 6999/5/6 6998/5/6 7000/5/6
f 7001/5/6 7002/5/6 7004/5/6
f 7004/5/6 7002/5/6 7005/5/6
f 7003/5/6 7004/5/6 7007/5/6
f 7007/5/6 7004/5/6 7008/5/6
f 7006/16/6 7007/16/6 7009/16/6
f 7009/16/6 7007/16/6 7010/16/6
f 7011/16/6 7012/16/6 7013/16/6
f 7013/16/6 7012/16/6 7014/16/6
f 7015/12/6 7016/12/6 7017/12/6
f 7017/12/6 7016/12/6 7018/12/6
f 7019/16/6 7020/16/6 7022/16/6
f 7022/16/6 7020/16/6 7023/16/6
f 7021/16/6 7022/16/6 7027/16/6
f 7027/16/6 7022/16/6 7028/16/6
f 7026/5/6 7027/5/6 7029/5/6
f 7029/5/6 7027/5/6 7030/5/6
f 7029/16/6 7030/16/6 7031/16/6
f 7031/16/6 7030/16/6 7032/16/6
f 7032/16/6 7033/16/6 7034/16/6
f 7034/16/6 7033/16/6 7035/16/6
f 7024/16/6 7025/16/6 7037/16/6
f 7037/16/6 7025/16/6 7038/16/6
f 7035/16/6 7036/16/6 7039/16/6
f 7039/16/6 7036/16/6 7040/16/6
f 7041/3/6 7042/3/6 7043/3/6
f 7043/3/6 7042/3/6 7044/3/6
f 7045/5/6 7046/5/6 7047/5/6
f 7047/5/6 7046/5/6 7048/5/6
f 7049/5/6 7050/5/6 7051/5/6
f 7051/5/6 7050/5/6 7052/5/6
f 7053/16/6 7054/16/6 7055/16/6
f 7055/16/6 7054/16/6 7056/16/6
f 7056/5/6 7057/5/6 7060/5/6
f 7060/5/6 7057/5/6 7061/5/6
f 7062/5/6 7063/5/6 7065/5/6
f 7065/5/6 7063/5/6 7066/5/6
f 7058/16/6 7059/16/6 7067/16/6
f 7067/16/6 7059/16/6 7068/16/6
f 7064/16/6 7065/16/6 7069/16/6
f 7069/16/6 7065/16/6 7070/16/6
f 7071/5/6 7072/5/6 7073/5/6
f 7073/5/6 7072/5/6 7074/5/6
f 7075/12/6 7076/12/6 7079/12/6
f 7079/12/6 7076/12/6 7080/12/6
f 7077/5/6 7078/5/6 7081/5/6
f 7081/5/6 7078/5/6 7082/5/6
f 7083/3/6 7084/3/6 7085/3/6
f 7085/3/6 7084/3/6 7086/3/6
f 7089/12/6 7090/12/6 7091/12/6
f 7091/12/6 7090/12/6 7092/12/6
f 7087/16/6 7088/16/6 7093/16/6
f 7093/16/6 7088/16/6 7094/16/6
f 7095/16/6 7096/16/6 7097/16/6
f 7097/16/6 7096/16/6 7098/16/6
f 7099/5/6 7100/5/6 7101/5/6
f 7101/5/6 7100/5/6 7102/5/6
f 7103/5/6 7104/5/6 7105/5/6
f 7105/5/6 7104/5/6 7106/5/6
f 7107/16/6 7108/16/6 7109/16/6
f 7109/16/6 7108/16/6 7110/16/6
f 7111/16/6 7112/16/6 7113/16/6
f 7113/16/6 7112/16/6 7114/16/6
f 7115/16/6 7116/16/6 7118/16/6
f 7118/16/6 7116/16/6 7119/16/6
f 7117/16/6 7118/16/6 7123/16/6
f 7123/16/6 7118/16/6 7124/16/6
f 7122/5/6 7123/5/6 7125/5/6
f 7125/5/6 7123/5/6 7126/5/6
f 7125/16/6 7126/16/6 7127/16/6
f 7127/16/6 7126/16/6 7128/16/6
f 7128/16/6 7129/16/6 7130/16/6
f 7130/16/6 7129/16/6 7131/16/6
f 7120/16/6 7121/16/6 7133/16/6
f 7133/16/6 7121/16/6 7134/16/6
f 7131/16/6 7132/16/6 7135/16/6
f 7135/16/6 7132/16/6 7136/16/6
f 7137/5/6 7138/5/6 7139/5/6
f 7139/5/6 7138/5/6 7140/5/6
f 7141/5/6 7142/5/6 7143/5/6
f 7143/5/6 7142/5/6 7144/5/6
f 7145/5/6 7146/5/6 7147/5/6
f 7147/5/6 7146/5/6 7148/5/6
f 7149/16/6 7150/16/6 7151/16/6
f 7151/16/6 7150/16/6 7152/16/6
f 7153/16/6 7154/16/6 7155/16/6
f 7155/16/6 7154/16/6 7156/16/6
f 7157/5/6 7158/5/6 7159/5/6
f 7159/5/6 7158/5/6 7160/5/6
f 7160/5/6 7161/5/6 7162/5/6
f 7162/5/6 7161/5/6 7163/5/6
f 7164/5/6 7165/5/6 7167/5/6
f 7167/5/6 7165/5/6 7168/5/6
f 7166/5/6 7167/5/6 7169/5/6
f 7169/5/6 7167/5/6 7170/5/6
f 7171/5/6 7172/5/6 7175/5/6
f 7172/15/6 7173/15/6 7176/15/6
f 7175/5/6 7172/5/6 7176/5/6
f 7173/5/6 7174/5/6 7177/5/6
f 7176/15/6 7173/15/6 7177/15/6
f 7177/5/6 7174/5/6 7178/5/6
f 7179/5/6 7180/5/6 7183/5/6
f 7180/15/6 7181/15/6 7184/15/6
f 7183/5/6 7180/5/6 7184/5/6
f 7181/5/6 7182/5/6 7185/5/6
f 7184/15/6 7181/15/6 7185/15/6
f 7185/5/6 7182/5/6 7186/5/6
f 7189/9/6 7190/9/6 7193/9/6
f 7193/9/6 7190/9/6 7194/9/6
f 7191/3/6 7192/3/6 7195/3/6
f 7195/3/6 7192/3/6 7196/3/6
f 7196/3/6 7197/3/6 7201/3/6
f 7201/3/6 7197/3/6 7202/3/6
f 7198/9/6 7199/9/6 7203/9/6
f 7203/9/6 7199/9/6 7204/9/6
f 7200/3/6 7201/3/6 7205/3/6
f 7205/3/6 7201/3/6 7206/3/6
f 7187/5/6 7188/5/6 7207/5/6
f 7207/5/6 7188/5/6 7208/5/6
f 7209/9/6 7210/9/6 7215/9/6
f 7210/2/6 7211/2/6 7216/2/6
f 7215/9/6 7210/9/6 7216/9/6
f 7216/2/6 7211/2/6 7217/2/6
f 7214/3/6 7215/3/6 7219/3/6
f 7217/3/6 7218/3/6 7219/3/6
f 7216/3/6 7217/3/6 7219/3/6
f 7215/3/6 7216/3/6 7219/3/6
f 7219/3/6 7218/3/6 7220/3/6
f 7220/3/6 7218/3/6 7221/3/6
f 7221/3/6 7218/3/6 7222/3/6
f 7222/3/6 7218/3/6 7223/3/6
f 7220/9/6 7221/9/6 7224/9/6
f 7221/2/6 7222/2/6 7225/2/6
f 7224/9/6 7221/9/6 7225/9/6
f 7225/2/6 7222/2/6 7226/2/6
f 7212/12/6 7213/12/6 7227/12/6
f 7227/12/6 7213/12/6 7228/12/6
f 7229/14/6 7230/14/6 7231/14/6
f 7231/14/6 7230/14/6 7232/14/6
f 7233/14/6 7234/14/6 7235/14/6
f 7235/14/6 7234/14/6 7236/14/6
f 7237/14/6 7238/14/6 7239/14/6
f 7239/14/6 7238/14/6 7240/14/6
f 7241/5/6 7242/5/6 7243/5/6
f 7243/5/6 7242/5/6 7244/5/6
f 7245/14/6 7246/14/6 7247/14/6
f 7247/14/6 7246/14/6 7248/14/6
f 7249/14/6 7250/14/6 7251/14/6
f 7251/14/6 7250/14/6 7252/14/6
f 7253/14/6 7254/14/6 7255/14/6
f 7255/14/6 7254/14/6 7256/14/6
f 7257/5/6 7258/5/6 7261/5/6
f 7258/15/6 7259/15/6 7262/15/6
f 7261/5/6 7258/5/6 7262/5/6
f 7259/5/6 7260/5/6 7263/5/6
f 7262/15/6 7259/15/6 7263/15/6
f 7263/5/6 7260/5/6 7264/5/6
f 7265/5/6 7266/5/6 7267/5/6
f 7267/5/6 7266/5/6 7268/5/6
f 7269/5/6 7270/5/6 7273/5/6
f 7270/15/6 7271/15/6 7274/15/6
f 7273/5/6 7270/5/6 7274/5/6
f 7271/5/6 7272/5/6 7275/5/6
f 7274/15/6 7271/15/6 7275/15/6
f 7275/5/6 7272/5/6 7276/5/6
f 7277/15/6 7278/15/6 7279/15/6
f 7279/15/6 7278/15/6 7280/15/6
f 7281/15/6 7282/15/6 7283/15/6
f 7283/15/6 7282/15/6 7284/15/6
f 7285/5/6 7286/5/6 7289/5/6
f 7286/15/6 7287/15/6 7290/15/6
f 7289/5/6 7286/5/6 7290/5/6
f 7287/5/6 7288/5/6 7291/5/6
f 7290/15/6 7287/15/6 7291/15/6
f 7291/5/6 7288/5/6 7292/5/6
f 7293/15/6 7294/15/6 7295/15/6
f 7295/15/6 7294/15/6 7296/15/6
f 7299/15/6 7300/15/6 7301/15/6
f 7301/15/6 7300/15/6 7302/15/6
f 7303/16/6 7304/16/6 7317/16/6
f 7304/5/6 7305/5/6 7318/5/6
f 7317/16/6 7304/16/6 7318/16/6
f 7318/5/6 7305/5/6 7319/5/6
f 7306/5/6 7307/5/6 7320/5/6
f 7307/16/6 7308/16/6 7321/16/6
f 7320/5/6 7307/5/6 7321/5/6
f 7308/5/6 7309/5/6 7322/5/6
f 7321/16/6 7308/16/6 7322/16/6
f 7309/16/6 7310/16/6 7323/16/6
f 7322/5/6 7309/5/6 7323/5/6
f 7310/5/6 7311/5/6 7324/5/6
f 7323/16/6 7310/16/6 7324/16/6
f 7311/16/6 7312/16/6 7325/16/6
f 7324/5/6 7311/5/6 7325/5/6
f 7312/5/6 7313/5/6 7326/5/6
f 7325/16/6 7312/16/6 7326/16/6
f 7313/5/6 7314/5/6 7326/5/6
f 7326/5/6 7314/5/6 7327/5/6
f 7314/16/6 7315/16/6 7328/16/6
f 7327/5/6 7314/5/6 7328/5/6
f 7315/5/6 7316/5/6 7329/5/6
f 7328/16/6 7315/16/6 7329/16/6
f 7329/5/6 7316/5/6 7330/5/6
f 7331/15/6 7332/15/6 7333/15/6
f 7333/15/6 7332/15/6 7334/15/6
f 7335/15/6 7336/15/6 7337/15/6
f 7337/15/6 7336/15/6 7338/15/6
f 7297/5/6 7298/5/6 7339/5/6
f 7339/5/6 7298/5/6 7340/5/6
f 7341/5/6 7342/5/6 7345/5/6
f 7342/15/6 7343/15/6 7346/15/6
f 7345/5/6 7342/5/6 7346/5/6
f 7343/5/6 7344/5/6 7347/5/6
f 7346/15/6 7343/15/6 7347/15/6
f 7347/5/6 7344/5/6 7348/5/6
f 7349/15/6 7350/15/6 7351/15/6
f 7351/15/6 7350/15/6 7352/15/6
f 7355/15/6 7356/15/6 7357/15/6
f 7357/15/6 7356/15/6 7358/15/6
f 7359/15/6 7360/15/6 7361/15/6
f 7361/15/6 7360/15/6 7362/15/6
f 7363/15/6 7364/15/6 7365/15/6
f 7365/15/6 7364/15/6 7366/15/6
f 7353/5/6 7354/5/6 7367/5/6
f 7367/5/6 7354/5/6 7368/5/6
f 7369/5/6 7370/5/6 7371/5/6
f 7371/5/6 7370/5/6 7372/5/6
f 7373/5/6 7374/5/6 7377/5/6
f 7374/15/6 7375/15/6 7378/15/6
f 7377/5/6 7374/5/6 7378/5/6
f 7375/5/6 7376/5/6 7379/5/6
f 7378/15/6 7375/15/6 7379/15/6
f 7379/5/6 7376/5/6 7380/5/6
f 7381/5/6 7382/5/6 7383/5/6
f 7383/5/6 7382/5/6 7384/5/6
f 7385/5/6 7386/5/6 7389/5/6
f 7386/15/6 7387/15/6 7390/15/6
f 7389/5/6 7386/5/6 7390/5/6
f 7387/5/6 7388/5/6 7391/5/6
f 7390/15/6 7387/15/6 7391/15/6
f 7391/5/6 7388/5/6 7392/5/6
f 7393/5/6 7394/5/6 7397/5/6
f 7394/15/6 7395/15/6 7398/15/6
f 7397/5/6 7394/5/6 7398/5/6
f 7395/5/6 7396/5/6 7399/5/6
f 7398/15/6 7395/15/6 7399/15/6
f 7399/5/6 7396/5/6 7400/5/6
f 7401/16/6 7402/16/6 7414/16/6
f 7402/5/6 7403/5/6 7415/5/6
f 7414/16/6 7402/16/6 7415/16/6
f 7403/16/6 7404/16/6 7416/16/6
f 7415/5/6 7403/5/6 7416/5/6
f 7416/16/6 7404/16/6 7417/16/6
f 7405/16/6 7406/16/6 7418/16/6
f 7406/5/6 7407/5/6 7419/5/6
f 7418/16/6 7406/16/6 7419/16/6
f 7407/16/6 7408/16/6 7420/16/6
f 7419/5/6 7407/5/6 7420/5/6
f 7420/16/6 7408/16/6 7421/16/6
f 7409/16/6 7410/16/6 7423/16/6
f 7410/5/6 7411/5/6 7424/5/6
f 7423/16/6 7410/16/6 7424/16/6
f 7411/16/6 7412/16/6 7425/16/6
f 7424/5/6 7411/5/6 7425/5/6
f 7425/16/6 7412/16/6 7426/16/6
f 7413/15/6 7414/15/6 7428/15/6
f 7428/15/6 7414/15/6 7429/15/6
f 7417/14/6 7418/14/6 7430/14/6
f 7430/14/6 7418/14/6 7431/14/6
f 7421/14/6 7422/14/6 7432/14/6
f 7422/15/6 7423/15/6 7433/15/6
f 7432/14/6 7422/14/6 7433/14/6
f 7433/15/6 7423/15/6 7434/15/6
f 7426/15/6 7427/15/6 7435/15/6
f 7435/15/6 7427/15/6 7436/15/6
f 7437/5/6 7438/5/6 7448/5/6
f 7448/5/6 7438/5/6 7449/5/6
f 7439/15/6 7440/15/6 7450/15/6
f 7450/15/6 7440/15/6 7451/15/6
f 7441/14/6 7442/14/6 7454/14/6
f 7454/14/6 7442/14/6 7455/14/6
f 7443/14/6 7444/14/6 7458/14/6
f 7444/15/6 7445/15/6 7459/15/6
f 7458/14/6 7444/14/6 7459/14/6
f 7459/15/6 7445/15/6 7460/15/6
f 7446/15/6 7447/15/6 7463/15/6
f 7463/15/6 7447/15/6 7464/15/6
f 7451/16/6 7452/16/6 7465/16/6
f 7452/5/6 7453/5/6 7466/5/6
f 7465/16/6 7452/16/6 7466/16/6
f 7453/16/6 7454/16/6 7467/16/6
f 7466/5/6 7453/5/6 7467/5/6
f 7467/16/6 7454/16/6 7468/16/6
f 7455/16/6 7456/16/6 7469/16/6
f 7456/5/6 7457/5/6 7470/5/6
f 7469/16/6 7456/16/6 7470/16/6
f 7457/16/6 7458/16/6 7471/16/6
f 7470/5/6 7457/5/6 7471/5/6
f 7471/16/6 7458/16/6 7472/16/6
f 7460/16/6 7461/16/6 7473/16/6
f 7461/5/6 7462/5/6 7474/5/6
f 7473/16/6 7461/16/6 7474/16/6
f 7462/16/6 7463/16/6 7475/16/6
f 7474/5/6 7462/5/6 7475/5/6
f 7475/16/6 7463/16/6 7476/16/6
f 7477/5/6 7478/5/6 7481/5/6
f 7478/15/6 7479/15/6 7482/15/6
f 7481/5/6 7478/5/6 7482/5/6
f 7479/5/6 7480/5/6 7483/5/6
f 7482/15/6 7479/15/6 7483/15/6
f 7483/5/6 7480/5/6 7484/5/6
f 7485/5/6 7486/5/6 7489/5/6
f 7486/15/6 7487/15/6 7490/15/6
f 7489/5/6 7486/5/6 7490/5/6
f 7487/5/6 7488/5/6 7491/5/6
f 7490/15/6 7487/15/6 7491/15/6
f 7491/5/6 7488/5/6 7492/5/6
f 7493/16/6 7494/16/6 7506/16/6
f 7494/5/6 7495/5/6 7507/5/6
f 7506/16/6 7494/16/6 7507/16/6
f 7495/16/6 7496/16/6 7508/16/6
f 7507/5/6 7495/5/6 7508/5/6
f 7508/16/6 7496/16/6 7509/16/6
f 7497/16/6 7498/16/6 7510/16/6
f 7498/5/6 7499/5/6 7511/5/6
f 7510/16/6 7498/16/6 7511/16/6
f 7499/16/6 7500/16/6 7512/16/6
f 7511/5/6 7499/5/6 7512/5/6
f 7512/16/6 7500/16/6 7513/16/6
f 7501/16/6 7502/16/6 7515/16/6
f 7502/5/6 7503/5/6 7516/5/6
f 7515/16/6 7502/16/6 7516/16/6
f 7503/16/6 7504/16/6 7517/16/6
f 7516/5/6 7503/5/6 7517/5/6
f 7517/16/6 7504/16/6 7518/16/6
f 7505/15/6 7506/15/6 7520/15/6
f 7520/15/6 7506/15/6 7521/15/6
f 7509/14/6 7510/14/6 7522/14/6
f 7522/14/6 7510/14/6 7523/14/6
f 7513/14/6 7514/14/6 7524/14/6
f 7514/15/6 7515/15/6 7525/15/6
f 7524/14/6 7514/14/6 7525/14/6
f 7525/15/6 7515/15/6 7526/15/6
f 7518/15/6 7519/15/6 7527/15/6
f 7527/15/6 7519/15/6 7528/15/6
f 7529/15/6 7530/15/6 7532/15/6
f 7532/15/6 7530/15/6 7533/15/6
f 7533/15/6 7530/15/6 7538/15/6
f 7530/5/6 7531/5/6 7539/5/6
f 7538/15/6 7530/15/6 7539/15/6
f 7534/15/6 7535/15/6 7540/15/6
f 7540/15/6 7535/15/6 7541/15/6
f 7536/17/6 7537/17/6 7542/17/6
f 7542/17/6 7537/17/6 7543/17/6
f 7539/5/6 7531/5/6 7545/5/6
f 7544/15/6 7545/15/6 7547/15/6
f 7548/15/6 7549/15/6 7557/15/6
f 7557/15/6 7549/15/6 7558/15/6
f 7550/14/6 7551/14/6 7561/14/6
f 7561/14/6 7551/14/6 7562/14/6
f 7552/14/6 7553/14/6 7565/14/6
f 7553/15/6 7554/15/6 7566/15/6
f 7565/14/6 7553/14/6 7566/14/6
f 7566/15/6 7554/15/6 7567/15/6
f 7555/15/6 7556/15/6 7570/15/6
f 7570/15/6 7556/15/6 7571/15/6
f 7546/15/6 7547/15/6 7572/15/6
f 7545/5/6 7531/5/6 7573/5/6
f 7572/15/6 7547/15/6 7573/15/6
f 7547/15/6 7545/15/6 7573/15/6
f 7573/5/6 7531/5/6 7574/5/6
f 7558/16/6 7559/16/6 7575/16/6
f 7559/5/6 7560/5/6 7576/5/6
f 7575/16/6 7559/16/6 7576/16/6
f 7560/16/6 7561/16/6 7577/16/6
f 7576/5/6 7560/5/6 7577/5/6
f 7577/16/6 7561/16/6 7578/16/6
f 7562/16/6 7563/16/6 7579/16/6
f 7563/5/6 7564/5/6 7580/5/6
f 7579/16/6 7563/16/6 7580/16/6
f 7564/16/6 7565/16/6 7581/16/6
f 7580/5/6 7564/5/6 7581/5/6
f 7581/16/6 7565/16/6 7582/16/6
f 7567/16/6 7568/16/6 7583/16/6
f 7568/5/6 7569/5/6 7584/5/6
f 7583/16/6 7568/16/6 7584/16/6
f 7569/16/6 7570/16/6 7585/16/6
f 7584/5/6 7569/5/6 7585/5/6
f 7585/16/6 7570/16/6 7586/16/6
f 7587/5/6 7588/5/6 7591/5/6
f 7588/15/6 7589/15/6 7592/15/6
f 7591/5/6 7588/5/6 7592/5/6
f 7589/5/6 7590/5/6 7593/5/6
f 7592/15/6 7589/15/6 7593/15/6
f 7593/5/6 7590/5/6 7594/5/6
f 7595/5/6 7596/5/6 7599/5/6
f 7596/15/6 7597/15/6 7600/15/6
f 7599/5/6 7596/5/6 7600/5/6
f 7597/5/6 7598/5/6 7601/5/6
f 7600/15/6 7597/15/6 7601/15/6
f 7601/5/6 7598/5/6 7602/5/6
f 7603/16/6 7604/16/6 7616/16/6
f 7604/5/6 7605/5/6 7617/5/6
f 7616/16/6 7604/16/6 7617/16/6
f 7605/16/6 7606/16/6 7618/16/6
f 7617/5/6 7605/5/6 7618/5/6
f 7618/16/6 7606/16/6 7619/16/6
f 7607/16/6 7608/16/6 7620/16/6
f 7608/5/6 7609/5/6 7621/5/6
f 7620/16/6 7608/16/6 7621/16/6
f 7609/16/6 7610/16/6 7622/16/6
f 7621/5/6 7609/5/6 7622/5/6
f 7622/16/6 7610/16/6 7623/16/6
f 7611/16/6 7612/16/6 7625/16/6
f 7612/5/6 7613/5/6 7626/5/6
f 7625/16/6 7612/16/6 7626/16/6
f 7613/16/6 7614/16/6 7627/16/6
f 7626/5/6 7613/5/6 7627/5/6
f 7627/16/6 7614/16/6 7628/16/6
f 7615/15/6 7616/15/6 7632/15/6
f 7632/15/6 7616/15/6 7633/15/6
f 7619/14/6 7620/14/6 7634/14/6
f 7634/14/6 7620/14/6 7635/14/6
f 7623/14/6 7624/14/6 7636/14/6
f 7624/15/6 7625/15/6 7637/15/6
f 7636/14/6 7624/14/6 7637/14/6
f 7637/15/6 7625/15/6 7638/15/6
f 7628/15/6 7629/15/6 7639/15/6
f 7639/15/6 7629/15/6 7640/15/6
f 7630/15/6 7631/15/6 7643/15/6
f 7643/15/6 7631/15/6 7644/15/6
f 7641/15/6 7642/15/6 7646/15/6
f 7646/15/6 7642/15/6 7647/15/6
f 7644/14/6 7645/14/6 7649/14/6
f 7649/14/6 7645/14/6 7650/14/6
f 7650/14/6 7645/14/6 7651/14/6
f 7653/15/6 7654/15/6 7655/15/6
f 7655/15/6 7654/15/6 7656/15/6
f 7648/17/6 7649/17/6 7657/17/6
f 7657/17/6 7649/17/6 7658/17/6
f 7651/14/6 7652/14/6 7659/14/6
f 7650/14/6 7651/14/6 7659/14/6
f 7659/14/6 7652/14/6 7660/14/6
f 7660/14/6 7652/14/6 7661/14/6
f 7658/14/6 7659/14/6 7672/14/6
f 7659/14/6 7660/14/6 7672/14/6
f 7672/14/6 7660/14/6 7673/14/6
f 7662/15/6 7663/15/6 7674/15/6
f 7674/15/6 7663/15/6 7675/15/6
f 7664/14/6 7665/14/6 7678/14/6
f 7678/14/6 7665/14/6 7679/14/6
f 7666/14/6 7667/14/6 7682/14/6
f 7667/15/6 7668/15/6 7683/15/6
f 7682/14/6 7667/14/6 7683/14/6
f 7683/15/6 7668/15/6 7684/15/6
f 7669/15/6 7670/15/6 7687/15/6
f 7687/15/6 7670/15/6 7688/15/6
f 7675/16/6 7676/16/6 7689/16/6
f 7676/5/6 7677/5/6 7690/5/6
f 7689/16/6 7676/16/6 7690/16/6
f 7677/16/6 7678/16/6 7691/16/6
f 7690/5/6 7677/5/6 7691/5/6
f 7691/16/6 7678/16/6 7692/16/6
f 7679/16/6 7680/16/6 7693/16/6
f 7680/5/6 7681/5/6 7694/5/6
f 7693/16/6 7680/16/6 7694/16/6
f 7681/16/6 7682/16/6 7695/16/6
f 7694/5/6 7681/5/6 7695/5/6
f 7695/16/6 7682/16/6 7696/16/6
f 7684/16/6 7685/16/6 7697/16/6
f 7685/5/6 7686/5/6 7698/5/6
f 7697/16/6 7685/16/6 7698/16/6
f 7686/16/6 7687/16/6 7699/16/6
f 7698/5/6 7686/5/6 7699/5/6
f 7699/16/6 7687/16/6 7700/16/6
f 7671/15/6 7672/15/6 7701/15/6
f 7701/15/6 7672/15/6 7702/15/6
f 7703/5/6 7704/5/6 7707/5/6
f 7704/15/6 7705/15/6 7708/15/6
f 7707/5/6 7704/5/6 7708/5/6
f 7705/5/6 7706/5/6 7709/5/6
f 7708/15/6 7705/15/6 7709/15/6
f 7709/5/6 7706/5/6 7710/5/6
f 7711/16/6 7712/16/6 7725/16/6
f 7712/5/6 7713/5/6 7726/5/6
f 7725/16/6 7712/16/6 7726/16/6
f 7713/16/6 7714/16/6 7727/16/6
f 7726/5/6 7713/5/6 7727/5/6
f 7727/16/6 7714/16/6 7728/16/6
f 7715/16/6 7716/16/6 7729/16/6
f 7716/5/6 7717/5/6 7730/5/6
f 7729/16/6 7716/16/6 7730/16/6
f 7717/16/6 7718/16/6 7731/16/6
f 7730/5/6 7717/5/6 7731/5/6
f 7731/16/6 7718/16/6 7732/16/6
f 7719/16/6 7720/16/6 7733/16/6
f 7720/5/6 7721/5/6 7734/5/6
f 7733/16/6 7720/16/6 7734/16/6
f 7721/16/6 7722/16/6 7735/16/6
f 7734/5/6 7721/5/6 7735/5/6
f 7735/16/6 7722/16/6 7736/16/6
f 7737/15/6 7738/15/6 7739/15/6
f 7739/15/6 7738/15/6 7740/15/6
f 7723/15/6 7724/15/6 7741/15/6
f 7741/15/6 7724/15/6 7742/15/6
f 7742/14/6 7743/14/6 7745/14/6
f 7745/14/6 7743/14/6 7746/14/6
f 7747/15/6 7748/15/6 7749/15/6
f 7749/15/6 7748/15/6 7750/15/6
f 7744/17/6 7745/17/6 7751/17/6
f 7751/17/6 7745/17/6 7752/17/6
f 7752/14/6 7753/14/6 7755/14/6
f 7755/14/6 7753/14/6 7756/14/6
f 7757/16/6 7758/16/6 7769/16/6
f 7758/5/6 7759/5/6 7770/5/6
f 7769/16/6 7758/16/6 7770/16/6
f 7759/16/6 7760/16/6 7771/16/6
f 7770/5/6 7759/5/6 7771/5/6
f 7771/16/6 7760/16/6 7772/16/6
f 7761/16/6 7762/16/6 7773/16/6
f 7762/5/6 7763/5/6 7774/5/6
f 7773/16/6 7762/16/6 7774/16/6
f 7763/16/6 7764/16/6 7775/16/6
f 7774/5/6 7763/5/6 7775/5/6
f 7775/16/6 7764/16/6 7776/16/6
f 7765/16/6 7766/16/6 7777/16/6
f 7766/5/6 7767/5/6 7778/5/6
f 7777/16/6 7766/16/6 7778/16/6
f 7767/16/6 7768/16/6 7779/16/6
f 7778/5/6 7767/5/6 7779/5/6
f 7779/16/6 7768/16/6 7780/16/6
f 7754/15/6 7755/15/6 7781/15/6
f 7781/15/6 7755/15/6 7782/15/6
f 7783/15/6 7784/15/6 7785/15/6
f 7785/15/6 7784/15/6 7786/15/6
f 7786/14/6 7787/14/6 7788/14/6
f 7788/14/6 7787/14/6 7789/14/6
f 7789/14/6 7787/14/6 7790/14/6
f 7791/14/6 7792/14/6 7795/14/6
f 7792/14/6 7793/14/6 7795/14/6
f 7795/14/6 7793/14/6 7796/14/6
f 7794/15/6 7795/15/6 7797/15/6
f 7797/15/6 7795/15/6 7798/15/6
f 7799/5/6 7800/5/6 7803/5/6
f 7800/15/6 7801/15/6 7804/15/6
f 7803/5/6 7800/5/6 7804/5/6
f 7801/5/6 7802/5/6 7805/5/6
f 7804/15/6 7801/15/6 7805/15/6
f 7805/5/6 7802/5/6 7806/5/6
f 7807/15/6 7808/15/6 7809/15/6
f 7809/14/6 7810/14/6 7811/14/6
f 7811/14/6 7810/14/6 7812/14/6
f 7812/14/6 7810/14/6 7813/14/6
f 7813/14/6 7810/14/6 7814/14/6
f 7809/14/6 7811/14/6 7815/14/6
f 7807/15/6 7809/15/6 7819/15/6
f 7817/14/6 7818/14/6 7819/14/6
f 7816/14/6 7817/14/6 7819/14/6
f 7815/14/6 7816/14/6 7819/14/6
f 7809/14/6 7815/14/6 7819/14/6
f 7819/14/6 7818/14/6 7820/14/6
f 7807/15/6 7819/15/6 7821/15/6
f 7821/15/6 7819/15/6 7822/15/6
f 7823/5/6 7824/5/6 7827/5/6
f 7824/15/6 7825/15/6 7828/15/6
f 7827/5/6 7824/5/6 7828/5/6
f 7825/5/6 7826/5/6 7829/5/6
f 7828/15/6 7825/15/6 7829/15/6
f 7829/5/6 7826/5/6 7830/5/6
f 7831/5/6 7832/5/6 7835/5/6
f 7832/15/6 7833/15/6 7836/15/6
f 7835/5/6 7832/5/6 7836/5/6
f 7833/5/6 7834/5/6 7837/5/6
f 7836/15/6 7833/15/6 7837/15/6
f 7837/5/6 7834/5/6 7838/5/6
f 7839/16/6 7840/16/6 7852/16/6
f 7840/5/6 7841/5/6 7853/5/6
f 7852/16/6 7840/16/6 7853/16/6
f 7841/16/6 7842/16/6 7854/16/6
f 7853/5/6 7841/5/6 7854/5/6
f 7854/16/6 7842/16/6 7855/16/6
f 7843/16/6 7844/16/6 7856/16/6
f 7844/5/6 7845/5/6 7857/5/6
f 7856/16/6 7844/16/6 7857/16/6
f 7845/16/6 7846/16/6 7858/16/6
f 7857/5/6 7845/5/6 7858/5/6
f 7858/16/6 7846/16/6 7859/16/6
f 7847/16/6 7848/16/6 7861/16/6
f 7848/5/6 7849/5/6 7862/5/6
f 7861/16/6 7848/16/6 7862/16/6
f 7849/16/6 7850/16/6 7863/16/6
f 7862/5/6 7849/5/6 7863/5/6
f 7863/16/6 7850/16/6 7864/16/6
f 7851/15/6 7852/15/6 7866/15/6
f 7866/15/6 7852/15/6 7867/15/6
f 7855/14/6 7856/14/6 7868/14/6
f 7868/14/6 7856/14/6 7869/14/6
f 7859/14/6 7860/14/6 7870/14/6
f 7860/15/6 7861/15/6 7871/15/6
f 7870/14/6 7860/14/6 7871/14/6
f 7871/15/6 7861/15/6 7872/15/6
f 7864/15/6 7865/15/6 7873/15/6
f 7873/15/6 7865/15/6 7874/15/6
f 7875/12/6 7876/12/6 7886/12/6
f 7886/12/6 7876/12/6 7887/12/6
f 7877/15/6 7878/15/6 7888/15/6
f 7888/15/6 7878/15/6 7889/15/6
f 7879/14/6 7880/14/6 7892/14/6
f 7892/14/6 7880/14/6 7893/14/6
f 7881/14/6 7882/14/6 7896/14/6
f 7882/15/6 7883/15/6 7897/15/6
f 7896/14/6 7882/14/6 7897/14/6
f 7897/15/6 7883/15/6 7898/15/6
f 7884/15/6 7885/15/6 7901/15/6
f 7901/15/6 7885/15/6 7902/15/6
f 7889/16/6 7890/16/6 7903/16/6
f 7890/5/6 7891/5/6 7904/5/6
f 7903/16/6 7890/16/6 7904/16/6
f 7891/16/6 7892/16/6 7905/16/6
f 7904/5/6 7891/5/6 7905/5/6
f 7905/16/6 7892/16/6 7906/16/6
f 7893/16/6 7894/16/6 7907/16/6
f 7894/5/6 7895/5/6 7908/5/6
f 7907/16/6 7894/16/6 7908/16/6
f 7895/16/6 7896/16/6 7909/16/6
f 7908/5/6 7895/5/6 7909/5/6
f 7909/16/6 7896/16/6 7910/16/6
f 7898/16/6 7899/16/6 7911/16/6
f 7899/5/6 7900/5/6 7912/5/6
f 7911/16/6 7899/16/6 7912/16/6
f 7900/16/6 7901/16/6 7913/16/6
f 7912/5/6 7900/5/6 7913/5/6
f 7913/16/6 7901/16/6 7914/16/6
f 7915/5/6 7916/5/6 7919/5/6
f 7916/15/6 7917/15/6 7920/15/6
f 7919/5/6 7916/5/6 7920/5/6
f 7917/5/6 7918/5/6 7921/5/6
f 7920/15/6 7917/15/6 7921/15/6
f 7921/5/6 7918/5/6 7922/5/6
f 7923/5/6 7924/5/6 7927/5/6
f 7924/15/6 7925/15/6 7928/15/6
f 7927/5/6 7924/5/6 7928/5/6
f 7925/5/6 7926/5/6 7929/5/6
f 7928/15/6 7925/15/6 7929/15/6
f 7929/5/6 7926/5/6 7930/5/6
f 7931/15/6 7932/15/6 7934/15/6
f 7932/14/6 7933/14/6 7935/14/6
f 7934/15/6 7932/15/6 7935/15/6
f 7935/14/6 7933/14/6 7936/14/6
f 7936/14/6 7933/14/6 7937/14/6
f 7938/16/6 7939/16/6 7951/16/6
f 7939/5/6 7940/5/6 7952/5/6
f 7951/16/6 7939/16/6 7952/16/6
f 7940/16/6 7941/16/6 7953/16/6
f 7952/5/6 7940/5/6 7953/5/6
f 7953/16/6 7941/16/6 7954/16/6
f 7942/16/6 7943/16/6 7955/16/6
f 7943/5/6 7944/5/6 7956/5/6
f 7955/16/6 7943/16/6 7956/16/6
f 7944/16/6 7945/16/6 7957/16/6
f 7956/5/6 7944/5/6 7957/5/6
f 7957/16/6 7945/16/6 7958/16/6
f 7946/16/6 7947/16/6 7960/16/6
f 7947/5/6 7948/5/6 7961/5/6
f 7960/16/6 7947/16/6 7961/16/6
f 7948/16/6 7949/16/6 7962/16/6
f 7961/5/6 7948/5/6 7962/5/6
f 7962/16/6 7949/16/6 7963/16/6
f 7950/15/6 7951/15/6 7965/15/6
f 7965/15/6 7951/15/6 7966/15/6
f 7954/14/6 7955/14/6 7967/14/6
f 7967/14/6 7955/14/6 7968/14/6
f 7958/14/6 7959/14/6 7969/14/6
f 7959/15/6 7960/15/6 7970/15/6
f 7969/14/6 7959/14/6 7970/14/6
f 7970/15/6 7960/15/6 7971/15/6
f 7963/15/6 7964/15/6 7972/15/6
f 7972/15/6 7964/15/6 7973/15/6
f 7976/15/6 7977/15/6 7985/15/6
f 7985/15/6 7977/15/6 7986/15/6
f 7978/14/6 7979/14/6 7989/14/6
f 7989/14/6 7979/14/6 7990/14/6
f 7980/14/6 7981/14/6 7993/14/6
f 7981/15/6 7982/15/6 7994/15/6
f 7993/14/6 7981/14/6 7994/14/6
f 7994/15/6 7982/15/6 7995/15/6
f 7983/15/6 7984/15/6 7998/15/6
f 7998/15/6 7984/15/6 7999/15/6
f 7974/3/6 7975/3/6 8000/3/6
f 8000/3/6 7975/3/6 8001/3/6
f 7986/16/6 7987/16/6 8002/16/6
f 7987/5/6 7988/5/6 8003/5/6
f 8002/16/6 7987/16/6 8003/16/6
f 7988/16/6 7989/16/6 8004/16/6
f 8003/5/6 7988/5/6 8004/5/6
f 8004/16/6 7989/16/6 8005/16/6
f 7990/16/6 7991/16/6 8006/16/6
f 7991/5/6 7992/5/6 8007/5/6
f 8006/16/6 7991/16/6 8007/16/6
f 7992/16/6 7993/16/6 8008/16/6
f 8007/5/6 7992/5/6 8008/5/6
f 8008/16/6 7993/16/6 8009/16/6
f 7995/16/6 7996/16/6 8010/16/6
f 7996/5/6 7997/5/6 8011/5/6
f 8010/16/6 7996/16/6 8011/16/6
f 7997/16/6 7998/16/6 8012/16/6
f 8011/5/6 7997/5/6 8012/5/6
f 8012/16/6 7998/16/6 8013/16/6
f 8014/15/6 8015/15/6 8020/15/6
f 8015/14/6 8016/14/6 8021/14/6
f 8020/15/6 8015/15/6 8021/15/6
f 8016/15/6 8017/15/6 8022/15/6
f 8021/14/6 8016/14/6 8022/14/6
f 8018/14/6 8019/14/6 8023/14/6
f 8022/15/6 8017/15/6 8023/15/6
f 8017/14/6 8018/14/6 8023/14/6
f 8023/14/6 8019/14/6 8024/14/6
f 8025/5/6 8026/5/6 8029/5/6
f 8026/15/6 8027/15/6 8030/15/6
f 8029/5/6 8026/5/6 8030/5/6
f 8027/5/6 8028/5/6 8031/5/6
f 8030/15/6 8027/15/6 8031/15/6
f 8031/5/6 8028/5/6 8032/5/6
f 8033/5/6 8034/5/6 8037/5/6
f 8034/15/6 8035/15/6 8038/15/6
f 8037/5/6 8034/5/6 8038/5/6
f 8035/5/6 8036/5/6 8039/5/6
f 8038/15/6 8035/15/6 8039/15/6
f 8039/5/6 8036/5/6 8040/5/6
f 8041/15/6 8042/15/6 8044/15/6
f 8042/14/6 8043/14/6 8045/14/6
f 8044/15/6 8042/15/6 8045/15/6
f 8045/14/6 8043/14/6 8046/14/6
f 8047/16/6 8048/16/6 8060/16/6
f 8048/5/6 8049/5/6 8061/5/6
f 8060/16/6 8048/16/6 8061/16/6
f 8049/16/6 8050/16/6 8062/16/6
f 8061/5/6 8049/5/6 8062/5/6
f 8062/16/6 8050/16/6 8063/16/6
f 8051/16/6 8052/16/6 8064/16/6
f 8052/5/6 8053/5/6 8065/5/6
f 8064/16/6 8052/16/6 8065/16/6
f 8053/16/6 8054/16/6 8066/16/6
f 8065/5/6 8053/5/6 8066/5/6
f 8066/16/6 8054/16/6 8067/16/6
f 8055/16/6 8056/16/6 8069/16/6
f 8056/5/6 8057/5/6 8070/5/6
f 8069/16/6 8056/16/6 8070/16/6
f 8057/16/6 8058/16/6 8071/16/6
f 8070/5/6 8057/5/6 8071/5/6
f 8071/16/6 8058/16/6 8072/16/6
f 8059/15/6 8060/15/6 8076/15/6
f 8076/15/6 8060/15/6 8077/15/6
f 8063/14/6 8064/14/6 8080/14/6
f 8080/14/6 8064/14/6 8081/14/6
f 8067/14/6 8068/14/6 8084/14/6
f 8068/15/6 8069/15/6 8085/15/6
f 8084/14/6 8068/14/6 8085/14/6
f 8085/15/6 8069/15/6 8086/15/6
f 8072/15/6 8073/15/6 8089/15/6
f 8089/15/6 8073/15/6 8090/15/6
f 8077/16/6 8078/16/6 8091/16/6
f 8078/5/6 8079/5/6 8092/5/6
f 8091/16/6 8078/16/6 8092/16/6
f 8079/16/6 8080/16/6 8093/16/6
f 8092/5/6 8079/5/6 8093/5/6
f 8093/16/6 8080/16/6 8094/16/6
f 8081/16/6 8082/16/6 8095/16/6
f 8082/5/6 8083/5/6 8096/5/6
f 8095/16/6 8082/16/6 8096/16/6
f 8083/16/6 8084/16/6 8097/16/6
f 8096/5/6 8083/5/6 8097/5/6
f 8097/16/6 8084/16/6 8098/16/6
f 8086/16/6 8087/16/6 8099/16/6
f 8087/5/6 8088/5/6 8100/5/6
f 8099/16/6 8087/16/6 8100/16/6
f 8088/16/6 8089/16/6 8101/16/6
f 8100/5/6 8088/5/6 8101/5/6
f 8101/16/6 8089/16/6 8102/16/6
f 8074/3/6 8075/3/6 8103/3/6
f 8103/3/6 8075/3/6 8104/3/6
f 8105/15/6 8106/15/6 8108/15/6
f 8106/14/6 8107/14/6 8109/14/6
f 8108/15/6 8106/15/6 8109/15/6
f 8109/14/6 8107/14/6 8110/14/6
f 8111/5/6 8112/5/6 8115/5/6
f 8112/15/6 8113/15/6 8116/15/6
f 8115/5/6 8112/5/6 8116/5/6
f 8113/5/6 8114/5/6 8117/5/6
f 8116/15/6 8113/15/6 8117/15/6
f 8117/5/6 8114/5/6 8118/5/6
f 8119/5/6 8120/5/6 8123/5/6
f 8120/15/6 8121/15/6 8124/15/6
f 8123/5/6 8120/5/6 8124/5/6
f 8121/5/6 8122/5/6 8125/5/6
f 8124/15/6 8121/15/6 8125/15/6
f 8125/5/6 8122/5/6 8126/5/6
f 8130/16/6 8131/16/6 8144/16/6
f 8131/5/6 8132/5/6 8145/5/6
f 8144/16/6 8131/16/6 8145/16/6
f 8132/16/6 8133/16/6 8146/16/6
f 8145/5/6 8132/5/6 8146/5/6
f 8146/16/6 8133/16/6 8147/16/6
f 8134/16/6 8135/16/6 8148/16/6
f 8135/5/6 8136/5/6 8149/5/6
f 8148/16/6 8135/16/6 8149/16/6
f 8136/16/6 8137/16/6 8150/16/6
f 8149/5/6 8136/5/6 8150/5/6
f 8150/16/6 8137/16/6 8151/16/6
f 8138/16/6 8139/16/6 8152/16/6
f 8139/5/6 8140/5/6 8153/5/6
f 8152/16/6 8139/16/6 8153/16/6
f 8140/16/6 8141/16/6 8154/16/6
f 8153/5/6 8140/5/6 8154/5/6
f 8154/16/6 8141/16/6 8155/16/6
f 8142/11/6 8143/11/6 8156/11/6
f 8156/11/6 8143/11/6 8157/11/6
f 8127/15/6 8128/15/6 8158/15/6
f 8128/14/6 8129/14/6 8159/14/6
f 8158/15/6 8128/15/6 8159/15/6
f 8159/14/6 8129/14/6 8160/14/6
f 8161/5/6 8162/5/6 8165/5/6
f 8162/15/6 8163/15/6 8166/15/6
f 8165/5/6 8162/5/6 8166/5/6
f 8163/5/6 8164/5/6 8167/5/6
f 8166/15/6 8163/15/6 8167/15/6
f 8167/5/6 8164/5/6 8168/5/6
f 8169/5/6 8170/5/6 8173/5/6
f 8170/15/6 8171/15/6 8174/15/6
f 8173/5/6 8170/5/6 8174/5/6
f 8171/5/6 8172/5/6 8175/5/6
f 8174/15/6 8171/15/6 8175/15/6
f 8175/5/6 8172/5/6 8176/5/6
f 8177/3/6 8178/3/6 8179/3/6
f 8179/3/6 8178/3/6 8180/3/6
f 8181/5/6 8182/5/6 8185/5/6
f 8182/15/6 8183/15/6 8186/15/6
f 8185/5/6 8182/5/6 8186/5/6
f 8183/5/6 8184/5/6 8187/5/6
f 8186/15/6 8183/15/6 8187/15/6
f 8187/5/6 8184/5/6 8188/5/6
f 8189/5/6 8190/5/6 8193/5/6
f 8190/15/6 8191/15/6 8194/15/6
f 8193/5/6 8190/5/6 8194/5/6
f 8191/5/6 8192/5/6 8195/5/6
f 8194/15/6 8191/15/6 8195/15/6
f 8195/5/6 8192/5/6 8196/5/6
f 8197/11/6 8198/11/6 8200/11/6
f 8198/10/6 8199/10/6 8201/10/6
f 8200/11/6 8198/11/6 8201/11/6
f 8197/11/6 8200/11/6 8202/11/6
f 8200/10/6 8201/10/6 8203/10/6
f 8202/11/6 8200/11/6 8203/11/6
f 8201/10/6 8199/10/6 8204/10/6
f 8203/10/6 8201/10/6 8204/10/6
f 8205/5/6 8206/5/6 8209/5/6
f 8206/15/6 8207/15/6 8210/15/6
f 8209/5/6 8206/5/6 8210/5/6
f 8207/5/6 8208/5/6 8211/5/6
f 8210/15/6 8207/15/6 8211/15/6
f 8211/5/6 8208/5/6 8212/5/6
f 8213/5/6 8214/5/6 8217/5/6
f 8214/15/6 8215/15/6 8218/15/6
f 8217/5/6 8214/5/6 8218/5/6
f 8215/5/6 8216/5/6 8219/5/6
f 8218/15/6 8215/15/6 8219/15/6
f 8219/5/6 8216/5/6 8220/5/6
f 8221/5/6 8222/5/6 8225/5/6
f 8222/15/6 8223/15/6 8226/15/6
f 8225/5/6 8222/5/6 8226/5/6
f 8223/5/6 8224/5/6 8227/5/6
f 8226/15/6 8223/15/6 8227/15/6
f 8227/5/6 8224/5/6 8228/5/6
f 8229/5/6 8230/5/6 8233/5/6
f 8230/15/6 8231/15/6 8234/15/6
f 8233/5/6 8230/5/6 8234/5/6
f 8231/5/6 8232/5/6 8235/5/6
f 8234/15/6 8231/15/6 8235/15/6
f 8235/5/6 8232/5/6 8236/5/6
